raw_word;naive_trans;spec_trans;
brass;брасс;брасс;
complex;cомплех;комплекс;
demix;демих;демикс;
tennis;теннис;теннис;
tennis;теннис;теннис;
form;форм;форм;
training;траининг;траининг;
tennis;теннис;теннис;
last;ласт;ласт;
mask;маск;маск;
brake;браке;брейк;
termit;термит;термит;
penny;пенни;пенни;
press;пресс;пресс;
tent;тент;тент;
disk;диск;диск;
bax;бах;бакс;
sport;спорт;спорт;
salomon;саломон;сейломон;
torneo;торнео;торни;
cobra;cобра;кобра;
demix;демих;демикс;
sandal;сандал;сандол;
basketball;баскетбалл;баскетбол;
futsal;футсал;фатсол;
remain;ремаин;ремаин;
stepper;степпер;степпер;
cardio;cардио;кардио;
snowboard;сновбоард;сноуборд;
sambo;самбо;самбо;
golf;голф;голф;
krok;крок;крок;
basketball;баскетбалл;баскетбол;
grid;грид;грид;
strk;стрк;стрк;
balance;баланcе;баланс;
remain;ремаин;ремаин;
pilates;пилатес;пилейтес;
tennis;теннис;теннис;
stern;стерн;стерн;
trekker;треккер;треккер;
surfing;сурфинг;сарфинг;
satila;сатила;сатила;
molten;молтен;молтен;
mercurial;мерcуриал;меркьюриол;
board;боард;борд;
protein;протеин;протеин;
sport;спорт;спорт;
sport;спорт;спорт;
spine;спине;спин;
balance;баланcе;баланс;
cruiser;cруисер;круизер;
vans;ванс;ванс;
karmen;кармен;кармен;
volk;волк;волк;
tiempo;тиемпо;тимпо;
salomon;саломон;сейломон;
graf;граф;граф;
trekking;треккинг;треккинг;
parka;парка;парка;
graf;граф;граф;
smart;смарт;смарт;
everlast;эверласт;эверласт;
spine;спине;спин;
mirella;мирелла;мирелла;
anorak;анорак;анорак;
futsal;футсал;фатсол;
board;боард;борд;
sandal;сандал;сандол;
compression;cомпрессион;компрешн;
demix;демих;демикс;
crete;cрете;крет;
niki;ники;ники;
reakt;реакт;реакт;
cruiser;cруисер;круизер;
basket;баскет;баскет;
pilates;пилатес;пилейтес;
pink;пинк;пинк;
salomon;саломон;сейломон;
demix;демих;демикс;
dynamo;динамо;динеймо;
platform;платформ;платформ;
board;боард;борд;
support;суппорт;саппорт;
compression;cомпрессион;компрешн;
zenit;зенит;зенит;
spartak;спартак;спартак;
outventure;оутвентуре;аутвенчур;
boxer;бохер;боксер;
trekking;треккинг;треккинг;
parka;парка;парка;
board;боард;борд;
crossfit;cроссфит;кроссфит;
stern;стерн;стерн;
dynamic;динамиc;динеймик;
bandana;бандана;бандейна;
stells;стеллс;стеллс;
neymar;неимар;неимар;
kettler;кеттлер;кеттлер;
babolat;баболат;бейболат;
giant;гиант;джиант;
crossfit;cроссфит;кроссфит;
disk;диск;диск;
arena;арена;арена;
stern;стерн;стерн;
roller;роллер;роллер;
longboard;лонгбоард;лонгборд;
prem;прем;прем;
form;форм;форм;
mizuno;мизуно;мизуно;
tourist;тоурист;турист;
stells;стеллс;стеллс;
focus;фоcус;фокас;
tourist;тоурист;турист;
demix;демих;демикс;
glissade;глиссаде;глиссаде;
atemi;атеми;атеми;
boxing;бохинг;боксинг;
nika;ника;ника;
parka;парка;парка;
volk;волк;волк;
stepper;степпер;степпер;
softshell;софтшелл;софтшелл;
manchester;манчестер;манчестер;
service;сервиcе;сервис;
vapor;вапор;вейпор;
longboard;лонгбоард;лонгборд;
axis;ахис;аксис;
dynamic;динамиc;динеймик;
banana;банана;банана;
anorak;анорак;анорак;
support;суппорт;саппорт;
atlant;атлант;атлант;
trekker;треккер;треккер;
robot;робот;робот;
player;плаиер;плейер;
demix;демих;демикс;
roller;роллер;роллер;
stern;стерн;стерн;
stark;старк;старк;
uv;ув;юв;
bauer;бауер;бауер;
longboard;лонгбоард;лонгборд;
lider;лидер;лидер;
sport;спорт;спорт;
alaska;аласка;аласка;
boxer;бохер;боксер;
tiempo;тиемпо;тимпо;
everlast;эверласт;эверласт;
crossfit;cроссфит;кроссфит;
protest;протест;протест;
metropolis;метрополис;метрополис;
zebra;зебра;зебра;
roller;роллер;роллер;
kettler;кеттлер;кеттлер;
antifog;антифог;антифог;
capri;cапри;капри;
mini;мини;мини;
volk;волк;волк;
sinai;синаи;синаи;
dusters;дустерс;дастерс;
anorak;анорак;анорак;
bomber;бомбер;бомбер;
shimano;шимано;шимейно;
platform;платформ;платформ;
zenit;зенит;зенит;
tent;тент;тент;
micro;миcро;микро;
torneo;торнео;торни;
cortez;cортез;кортез;
anorak;анорак;анорак;
bravo;браво;брейво;
drift;дрифт;дрифт;
spinner;спиннер;спиннер;
demi;деми;деми;
glissade;глиссаде;глиссаде;
kyra;кира;кира;
profile;профиле;профил;
anorak;анорак;анорак;
stress;стресс;стресс;
support;суппорт;саппорт;
street;стреет;стрит;
laguna;лагуна;лагуна;
penny;пенни;пенни;
babolat;баболат;бейболат;
stern;стерн;стерн;
boxer;бохер;боксер;
stiga;стига;стига;
tires;тирес;терес;
tires;тирес;терес;
board;боард;борд;
motor;мотор;мотор;
sport;спорт;спорт;
sibir;сибир;сибер;
stells;стеллс;стеллс;
stark;старк;старк;
crazy;cрази;крейзи;
first;фирст;фиршт;
trekking;треккинг;треккинг;
tiempo;тиемпо;тимпо;
trekker;треккер;треккер;
original;оригинал;ориджинол;
marvel;марвел;марвел;
parka;парка;парка;
torneo;торнео;торни;
predator;предатор;предейтор;
roces;роcес;росес;
sable;сабле;сабл;
cargo;cарго;карго;
mizuno;мизуно;мизуно;
demix;демих;демикс;
bauer;бауер;бауер;
demix;демих;демикс;
vento;венто;венто;
polyester;полиестер;полестер;
pilates;пилатес;пилейтес;
torneo;торнео;торни;
pilates;пилатес;пилейтес;
finger;фингер;финджер;
penny;пенни;пенни;
motion;мотион;мошен;
scale;сcале;скейл;
penny;пенни;пенни;
trekking;треккинг;треккинг;
muscle;мусcле;маскл;
polo;поло;поло;
boxer;бохер;боксер;
stells;стеллс;стеллс;
extreme;эхтреме;экстрем;
box;бох;бокс;
bosu;босу;босу;
denim;деним;деним;
ascona;асcона;аскона;
monodome;монодоме;монодоме;
chelsea;челсеа;челси;
aerofit;аерофит;аерофит;
nylon;нилон;нилон;
magista;магиста;маджиста;
sport;спорт;спорт;
donic;дониc;доник;
coleman;cолеман;колеман;
surfing;сурфинг;сарфинг;
compress;cомпресс;компресс;
support;суппорт;саппорт;
board;боард;борд;
mirella;мирелла;мирелла;
volk;волк;волк;
retro;ретро;ретро;
oxelo;охело;оксело;
mikasa;микаса;микаса;
penny;пенни;пенни;
polyester;полиестер;полестер;
outventure;оутвентуре;аутвенчур;
amaster;амастер;амастер;
box;бох;бокс;
zenit;зенит;зенит;
dakine;дакине;дакине;
torneo;торнео;торни;
twister;твистер;твистер;
basketball;баскетбалл;баскетбол;
abudo;абудо;абьюдо;
trainer;траинер;траинер;
nike;нике;нике;
massage;массаге;массадже;
denix;дених;деникс;
visor;висор;визор;
mike;мике;мике;
bax;бах;бакс;
salomon;саломон;сейломон;
presta;преста;преста;
kettler;кеттлер;кеттлер;
mirella;мирелла;мирелла;
metallic;металлиc;метолик;
legend;легенд;ледженд;
mystic;мистиc;мистик;
legend;легенд;ледженд;
inita;инита;инита;
demix;демих;демикс;
babolat;баболат;бейболат;
strk;стрк;стрк;
sport;спорт;спорт;
kinvara;кинвара;кинвейра;
penny;пенни;пенни;
craft;cрафт;крафт;
cruiser;cруисер;круизер;
atomic;атомиc;атомик;
multi;мулти;малти;
smarta;смарта;смарта;
torneo;торнео;торни;
bomber;бомбер;бомбер;
mizuno;мизуно;мизуно;
goretex;горетех;горетекс;
stells;стеллс;стеллс;
glissade;глиссаде;глиссаде;
pilates;пилатес;пилейтес;
skate;скате;скейт;
montana;монтана;монтейна;
tritan;тритан;тритан;
grizzly;гриззли;гриззли;
naked;накед;нейкед;
brake;браке;брейк;
hike;хике;хике;
spinner;спиннер;спиннер;
polyester;полиестер;полестер;
softshell;софтшелл;софтшелл;
siren;сирен;серен;
uvex;увех;ювекс;
trail;траил;траил;
format;формат;формат;
adventure;адвентуре;адвенчур;
deimos;деимос;деимос;
hypervenom;хипервеном;хипервеном;
volk;волк;волк;
oregon;орегон;орегон;
batman;батман;батман;
festa;феста;феста;
pull;пулл;палл;
training;траининг;траининг;
cortez;cортез;кортез;
alpinisme;алпинисме;алпинисм;
outventure;оутвентуре;аутвенчур;
hypervenom;хипервеном;хипервеном;
roxy;рохи;рокси;
start;старт;старт;
satila;сатила;сатила;
union;унион;юнион;
kettler;кеттлер;кеттлер;
graf;граф;граф;
progressor;прогрессор;прогрессор;
stark;старк;старк;
outventure;оутвентуре;аутвенчур;
dalen;дален;дейлен;
tiempo;тиемпо;тимпо;
spartak;спартак;спартак;
rocker;рокер;рокер;
canvas;cанвас;канвас;
pilates;пилатес;пилейтес;
volk;волк;волк;
raptor;раптор;раптор;
satila;сатила;сатила;
carrera;cаррера;каррера;
volk;волк;волк;
pilates;пилатес;пилейтес;
tornado;торнадо;торнейдо;
indigo;индиго;индиго;
torneo;торнео;торни;
lens;ленс;ленс;
larsen;ларсен;ларсен;
alta;алта;алта;
platform;платформ;платформ;
polypropylene;полипропилене;полипропилен;
babolat;баболат;бейболат;
uvex;увех;ювекс;
demix;демих;демикс;
boxer;бохер;боксер;
penny;пенни;пенни;
mercurial;мерcуриал;меркьюриол;
toronto;торонто;торонто;
compression;cомпрессион;компрешн;
stretch;стретч;стретч;
neymar;неимар;неимар;
umbria;умбриа;юмбриа;
ltr;лтр;лтр;
alpina;алпина;алпина;
pilates;пилатес;пилейтес;
outventure;оутвентуре;аутвенчур;
titanium;титаниум;титейниум;
romana;романа;романа;
mikasa;микаса;микаса;
pilates;пилатес;пилейтес;
boston;бостон;бостон;
spalding;спалдинг;сполдинг;
penny;пенни;пенни;
nevada;невада;невада;
back;бак;бак;
merino;мерино;мерино;
penny;пенни;пенни;
demix;демих;демикс;
arctic;арcтиc;арктик;
marlin;марлин;марлин;
lens;ленс;ленс;
patrol;патрол;патрол;
rukka;рукка;ракка;
sprint;спринт;спринт;
apollo;аполло;аполло;
longboard;лонгбоард;лонгборд;
compact;cомпаcт;компакт;
atletico;атлетиcо;атлетико;
mercurial;мерcуриал;меркьюриол;
torneo;торнео;торни;
glissade;глиссаде;глиссаде;
penny;пенни;пенни;
bmx;бмх;бмкс;
kipsta;кипста;кипшта;
dender;дендер;дендер;
stark;старк;старк;
basketball;баскетбалл;баскетбол;
marker;маркер;маркер;
parka;парка;парка;
craft;cрафт;крафт;
merc;мерc;мерк;
penny;пенни;пенни;
fiber;фибер;фибер;
trekker;треккер;треккер;
outventure;оутвентуре;аутвенчур;
shark;шарк;шарк;
penny;пенни;пенни;
festa;феста;феста;
clinch;cлинч;клинч;
downshifter;довншифтер;дауншифтер;
federer;федерер;федерер;
polo;поло;поло;
molten;молтен;молтен;
alex;алех;алекс;
trx;трх;тркс;
nos;нос;нос;
int;инт;инт;
miler;милер;милер;
box;бох;бокс;
zone;зоне;зоне;
neymar;неимар;неимар;
alpinistik;алпинистик;алпинистик;
dynamo;динамо;динеймо;
pilates;пилатес;пилейтес;
board;боард;борд;
superman;суперман;суперман;
futsal;футсал;фатсол;
market;маркет;маркет;
atlet;атлет;атлет;
sketch;скетч;скетч;
tiguan;тигуан;тигуан;
stern;стерн;стерн;
military;милитари;милитейри;
niki;ники;ники;
astro;астро;астро;
sprinter;спринтер;спринтер;
bomber;бомбер;бомбер;
board;боард;борд;
bmx;бмх;бмкс;
mercurial;мерcуриал;меркьюриол;
pilates;пилатес;пилейтес;
compression;cомпрессион;компрешн;
everlast;эверласт;эверласт;
stern;стерн;стерн;
domyos;домиос;домиос;
crete;cрете;крет;
kettler;кеттлер;кеттлер;
neck;нек;нек;
rapid;рапид;рейпид;
demix;демих;демикс;
ski;ски;ски;
rossignol;россигнол;россигнол;
mikasa;микаса;микаса;
sports;спортс;спортс;
ferrari;феррари;феррари;
solaris;соларис;солейрис;
totem;тотем;тотем;
torneo;торнео;торни;
outventure;оутвентуре;аутвенчур;
mikasa;микаса;микаса;
travel;травел;трейвел;
rossignol;россигнол;россигнол;
evospeed;эвоспеед;эвоспид;
miler;милер;милер;
mx;мх;мкс;
bmx;бмх;бмкс;
stern;стерн;стерн;
stells;стеллс;стеллс;
miler;милер;милер;
stark;старк;старк;
demix;демих;демикс;
compress;cомпресс;компресс;
shimano;шимано;шимейно;
promax;промах;промакс;
newton;невтон;ньютон;
bmx;бмх;бмкс;
parka;парка;парка;
presta;преста;преста;
tatonka;татонка;тейтонка;
marvel;марвел;марвел;
chicago;чиcаго;чикаго;
tires;тирес;терес;
action;аcтион;акшен;
sidas;сидас;сидас;
panda;панда;панда;
carbon;cарбон;карбон;
kipsta;кипста;кипшта;
penny;пенни;пенни;
reaction;реаcтион;реакшен;
medium;медиум;медиум;
riana;риана;риана;
surfing;сурфинг;сарфинг;
mikasa;микаса;микаса;
ripstop;рипстоп;рипштоп;
bmx;бмх;бмкс;
molten;молтен;молтен;
mikasa;микаса;микаса;
compression;cомпрессион;компрешн;
riana;риана;риана;
masters;мастерс;мастерс;
penny;пенни;пенни;
stern;стерн;стерн;
stern;стерн;стерн;
glissade;глиссаде;глиссаде;
zenit;зенит;зенит;
arsenal;арсенал;арсенол;
arsenal;арсенал;арсенол;
demix;демих;демикс;
boxer;бохер;боксер;
cobra;cобра;кобра;
ferrari;феррари;феррари;
stark;старк;старк;
pilates;пилатес;пилейтес;
hard;хард;хард;
torneo;торнео;торни;
temit;темит;темит;
demix;демих;демикс;
nike;нике;нике;
support;суппорт;саппорт;
termit;термит;термит;
bergen;берген;берджен;
demi;деми;деми;
cortex;cортех;кортекс;
schrader;шрадер;шрадер;
spine;спине;спин;
shifter;шифтер;шифтер;
demix;демих;демикс;
vans;ванс;ванс;
razor;разор;рейзор;
support;суппорт;саппорт;
miler;милер;милер;
compression;cомпрессион;компрешн;
surfing;сурфинг;сарфинг;
outventure;оутвентуре;аутвенчур;
grip;грип;грип;
glissade;глиссаде;глиссаде;
vario;варио;вейрио;
support;суппорт;саппорт;
penny;пенни;пенни;
crosser;cроссер;кроссер;
carbon;cарбон;карбон;
burton;буртон;бартон;
trx;трх;тркс;
flex;флех;флекс;
racer;раcер;рейсер;
board;боард;борд;
combi;cомби;комби;
leto;лето;лето;
oxelo;охело;оксело;
stells;стеллс;стеллс;
fortex;фортех;фортекс;
memory;мемори;мемори;
penny;пенни;пенни;
brumer;брумер;брьюмер;
futsal;футсал;фатсол;
samba;самба;самба;
uvex;увех;ювекс;
arena;арена;арена;
ballerina;баллерина;баллерина;
vibram;вибрам;вибрам;
larsen;ларсен;ларсен;
termit;термит;термит;
admiral;адмирал;адмерол;
board;боард;борд;
dress;дресс;дресс;
polo;поло;поло;
everlast;эверласт;эверласт;
polisport;полиспорт;полиспорт;
penny;пенни;пенни;
toundra;тоундра;тундра;
kettler;кеттлер;кеттлер;
lotos;лотос;лотос;
pilates;пилатес;пилейтес;
travel;травел;трейвел;
batman;батман;батман;
marlin;марлин;марлин;
penny;пенни;пенни;
tourist;тоурист;турист;
tramp;трамп;трамп;
liliana;лилиана;лилиана;
monodome;монодоме;монодоме;
prestige;престиге;престидж;
magista;магиста;маджиста;
bands;бандс;бандс;
bands;бандс;бандс;
mercurial;мерcуриал;меркьюриол;
bmx;бмх;бмкс;
ski;ски;ски;
demix;демих;демикс;
mercedes;мерcедес;мерседес;
presto;престо;престо;
dakota;дакота;дакота;
downhill;довнхилл;даунхилл;
treadmill;треадмилл;треадмилл;
meteor;метеор;метир;
alpinistik;алпинистик;алпинистик;
lens;ленс;ленс;
boxmaster;бохмастер;боксмастер;
stark;старк;старк;
antishock;антишок;антишок;
board;боард;борд;
mirella;мирелла;мирелла;
stern;стерн;стерн;
pilates;пилатес;пилейтес;
kinexib;кинехиб;кинексиб;
sport;спорт;спорт;
barbell;барбелл;барбелл;
stern;стерн;стерн;
patrol;патрол;патрол;
freddy;фредди;фредди;
sport;спорт;спорт;
kipsta;кипста;кипшта;
rukka;рукка;ракка;
presta;преста;преста;
manchester;манчестер;манчестер;
pilates;пилатес;пилейтес;
nordman;нордман;нордман;
trask;траск;траск;
mini;мини;мини;
support;суппорт;саппорт;
second;сеcонд;секонд;
compression;cомпрессион;компрешн;
second;сеcонд;секонд;
duster;дустер;дастер;
neymar;неимар;неимар;
runner;руннер;раннер;
ordem;ордем;ордем;
mirella;мирелла;мирелла;
trail;траил;траил;
nos;нос;нос;
outventure;оутвентуре;аутвенчур;
mikasa;микаса;микаса;
vibram;вибрам;вибрам;
termit;термит;термит;
crete;cрете;крет;
denim;деним;деним;
demix;демих;демикс;
everlast;эверласт;эверласт;
vento;венто;венто;
last;ласт;ласт;
demix;демих;демикс;
lakers;лакерс;лейкерс;
descente;десcенте;дессент;
soleday;соледай;соледей;
compression;cомпрессион;компрешн;
demix;демих;демикс;
termit;термит;термит;
stern;стерн;стерн;
sling;слинг;слинг;
alaska;аласка;аласка;
magista;магиста;маджиста;
vitim;витим;витим;
btwin;бтвин;бтвин;
neymar;неимар;неимар;
horten;хортен;хортен;
class;cласс;класс;
detroit;детроит;детроит;
training;траининг;траининг;
polartec;полартеc;полартек;
chester;честер;честер;
narvik;нарвик;нарвик;
uv;ув;юв;
market;маркет;маркет;
sportalm;спорталм;спортолм;
termit;термит;термит;
pilates;пилатес;пилейтес;
mercurial;мерcуриал;меркьюриол;
torneo;торнео;торни;
umbria;умбриа;юмбриа;
demix;демих;демикс;
tritan;тритан;тритан;
grozz;грозз;грозц;
adrian;адриан;адриан;
bax;бах;бакс;
outventure;оутвентуре;аутвенчур;
manchester;манчестер;манчестер;
turbodown;турбодовн;тарбодаун;
termit;термит;термит;
pant;пант;пант;
demix;демих;демикс;
barbell;барбелл;барбелл;
polartec;полартеc;полартек;
adventure;адвентуре;адвенчур;
mizuno;мизуно;мизуно;
mercurial;мерcуриал;меркьюриол;
bombax;бомбах;бомбакс;
toronto;торонто;торонто;
magista;магиста;маджиста;
tsunami;тсунами;тсьюнейми;
magistax;магистах;маджистакс;
storm;сторм;сторм;
artengo;артенго;артенго;
vortex;вортех;вортекс;
domyos;домиос;домиос;
ski;ски;ски;
demix;демих;демикс;
mikasa;микаса;микаса;
vans;ванс;ванс;
overgrip;овергрип;овергрип;
penny;пенни;пенни;
bmx;бмх;бмкс;
lakers;лакерс;лейкерс;
pegasus;пегасус;пегейзас;
urban;урбан;юрбан;
support;суппорт;саппорт;
shark;шарк;шарк;
pilates;пилатес;пилейтес;
novatour;новатоур;новатур;
tiempo;тиемпо;тимпо;
mercurial;мерcуриал;меркьюриол;
compacta;cомпаcта;компакта;
tribord;триборд;триборд;
bax;бах;бакс;
volkl;волкл;волкл;
trx;трх;тркс;
combo;cомбо;комбо;
arpenaz;арпеназ;арпеназ;
demix;демих;демикс;
rocker;рокер;рокер;
penny;пенни;пенни;
neymar;неимар;неимар;
kaishi;каиши;каиши;
montana;монтана;монтейна;
crossfit;cроссфит;кроссфит;
alex;алех;алекс;
adventure;адвентуре;адвенчур;
borussia;боруссиа;боруссиа;
termit;термит;термит;
outventure;оутвентуре;аутвенчур;
penny;пенни;пенни;
demix;демих;демикс;
outventure;оутвентуре;аутвенчур;
demix;демих;демикс;
kettler;кеттлер;кеттлер;
outventure;оутвентуре;аутвенчур;
kalenji;календжи;кейленджи;
penny;пенни;пенни;
shell;шелл;шелл;
spin;спин;спин;
salomon;саломон;сейломон;
bauer;бауер;бауер;
novatour;новатоур;новатур;
tiempo;тиемпо;тимпо;
megavent;мегавент;мегейвент;
outventure;оутвентуре;аутвенчур;
oxelo;охело;оксело;
advance;адванcе;адванс;
demix;демих;демикс;
montreal;монтреал;монтреал;
demix;демих;демикс;
adventure;адвентуре;адвенчур;
arsenal;арсенал;арсенол;
primaloft;прималофт;примейлофт;
demix;демих;демикс;
cosmo;cосмо;космо;
originals;оригиналс;ориджинолс;
suede;суеде;сьюд;
polo;поло;поло;
rossignol;россигнол;россигнол;
replica;реплиcа;реплика;
tiempo;тиемпо;тимпо;
uvex;увех;ювекс;
arena;арена;арена;
mike;мике;мике;
small;смалл;смол;
torneo;торнео;торни;
spartak;спартак;спартак;
mercurial;мерcуриал;меркьюриол;
pilates;пилатес;пилейтес;
borussia;боруссиа;боруссиа;
box;бох;бокс;
gloss;глосс;глосс;
molten;молтен;молтен;
tires;тирес;терес;
demix;демих;демикс;
demix;демих;демикс;
demix;демих;демикс;
angel;ангел;анджел;
stark;старк;старк;
penny;пенни;пенни;
hypervenom;хипервеном;хипервеном;
spedo;спедо;спедо;
suede;суеде;сьюд;
demix;демих;демикс;
demix;демих;демикс;
pocket;покет;покет;
demi;деми;деми;
combi;cомби;комби;
hypervenom;хипервеном;хипервеном;
flex;флех;флекс;
box;бох;бокс;
support;суппорт;саппорт;
titanium;титаниум;титейниум;
storm;сторм;сторм;
vans;ванс;ванс;
kiprun;кипрун;кипран;
polyester;полиестер;полестер;
prolix;пролих;проликс;
spinner;спиннер;спиннер;
everlast;эверласт;эверласт;
parka;парка;парка;
hypervenom;хипервеном;хипервеном;
softshell;софтшелл;софтшелл;
anorak;анорак;анорак;
neymar;неимар;неимар;
hypervenom;хипервеном;хипервеном;
lider;лидер;лидер;
cabana;cабана;кабана;
wilson;вилсон;вилсон;
demi;деми;деми;
box;бох;бокс;
glissade;глиссаде;глиссаде;
kettler;кеттлер;кеттлер;
crystal;cристал;кристол;
madshus;мадшус;мадшас;
glissade;глиссаде;глиссаде;
goretex;горетех;горетекс;
bauer;бауер;бауер;
sport;спорт;спорт;
glissade;глиссаде;глиссаде;
tires;тирес;терес;
box;бох;бокс;
sportalm;спорталм;спортолм;
alaska;аласка;аласка;
sport;спорт;спорт;
hipster;хипстер;гипштер;
monreal;монреал;монреал;
everlast;эверласт;эверласт;
sable;сабле;сабл;
crete;cрете;крет;
box;бох;бокс;
lemon;лемон;лемон;
penny;пенни;пенни;
satila;сатила;сатила;
freddy;фредди;фредди;
spalding;спалдинг;сполдинг;
marvel;марвел;марвел;
borussia;боруссиа;боруссиа;
tecnica;теcниcа;текника;
hypervenom;хипервеном;хипервеном;
volkl;волкл;волкл;
madshus;мадшус;мадшас;
salming;салминг;солминг;
varius;вариус;вейриус;
volkl;волкл;волкл;
adventure;адвентуре;адвенчур;
tisa;тиса;тиса;
termit;термит;термит;
craft;cрафт;крафт;
pilates;пилатес;пилейтес;
atemi;атеми;атеми;
mercurial;мерcуриал;меркьюриол;
volk;волк;волк;
graf;граф;граф;
snowboard;сновбоард;сноуборд;
verona;верона;верона;
omni;омни;омни;
outventure;оутвентуре;аутвенчур;
burton;буртон;бартон;
protec;протеc;протек;
compression;cомпрессион;компрешн;
mini;мини;мини;
penny;пенни;пенни;
marlin;марлин;марлин;
support;суппорт;саппорт;
nicole;ниcоле;николе;
salomon;саломон;сейломон;
bauer;бауер;бауер;
mini;мини;мини;
adele;аделе;адел;
krok;крок;крок;
tornado;торнадо;торнейдо;
karmen;кармен;кармен;
rossignol;россигнол;россигнол;
rottefella;роттефелла;роттефелла;
tornio;торнио;торнио;
glissade;глиссаде;глиссаде;
outventure;оутвентуре;аутвенчур;
snowboard;сновбоард;сноуборд;
outventure;оутвентуре;аутвенчур;
bosu;босу;босу;
volk;волк;волк;
mirella;мирелла;мирелла;
sable;сабле;сабл;
marker;маркер;маркер;
box;бох;бокс;
structure;струcтуре;стракчур;
savona;савона;савона;
parka;парка;парка;
bosu;босу;босу;
bauer;бауер;бауер;
pilates;пилатес;пилейтес;
ziener;зиенер;зинер;
orden;орден;орден;
magus;магус;мейгас;
rottefella;роттефелла;роттефелла;
bauer;бауер;бауер;
yonex;йонех;ионекс;
unix;уних;юникс;
atomic;атомиc;атомик;
festa;феста;феста;
trasher;трашер;трашер;
glissade;глиссаде;глиссаде;
board;боард;борд;
hiker;хикер;хикер;
radical;радиcал;рейдикол;
revolution;револутион;револашен;
rider;ридер;ридер;
pilates;пилатес;пилейтес;
glissade;глиссаде;глиссаде;
shelter;шелтер;шелтер;
fisher;фишер;фишер;
satila;сатила;сатила;
polo;поло;поло;
support;суппорт;саппорт;
anorak;анорак;анорак;
clinch;cлинч;клинч;
demix;демих;демикс;
pilates;пилатес;пилейтес;
box;бох;бокс;
cobra;cобра;кобра;
runner;руннер;раннер;
training;траининг;траининг;
tsunami;тсунами;тсьюнейми;
descente;десcенте;дессент;
denton;дентон;дентон;
senator;сенатор;сенейтор;
alaska;аласка;аласка;
burton;буртон;бартон;
ziener;зиенер;зинер;
rottefella;роттефелла;роттефелла;
nordseter;нордсетер;нордсетер;
burton;буртон;бартон;
mercurial;мерcуриал;меркьюриол;
penny;пенни;пенни;
oxelo;охело;оксело;
torneo;торнео;торни;
smart;смарт;смарт;
madshus;мадшус;мадшас;
parka;парка;парка;
tatonka;татонка;тейтонка;
oxelo;охело;оксело;
lens;ленс;ленс;
adventure;адвентуре;адвенчур;
demix;демих;демикс;
speedmax;спеедмах;спидмакс;
madshus;мадшус;мадшас;
laval;лавал;лейвол;
atemi;атеми;атеми;
atemi;атеми;атеми;
glissade;глиссаде;глиссаде;
band;банд;банд;
penny;пенни;пенни;
housefit;хоусефит;хузефит;
sidas;сидас;сидас;
flux;флух;флюкс;
torneo;торнео;торни;
pilates;пилатес;пилейтес;
roces;роcес;росес;
support;суппорт;саппорт;
rossignol;россигнол;россигнол;
custom;cустом;кастом;
trasher;трашер;трашер;
polycarbonate;полиcарбонате;поликарбонейт;
volcano;волcано;волкейно;
crete;cрете;крет;
skinny;скинни;скинни;
prolink;пролинк;пролинк;
uvex;увех;ювекс;
longboard;лонгбоард;лонгборд;
structure;струcтуре;стракчур;
quechua;квечуа;квешуа;
demix;демих;демикс;
argon;аргон;аргон;
box;бох;бокс;
bimbo;бимбо;бимбо;
softshell;софтшелл;софтшелл;
polyester;полиестер;полестер;
training;траининг;траининг;
campingaz;cампингаз;кампингаз;
penny;пенни;пенни;
vaude;вауде;воьюд;
torneo;торнео;торни;
ladies;ладиес;ладис;
bravata;бравата;брейвейта;
future;футуре;футуре;
molten;молтен;молтен;
kaishi;каиши;каиши;
runner;руннер;раннер;
demix;демих;демикс;
hypervenom;хипервеном;хипервеном;
cliff;cлифф;клифф;
kipsta;кипста;кипшта;
hypervenom;хипервеном;хипервеном;
nike;нике;нике;
softshell;софтшелл;софтшелл;
mercurial;мерcуриал;меркьюриол;
narvik;нарвик;нарвик;
termit;термит;термит;
onetrak;онетрак;онетрак;
pilates;пилатес;пилейтес;
vans;ванс;ванс;
polo;поло;поло;
domyos;домиос;домиос;
board;боард;борд;
domyos;домиос;домиос;
graf;граф;граф;
alaska;аласка;аласка;
mizuno;мизуно;мизуно;
board;боард;борд;
outventure;оутвентуре;аутвенчур;
racer;раcер;рейсер;
larsen;ларсен;ларсен;
gel;гел;джел;
falls;фаллс;фолс;
oregon;орегон;орегон;
reaction;реаcтион;реакшен;
daytona;даитона;дейтона;
goretex;горетех;горетекс;
solers;солерс;солерс;
reaction;реаcтион;реакшен;
parka;парка;парка;
coleman;cолеман;колеман;
termit;термит;термит;
neill;неилл;неилл;
pegas;пегас;пегас;
tires;тирес;терес;
magista;магиста;маджиста;
outventure;оутвентуре;аутвенчур;
fold;фолд;фолд;
demix;демих;демикс;
hiking;хикинг;хикинг;
torrent;торрент;торрент;
salomon;саломон;сейломон;
mikasa;микаса;микаса;
neymar;неимар;неимар;
bmx;бмх;бмкс;
softshell;софтшелл;софтшелл;
gravel;гравел;грейвел;
mizuno;мизуно;мизуно;
dominator;доминатор;доминейтор;
convert;cонверт;конверт;
mizuno;мизуно;мизуно;
pyramid;пирамид;пиреймид;
atemi;атеми;атеми;
racer;раcер;рейсер;
toronto;торонто;торонто;
manchester;манчестер;манчестер;
stiga;стига;стига;
tiempo;тиемпо;тимпо;
neymar;неимар;неимар;
primitivo;примитиво;примитиво;
lens;ленс;ленс;
anorak;анорак;анорак;
invisible;инвисибле;инвизибл;
tiempo;тиемпо;тимпо;
nitro;нитро;нитро;
regatta;регатта;регатта;
polo;поло;поло;
torrent;торрент;торрент;
demix;демих;демикс;
input;инпут;инпат;
mercurial;мерcуриал;меркьюриол;
demix;демих;демикс;
vans;ванс;ванс;
outventure;оутвентуре;аутвенчур;
vans;ванс;ванс;
tribord;триборд;триборд;
rukka;рукка;ракка;
softshell;софтшелл;софтшелл;
zefal;зефал;зефол;
sketch;скетч;скетч;
indoor;индоор;индоор;
demi;деми;деми;
crete;cрете;крет;
termit;термит;термит;
kettler;кеттлер;кеттлер;
innovation;инноватион;инновашен;
wimbledon;вимбледон;вимбледон;
pilates;пилатес;пилейтес;
pilates;пилатес;пилейтес;
demix;демих;демикс;
demix;демих;демикс;
spartak;спартак;спартак;
mercurial;мерcуриал;меркьюриол;
temit;темит;темит;
termit;термит;термит;
termit;термит;термит;
bauer;бауер;бауер;
military;милитари;милитейри;
discovery;дисcовери;дисковери;
demi;деми;деми;
field;фиелд;филд;
stern;стерн;стерн;
support;суппорт;саппорт;
ibr;ибр;ибр;
box;бох;бокс;
babolat;баболат;бейболат;
sketch;скетч;скетч;
mizuno;мизуно;мизуно;
capra;cапра;капра;
patrol;патрол;патрол;
mercurial;мерcуриал;меркьюриол;
salomon;саломон;сейломон;
antifog;антифог;антифог;
demix;демих;демикс;
newton;невтон;ньютон;
karis;карис;кейрис;
alpinistik;алпинистик;алпинистик;
monreal;монреал;монреал;
argon;аргон;аргон;
tiempo;тиемпо;тимпо;
tiempo;тиемпо;тимпо;
ordem;ордем;ордем;
overlook;оверлоок;оверлук;
hypervenom;хипервеном;хипервеном;
madshus;мадшус;мадшас;
truora;труора;труора;
magista;магиста;маджиста;
termit;термит;термит;
cell;cелл;селл;
rottefella;роттефелла;роттефелла;
lotty;лотти;лотти;
pilates;пилатес;пилейтес;
futsal;футсал;фатсол;
training;траининг;траининг;
bax;бах;бакс;
grozz;грозз;грозц;
savage;саваге;савадже;
molten;молтен;молтен;
glissade;глиссаде;глиссаде;
madshus;мадшус;мадшас;
glissade;глиссаде;глиссаде;
outventure;оутвентуре;аутвенчур;
trasher;трашер;трашер;
demix;демих;демикс;
armando;армандо;армандо;
anorak;анорак;анорак;
boxer;бохер;боксер;
nike;нике;нике;
ziener;зиенер;зинер;
rossignol;россигнол;россигнол;
volk;волк;волк;
atletico;атлетиcо;атлетико;
termit;термит;термит;
molten;молтен;молтен;
mizuno;мизуно;мизуно;
mikasa;микаса;микаса;
termit;термит;термит;
bax;бах;бакс;
pilates;пилатес;пилейтес;
maestra;маестра;маестра;
tatonka;татонка;тейтонка;
mikasa;микаса;микаса;
bravata;бравата;брейвейта;
volk;волк;волк;
denix;дених;деникс;
pilates;пилатес;пилейтес;
outventure;оутвентуре;аутвенчур;
mirella;мирелла;мирелла;
mikasa;микаса;микаса;
varius;вариус;вейриус;
torneo;торнео;торни;
outventure;оутвентуре;аутвенчур;
ziener;зиенер;зинер;
boston;бостон;бостон;
demix;демих;демикс;
clinch;cлинч;клинч;
tisa;тиса;тиса;
eisbaer;еисбаер;еисбаер;
volk;волк;волк;
boston;бостон;бостон;
penny;пенни;пенни;
roces;роcес;росес;
glissade;глиссаде;глиссаде;
demix;демих;демикс;
domyos;домиос;домиос;
superman;суперман;суперман;
outventure;оутвентуре;аутвенчур;
softshell;софтшелл;софтшелл;
burton;буртон;бартон;
arena;арена;арена;
niki;ники;ники;
cruzano;cрузано;крьюзейно;
outventure;оутвентуре;аутвенчур;
termit;термит;термит;
vans;ванс;ванс;
kipsta;кипста;кипшта;
tiger;тигер;тиджер;
snowcross;сновcросс;сноукросс;
adventure;адвентуре;адвенчур;
forward;форвард;форворд;
rossignol;россигнол;россигнол;
salomon;саломон;сейломон;
demix;демих;демикс;
fisher;фишер;фишер;
ziener;зиенер;зинер;
burton;буртон;бартон;
dakine;дакине;дакине;
glissade;глиссаде;глиссаде;
leader;леадер;лидер;
support;суппорт;саппорт;
zenit;зенит;зенит;
annapurna;аннапурна;аннейпарна;
stretch;стретч;стретч;
ziener;зиенер;зинер;
last;ласт;ласт;
marvel;марвел;марвел;
demix;демих;демикс;
rocky;роки;роки;
penny;пенни;пенни;
gardamode;гардамоде;гардеймод;
tiempo;тиемпо;тимпо;
tiempo;тиемпо;тимпо;
adele;аделе;адел;
futsal;футсал;фатсол;
volk;волк;волк;
pivot;пивот;пивот;
timberlake;тимберлаке;тимберлейк;
nike;нике;нике;
madshus;мадшус;мадшас;
rottefella;роттефелла;роттефелла;
bobby;бобби;бобби;
mikasa;микаса;микаса;
fold;фолд;фолд;
madshus;мадшус;мадшас;
eisbaer;еисбаер;еисбаер;
tanjun;танджун;танджан;
rossignol;россигнол;россигнол;
yonex;йонех;ионекс;
gloss;глосс;глосс;
parka;парка;парка;
dainese;даинесе;даинез;
bauer;бауер;бауер;
bravata;бравата;брейвейта;
bravata;бравата;брейвейта;
salomon;саломон;сейломон;
mercurial;мерcуриал;меркьюриол;
termit;термит;термит;
box;бох;бокс;
nike;нике;нике;
indoor;индоор;индоор;
strike;стрике;стрик;
softshell;софтшелл;софтшелл;
everlast;эверласт;эверласт;
crete;cрете;крет;
rukka;рукка;ракка;
rossignol;россигнол;россигнол;
glissade;глиссаде;глиссаде;
glissade;глиссаде;глиссаде;
burton;буртон;бартон;
bauer;бауер;бауер;
nis;нис;нис;
trillium;триллиум;триллиум;
compr;cомпр;компр;
volk;волк;волк;
rossignol;россигнол;россигнол;
sns;снс;снс;
madshus;мадшус;мадшас;
fisher;фишер;фишер;
torneo;торнео;торни;
salomon;саломон;сейломон;
fisher;фишер;фишер;
tiempox;тиемпох;тимпокс;
campingaz;cампингаз;кампингаз;
falls;фаллс;фолс;
maverick;маверик;мейверик;
stern;стерн;стерн;
geonaute;геонауте;джиноьют;
cortez;cортез;кортез;
salomon;саломон;сейломон;
teslin;теслин;теслин;
kettle;кеттле;кеттл;
steppe;степпе;степпе;
salto;салто;солто;
tarmak;тармак;тармак;
volk;волк;волк;
iron body;ирон боди;ерон боди;
green hill;греен хилл;грин хилл;
royal fitness;роял фитнесс;роиол фитнесс;
green hill;греен хилл;грин хилл;
green hill;греен хилл;грин хилл;
green hill;греен хилл;грин хилл;
nova tour;нова тоур;нова тур;
royal fitness;роял фитнесс;роиол фитнесс;
new era;нев эра;нью эра;
ski go;ски го;ски го;
smart balance;смарт баланcе;смарт баланс;
spirit fitness;спирит фитнесс;сперит фитнесс;
triumph nord;триумф норд;триумф норд;
royal fitness;роял фитнесс;роиол фитнесс;
red fox;ред фох;ред фокс;
nova tour;нова тоур;нова тур;
royal fitness;роял фитнесс;роиол фитнесс;
green hill;греен хилл;грин хилл;
lp support;лп суппорт;лп саппорт;
start up;старт уп;старт юп;
star trac;стар траc;стар трак;
no brand;но бранд;но бранд;
street surfing;стреет сурфинг;стрит сарфинг;
mad rock;мад рок;мад рок;
royal fitness;роял фитнесс;роиол фитнесс;
no brand;но бранд;но бранд;
no brand;но бранд;но бранд;
and fun;анд фун;анд фан;
green hill;греен хилл;грин хилл;
pit stop;пит стоп;пит штоп;
smart pool;смарт поол;смарт пул;
royal fitness;роял фитнесс;роиол фитнесс;
pit stop;пит стоп;пит штоп;
evo fitness;эво фитнесс;эво фитнесс;
bondy sport;бонди спорт;бонди спорт;
mogo sport;мого спорт;мого спорт;
pulse fitness;пулсе фитнесс;палс фитнесс;
bondy sport;бонди спорт;бонди спорт;
ski go;ски го;ски го;
peak performance;пеак перформанcе;пеак перформанс;
ice rock;иcе рок;ис рок;
body solid;боди солид;боди солид;
cat eye;cат еие;кат еи;
green hill;греен хилл;грин хилл;
bh fitness;бх фитнесс;бх фитнесс;
bh fitness;бх фитнесс;бх фитнесс;
neya llc;нея ллc;нея ллк;
santa cruz;санта cруз;санта краз;
black diamond;блак диамонд;блак диамонд;
street surfing;стреет сурфинг;стрит сарфинг;
royal fitness;роял фитнесс;роиол фитнесс;
spirit fitness;спирит фитнесс;сперит фитнесс;
carbon fitness;cарбон фитнесс;карбон фитнесс;
start up;старт уп;старт юп;
smart pool;смарт поол;смарт пул;
new era;нев эра;нью эра;
mogo sport;мого спорт;мого спорт;
smart pool;смарт поол;смарт пул;
ski go;ски го;ски го;
new era;нев эра;нью эра;
body sculpture;боди сcулптуре;боди скалпчур;
pit stop;пит стоп;пит штоп;
iron body;ирон боди;ерон боди;
santa cruz;санта cруз;санта краз;
bondy sport;бонди спорт;бонди спорт;
bh fitness;бх фитнесс;бх фитнесс;
neya llc;нея ллc;нея ллк;
no brand;но бранд;но бранд;
green hill;греен хилл;грин хилл;
ziso zao;зисо зао;зисо зао;
babolat vs;баболат вс;бейболат вс;
green hill;греен хилл;грин хилл;
royal fitness;роял фитнесс;роиол фитнесс;
ice rock;иcе рок;ис рок;
pit stop;пит стоп;пит штоп;
green hill;греен хилл;грин хилл;
ab coaster;аб cоастер;аб коастер;
smart pool;смарт поол;смарт пул;
green hill;греен хилл;грин хилл;
green hill;греен хилл;грин хилл;
eva sun;эва сун;эва сан;
green hill;греен хилл;грин хилл;
spirit fitness;спирит фитнесс;сперит фитнесс;
nova tour;нова тоур;нова тур;
avex;авех;авекс;
khe;кхе;кх;
sivera;сивера;сивера;
distribou;дистрибоу;дистрибу;
moratti;моратти;моратти;
net;нет;нет;
torgovyi;торговии;торговии;
cressi;cресси;кресси;
startline;стартлине;стартлин;
afa;афа;афа;
ibalance;ибаланcе;ибаланс;
mountfield;моунтфиелд;мунтфиелд;
demix;демих;демикс;
roces;роcес;росес;
x-socks;х-сокс;кс-сокс;
take;таке;таке;
gemini;гемини;джемини;
craft;cрафт;крафт;
head;хеад;хид;
access;аccесс;аксесс;
ferrino;феррино;феррино;
vipole;виполе;виполе;
division;дивисион;дивизион;
mooto champion;моото чампион;муто чампион;
joyor;джоиор;джоиор;
ergovita;эрговита;эрговита;
daytona;даитона;дейтона;
npo;нпо;нпо;
grome;громе;гром;
maxiscoo;махисcоо;мейксиску;
wayflex;ваифлех;вейфлекс;
pulse;пулсе;палс;
vicfun;виcфун;викфан;
legendgym;легендгим;леджендджим;
ropeflex;ропефлех;ропефлекс;
inmotion;инмотион;инмошен;
sculpture;сcулптуре;скалпчур;
roald;роалд;роолд;
totalbox;тоталбох;тотолбокс;
nanomax;наномах;нейномакс;
tilt;тилт;тилт;
eurofit;еурофит;еврофит;
hercules;херcулес;херкулес;
baffin;баффин;баффин;
ullis;уллис;юллис;
x-bionic;х-биониc;кс-бионик;
azimut;азимут;азимат;
alex;алех;алекс;
ski;ски;ски;
zavod igrovogo;завод игрового;зейвод игрового;
kong;конг;конг;
tex;тех;текс;
sklz;склз;склц;
luxol;лухол;льюксол;
fjallraven;фджаллравен;фджолрейвен;
hoverbot;ховербот;ховербот;
johnson;джохнсон;джохнсон;
k2;к2;к2;
salmo;салмо;солмо;
weider;веидер;веидер;
invu;инву;инву;
brunton;брунтон;брантон;
mb;мб;мб;
service;сервиcе;сервис;
ace;аcе;ас;
dusters;дустерс;дастерс;
mironfit;миронфит;меронфит;
sole;соле;соле;
unix;уних;юникс;
nordway;нордвай;нордвей;
kovea;ковеа;кови;
velocifero;велоcиферо;велочиферо;
blanc;бланc;бланк;
y&t;и&т;и&т;
bondy;бонди;бонди;
therm-a-rest;терм-а-рест;зерм-а-рест;
polygroup;полигроуп;полигруп;
nation;натион;нашен;
realstick;реалстик;реалштикк;
intenza;интенза;интенза;
midzumi;мидзуми;мидзуми;
backcountry;бакcоунтри;бакккунтри;
losraketos;лосракетос;лосрейкетос;
wnq;внк;внк;
close joint-stock;cлосе джоинт-сток;клоз джоинт-сток;
stop;стоп;стоп;
elite;элите;элит;
street;стреет;стрит;
aramith;арамит;ареймис;
z-up;з-уп;з-ап;
jungle;джунгле;джангл;
pit;пит;пит;
frost;фрост;фрост;
lowe;лове;лове;
reaction;реаcтион;реакшен;
inesis;инесис;инезис;
freemotion;фреемотион;фримошен;
happy;хаппи;хаппи;
mankoff;манкофф;манкофф;
anatomico;анатомиcо;анейтомико;
kugoo;кугоо;кьюгу;
moretan;моретан;моретан;
suunto;суунто;суунто;
grangers;грангерс;гранджерс;
tuba-duba;туба-дуба;туба-дуба;
b'twin;бтвин;бтвин;
lifespan;лифеспан;лифеспан;
robens;робенс;робенс;
plate;плате;плейт;
inex;инех;инекс;
ip kopitsov;ип копитсов;ип копитсов;
lorpen;лорпен;лорпен;
dps;дпс;дпс;
armada;армада;армейда;
mooto;моото;муто;
oroks;орокс;орокс;
dinamo;динамо;динамо;
eider;еидер;еидер;
mont;монт;монт;
samokhi;самокхи;сеймокхи;
guy;гуй;гуи;
carwalk;cарвалк;карволк;
msr;мср;мср;
odlo;одло;одло;
penny;пенни;пенни;
cressi-sub;cресси-суб;кресси-суб;
bax;бах;бакс;
ups;упс;юпс;
cardiopower;cардиоповер;кардиопоуер;
snow;снов;сноу;
vs;вс;вс;
american motion;америcан мотион;американ мошен;
pro-tec;про-теc;про-тек;
bailih;баилих;баилих;
cyclotech;cиcлотеч;сиклотеч;
khan;кхан;кхан;
ternua;тернуа;тернуа;
sportelit;спортелит;спортелит;
price-leader;приcе-леадер;присе-лидер;
airwool;аирвоол;аервул;
icepeak;иcепеак;исепик;
optimus;оптимус;оптимас;
movement;мовемент;мовемент;
nason;насон;нейзон;
berg;берг;берг;
track;трак;трак;
cep;cеп;сеп;
hang;ханг;ханг;
shoes;шоес;шоес;
sportop;спортоп;спортоп;
ammity;аммити;аммити;
circle;cирcле;керкл;
doohan;доохан;духан;
swix;свих;свикс;
alexika;алехика;алексика;
hamax;хамах;хеймакс;
gyrox;гирох;джирокс;
millet;миллет;миллет;
packtowl;пактовл;пактоул;
panatta;панатта;панатта;
human;хуман;хьюман;
wilson;вилсон;вилсон;
ize;изе;из;
industrial;индустриал;индастриол;
neya;нея;нея;
zag;заг;заг;
mad;мад;мад;
spidertech;спидертеч;спидертеч;
mogo;мого;мого;
joss;джосс;джосс;
wallbarz;валлбарз;валлбарц;
kedr;кедр;кедр;
e-twow;е-твов;е-твоу;
jackson;джаксон;джаксон;
e-case;е-cасе;е-кейз;
rab;раб;раб;
black;блак;блак;
salewa;салева;салева;
protrain;протраин;протраин;
kleefer;клеефер;клифер;
jetboil;джетбоил;джетбоил;
marmot;мармот;мармот;
korri;корри;корри;
sufix;суфих;сьюфикс;
lifegear;лифегеар;лифегир;
julbo;джулбо;джалбо;
krukonogi;круконоги;крьюконоджи;
proski;проски;проски;
leto;лето;лето;
gelex;гелех;джелекс;
exotica;эхотиcа;эксотика;
gyroor;гироор;джироор;
woly;воли;воли;
kalenji;календжи;кейленджи;
cliff;cлифф;клифф;
moove;моове;мув;
subea;субеа;саби;
rapala;рапала;рапала;
superiorplaysystems;супериорплаисистемс;супериорплейсистемс;
pride;приде;прид;
trac;траc;трак;
veda;веда;веда;
superweigh;супервеигх;супервеи;
tourist;тоурист;турист;
v-motion;в-мотион;в-мошен;
eltreco;элтреcо;элтреко;
endurance;эндуранcе;эндуранс;
normal;нормал;нормол;
ziso;зисо;зисо;
trainer;траинер;траинер;
graf;граф;граф;
inspire;инспире;инспая;
galafit;галафит;гейлейфит;
technisub;течнисуб;течнизаб;
hoist;хоист;хоист;
pacsafe;паcсафе;паксейф;
hawk;хавк;ховк;
block;блок;блок;
donic;дониc;доник;
nite;ните;ните;
novatour;новатоур;новатур;
o'neill;онеилл;онеилл;
sambit;самбит;самбит;
santa;санта;санта;
ironmaster;иронмастер;еронмастер;
profigym;профигим;профиджим;
funtomask;фунтомаск;фантомаск;
komperdell;комперделл;комперделл;
metolius;метолиус;метолиус;
solowave;соловаве;соловаве;
proxima;прохима;проксима;
airwheel;аирвхеел;аервхил;
joma;джома;жома;
american;америcан;американ;
optical;оптиcал;оптикол;
centurion;cентурион;сентьюрион;
vplab;вплаб;вплаб;
sealline;сеаллине;сеаллине;
thule;туле;сьюл;
evoc;эвоc;эвок;
keen;кеен;кин;
pêcheur;пêчеур;пешеур;
russ;русс;расс;
moove and;моове анд;мув анд;
schwinn;швинн;швинн;
normark;нормарк;нормарк;
chili;чили;чили;
coleman;cолеман;колеман;
zavod;завод;зейвод;
victoryfit;виcторифит;викторифит;
zao;зао;зао;
svensson body;свенссон боди;свенссон боди;
vans;ванс;ванс;
yoshionyx;йошионих;иошионикс;
blender;блендер;блендер;
kampfer;кампфер;кампфер;
effort;эффорт;эффорт;
co;cо;ко;
bca;бcа;бка;
schwalbe;швалбе;швалбе;
smith;смит;смис;
itiwit;итивит;итивит;
sks;скс;скс;
jobstick;джобстик;йобштикк;
marcy;марcи;марси;
turis;турис;тьюрис;
wed'ze;ведзе;ведзе;
dynafit;динафит;динейфит;
munkees;мункеес;манкис;
outshock;оутшок;аутшок;
ip kopitsov sergey;ип копитсов сергей;ип копитсов серджи;
paramount;парамоунт;парамунт;
tern;терн;терн;
caperlan;cаперлан;кейперлан;
edelrid;эделрид;эделрид;
lacy;лаcи;лейси;
topeak;топеак;топик;
ru volleyball;ру воллеибалл;ру воллеибалль;
dfc;дфc;дфк;
liju;лиджу;лижу;
sperry;сперри;сперри;
dami;дами;дами;
housefit;хоусефит;хузефит;
rzr;рзр;рцр;
bodytone;бодитоне;бодитон;
gymstick;гимстик;джимстик;
reyes;реиес;реес;
lp;лп;лп;
geologic;геологиc;джилоджик;
igrovogo;игрового;игрового;
schoffel;шоффел;шоффел;
coaster;cоастер;коастер;
enerplex;энерплех;энерплекс;
quechua;квечуа;квешуа;
first;фирст;фиршт;
beal;беал;бил;
halten;халтен;холтен;
isg;исг;исг;
thirtytwo;тиртитво;зиртитво;
proform;проформ;проформ;
allvega;аллвега;олвега;
hardman;хардман;хардман;
arva;арва;арва;
laufstein;лауфстеин;лауфштейн;
platypus;платипус;плейтипас;
kopitsov;копитсов;копитсов;
ab;аб;аб;
image;имаге;имадж;
bottle;боттле;боттл;
nutrition;нутритион;натришен;
dunlop;дунлоп;данлоп;
shkura;шкура;шкьюра;
ip trubina;ип трубина;ип трьюбина;
camp;cамп;камп;
rockrider;рокридер;рокридер;
inovik;иновик;иновик;
entrepreneur;энтрепренеур;энтрепренеур;
tobe;тобе;тобе;
coty beauty;cоти беаути;коти боти;
o3;о3;о3;
cebe;cебе;чебе;
orao;орао;орао;
up;уп;юп;
carbon;cарбон;карбон;
el-sport;эл-спорт;эл-спорт;
disq;диск;диск;
surfing;сурфинг;сарфинг;
clinch;cлинч;клинч;
nuo;нуо;нуо;
soto;сото;сото;
harrows;харровс;харроус;
sergey;сергей;серджи;
sl;сл;сл;
ziva;зива;зива;
cornilleau;cорниллеау;корнилло;
trampoline;трамполине;трамполин;
giro;гиро;джиро;
bca backcountry;бcа бакcоунтри;бка бакккунтри;
camelbak;cамелбак;кеймелбак;
mx;мх;мкс;
slazenger;слазенгер;слейзенджер;
llc korri;ллc корри;ллк корри;
nz;нз;нц;
buttons;буттонс;баттонс;
alpzzone;алпззоне;алпцзоне;
sportiva;спортива;спортива;
nike;нике;нике;
bask;баск;баск;
sportsart;спортсарт;спортсарт;
elvis;элвис;элвис;
svensson;свенссон;свенссон;
atorka;аторка;аторка;
body;боди;боди;
xterra;хтерра;кстерра;
volleyball;воллеибалл;воллеибол;
special;спеcиал;спесиол;
north;норт;норс;
teva;тева;тева;
freddy;фредди;фредди;
ray;рай;рей;
pkf usadba;пкф усадба;пкф юзадба;
outdoor;оутдоор;аутдоор;
billard;биллард;биллард;
ru;ру;ру;
inotec;инотеc;инотек;
slamm;сламм;сламм;
alpina-eyewear;алпина-еиевеар;алпина-еиьюир;
hardwear;хардвеар;хардвир;
lerado;лерадо;лерадо;
garegin;гарегин;гейреджин;
grad;град;град;
ccm;ccм;ккм;
casada;cасада;касада;
newfeel;невфеел;ньюфил;
applegate;апплегате;апплегейт;
precor;преcор;прекор;
sunrise;сунрисе;санриз;
diamond;диамонд;диамонд;
roxy;рохи;рокси;
eskhata;эскхата;эскхейта;
easton;еастон;истон;
joint-stock;джоинт-сток;джоинт-сток;
greenhermit;греенхермит;гринхермит;
full;фулл;фалл;
tuffstuff;туффстуфф;туффштуфф;
octane;оcтане;октейн;
koollaces;кооллаcес;куллейсес;
olaian;олаиан;олаиан;
powerup;поверуп;поуерап;
seatosummit;сеатосуммит;ситозаммит;
arcteryx;арcтерих;арктерикс;
starfit;старфит;старфит;
shua;шуа;шуа;
montbell;монтбелл;монтбелл;
torgovyi dom;торговии дом;торговии дом;
i-jump;и-джумп;и-джамп;
energon;энергон;энергон;
meindl;меиндл;меиндл;
takasima;такасима;такасима;
campingaz;cампингаз;кампингаз;
beiersdoorf;беиерсдоорф;беиерсдоорф;
exped;эхпед;экспед;
sphere;сфере;сфер;
tape;тапе;тапе;
horze;хорзе;горзе;
medica;медиcа;медика;
longoni;лонгони;лонгони;
bergans;берганс;берганс;
evernew;эвернев;эвернью;
kiwano;кивано;кивано;
sunflex;сунфлех;санфлекс;
zippo;зиппо;зиппо;
mir;мир;мер;
atomic;атомиc;атомик;
wool;воол;вул;
offload;оффлоад;оффлоад;
coty;cоти;коти;
exxtasy;эххтаси;экскстейзи;
jet;джет;джет;
tendon;тендон;тендон;
arctica;арcтиcа;арктика;
restpro;рестпро;рестпро;
ip;ип;ип;
lockjaw;локджав;локджов;
rossiskaya;россиская;россискаиа;
hop;хоп;хоп;
equipement;эквипемент;эквипемент;
bestway;бествай;бествей;
qnt;кнт;кнт;
powertraveller;повертравеллер;поуертрейвеллер;
ortovox;ортовох;ортовокс;
jw;джв;джв;
dom;дом;дом;
tusa;туса;туса;
tecnica;теcниcа;текника;
edelweiss;эделвеисс;эделвеисс;
twins;твинс;твинс;
harper;харпер;харпер;
holmenkol;холменкол;холменкол;
fortex;фортех;фортекс;
tisa;тиса;тиса;
brooks-range;броокс-ранге;брукс-рандж;
skyboard;скибоард;скиборд;
gofit;гофит;гофит;
simond;симонд;симонд;
aptonia;аптониа;аптониа;
yousteel;йоустеел;юстил;
us;ус;юс;
cleto;cлето;клето;
motus;мотус;мотас;
osprey;оспрей;оспри;
x-trend;х-тренд;кс-тренд;
ecodrift;эcодрифт;экодрифт;
smoby;смоби;смоби;
flex;флех;флекс;
energetics;энергетиcс;энерджетикс;
powertec;повертеc;поуертек;
nautilus;наутилус;ноьютилас;
pomoca;помоcа;помока;
primus;примус;примас;
sargan;сарган;сарган;
foreman;фореман;фореман;
kinexib;кинехиб;кинексиб;
nika;ника;ника;
humminbird;хумминбирд;хамминберд;
ortlieb;ортлиеб;ортлиб;
koflach;кофлач;кофлач;
performance;перформанcе;перформанс;
hampton;хамптон;хамптон;
cassin;cассин;кассин;
cybex;cибех;сибекс;
sevylor;севилор;севилор;
assault;ассаулт;ассоалт;
singing;сингинг;синджинг;
thermacell;термаcелл;зермейселл;
tsl;тсл;тсл;
dainese;даинесе;даинез;
forclaz;форcлаз;форклаз;
dynamic;динамиc;динеймик;
atemi ribolovniy;атеми риболовний;атеми риболовнии;
pkf;пкф;пкф;
dakine;дакине;дакине;
bowflex;бовфлех;боуфлекс;
easton mountain;еастон моунтаин;еастон мунтаин;
gilbert;гилберт;джилберт;
beauty;беаути;боти;
balance;баланcе;баланс;
skyfit;скифит;скифит;
bh;бх;бх;
usadba;усадба;юзадба;
support;суппорт;саппорт;
tatverk;татверк;татверк;
infiniti;инфинити;инфинити;
gardamodesport;гардамодеспорт;гардеймодеспорт;
trango;транго;транго;
abs;абс;абс;
gre;гре;гр;
the north;те норт;зе норс;
funtek;фунтек;фантек;
llc;ллc;ллк;
rock;рок;рок;
dolomite;доломите;доломите;
igragrad;играград;играград;
biolite;биолите;биолит;
products;продуcтс;продактс;
patagonia;патагониа;пейтейгониа;
l.a;л.а;л.а;
swollen;своллен;своллен;
decathlon;деcатлон;деказлон;
cocoon;cоcоон;кокун;
onerun;онерун;онеран;
frit;фрит;фрит;
izhimio;изхимио;изхимио;
anthron;антрон;анзрон;
ribolovniy;риболовний;риболовнии;
cruz;cруз;краз;
scarpa;сcарпа;скарпа;
evo;эво;эво;
ribolov;риболов;риболов;
ozone;озоне;озон;
eisbaer;еисбаер;еисбаер;
johns;джохнс;джохнс;
nabaiji;набаиджи;нейбаиджи;
deuter;деутер;дьютер;
hoka;хока;хока;
aqualung;аквалунг;аквалунг;
eva;эва;эва;
globol;глобол;глобол;
yarton;яртон;яртон;
berghaus;бергхаус;бергхоас;
inov-8;инов-8;инов-8;
skis;скис;скис;
hasttings;хасттингс;хасттингс;
jobe;джобе;жобе;
lenz;ленз;ленц;
century;cентури;сенчьюри;
fishka;фишка;фишка;
challenger;чалленгер;чоленджер;
yonex;йонех;ионекс;
contour;cонтоур;контур;
wmotion;вмотион;вмошен;
red;ред;ред;
coll;cолл;колл;
petzl;петзл;петцл;
dayu;даиу;дейу;
fitness equipement;фитнесс эквипемент;фитнесс эквипемент;
impulse;импулсе;импалс;
millymally;миллималли;миллимоли;
trubina;трубина;трьюбина;
waterrover;ватерровер;вейтерровер;
oxygen;охиген;оксиджен;
reusch;реуш;ройш;
oxelo;охело;оксело;
ogio;огио;оджио;
krok;крок;крок;
strength;стренгт;стренгс;
fit.tools;фит.тоолс;фит.тулс;
nordictrack;нордиcтрак;нордиктрак;
kingsong;кингсонг;кингсонг;
and;анд;анд;
crazystuff;cразистуфф;крейзистафф;
mico;миcо;мико;
descente;десcенте;дессент;
montura;монтура;монтьюра;
therm-ic;терм-иc;зерм-ик;
kaabo;каабо;каабо;
optifit;оптифит;оптифит;
icewheel;иcевхеел;исьюхил;
fishbait;фишбаит;фишбаит;
horizon;хоризон;хоризон;
tribe;трибе;триб;
dfit;дфит;дфит;
exje;эхдже;эксдж;
fixe;фихе;фиксе;
amudsen;амудсен;амадсен;
norrona;норрона;норрона;
slytech;слитеч;слитеч;
dayton;даитон;дейтон;
minimotors;минимоторс;минимоторс;
phenix;фених;феникс;
asolo;асоло;азоло;
no;но;но;
country;cоунтри;кунтри;
yamaguchi;ямагучи;ямейгачи;
nessfitworld;нессфитворлд;нессфитворлд;
rocktape;роктапе;роктейп;
dhz;дхз;дхц;
g3;г3;г3;
true;труе;тру;
px-sport;пх-спорт;пкс-спорт;
spirit;спирит;сперит;
efsi;эфси;эфси;
fitex;фитех;фитекс;
face;фаcе;фаче;
zamberlan;замберлан;замберлан;
degree;дегрее;дегре;
eye;еие;еи;
research;ресеарч;ресирч;
tyrolia;тиролиа;тиролиа;
spray;спрай;спрей;
pieps;пиепс;пипс;
aerofit;аерофит;аерофит;
evolv;эволв;эволв;
madguy;мадгуй;мадгуи;
abus;абус;абас;
ninebot;нинебот;нинебот;
oakley;оаклей;оакли;
fouganza;фоуганза;фуганза;
ching-ching;чинг-чинг;чинг-чинг;
uvex;увех;ювекс;
domyos;домиос;домиос;
hiper;хипер;хипер;
hanwag;ханваг;ханваг;
airhole;аирхоле;аерхол;
close;cлосе;клоз;
g-plate;г-плате;г-плейт;
palplay;палплай;полплей;
domsen;домсен;домсен;
trx;трх;тркс;
solognac;сологнаc;сологнак;
wdx;вдх;вдкс;
dc;дc;дк;
kopitsov sergey;копитсов сергей;копитсов серджи;
4fun;4фун;4фан;
geonaute;геонауте;джиноьют;
bontrager;бонтрагер;бонтраджер;
profifit;профифит;профифит;
grivel;гривел;гривел;
clear;cлеар;клир;
zaxboard;захбоард;заксборд;
fire-maple;фире-мапле;фире-мапле;
cuetec;cуетеc;кьютек;
