гарденс;gardens
ниеро;niero
дЬаыдие;d'aydie
фрабоск;frabosk
лермонт;lermont
сенситиве;sensitive
сфоглиа;sfoglia
ллопарт;llopart
гаффелиере;gaffeliere
мессори;messori
грандма;grandma
селоссе;selosse
домаине арманд;domaine armand
старопрамен;staropramen
десир;desir
роуге ду чатеау;rouge du chateau
алиментари;alimentari
леа;lea
монбоусqует;monbousquet
цариллон де;carillon de
беллингхам инсигниа;bellingham insignia
пасионадо;pasionado
анна лафарг;anna lafarg
плум;plum
мембрилло;membrillo
гриззлы;grizzly
цуцумис;cucumis
ангел;angel
чантовент;chantovent
шузойо;shuzojo
валесцуре вигноблес;valescure vignobles
цреате;create
легенд оф;legend of
сымпхониа бее;symphonia bee
верноилаисе;vernoilaise
авецмои;avecmoi
лЬателиер;l'atelier
ф.x;f.x
счродел;schrodel
отт*;ott*
чатеау цлерц;chateau clerc
гуру;guru
гранд-пуы-лацосте;grand-puy-lacoste
моека;moeka
елис;elis
цасале;casale
цорине;corine
гым паста ыоунг;gym pasta young
чатеау ла;chateau la
моулине;mouline
домаине ла таилле;domaine la taille
пенотти;penotti
вине;vine
чодовар;chodovar
тхе сцоттиш;the scottish
роqуебрун;roquebrun
феллуга;felluga
чаморе;chamore
допдропс;dopdrops
хонеы;honey
сунсмиле;sunsmile
хееренграчт;heerengracht
брушес;brushes
кочстар;kochstar
роберт;robert
дЬарqуес;d'arques
феаст;feast
чефс;chefs
кwак;kwak
qегг;qegg
провенцал;provencal
счиефер;schiefer
qуинта;quinta
мела;mela
пурдеыЬс;purdey's
блацк лабел;black label
беатриx;beatrix
пицк;pick
гоодс;goods
дЬестоурнел;d'estournel
титбит;titbit
пеллехаут хармоние де;pellehaut harmonie de
баудры;baudry
оттосолди;ottosoldi
даб;dab
глобстер;globster
арм;arm
биопрацтика;biopractika
003;003
аучентошан;auchentoshan
цефиро;cefiro
бруичладдич;bruichladdich
тхе чемицал;the chemical
холлендер;hollender
кулмбачер;kulmbacher
интерлоцк;interlock
алтеро;altero
холландиа;hollandia
верони;veroni
цолеццион;coleccion
уни;uni
остериа;osteria
спиегелау;spiegelau
примо;primo
ред;red
бон;bon
пичон лонгуевилле;pichon longueville
домаине де пеллехаут;domaine de pellehaut
бланч де;blanch de
цардху;cardhu
грилл;grill
ханс;hans
даиры;dairy
wаи;wai
ил густо;il gusto
романо;romano
грунталер;gruntaler
прил;pril
чатеау папе;chateau pape
даниш;danish
ацетаиа;acetaia
силко;silko
тарлант;tarlant
маы де;may de
хеинекен;heineken
риецине;riecine
д.д.;d.d.
едрадоур;edradour
сцоттиш фине соапс;scottish fine soaps
гемисчтер;gemischter
шелим;shelim
арла;arla
аткинс &;atkins &
порцелаине цзеч;porcelaine czech
понтет;pontet
хорны;horny
ноцциолата;nocciolata
цармани;carmani
снацкарс;snackars
фрозен;frozen
винхос;vinhos
xента;xenta
лиебе;liebe
чеесе;cheese
стаы;stay
чикао;chikao
дамм;damm
домаине антонин;domaine antonin
лаб.;lab.
абуело;abuelo
чатеау павие;chateau pavie
ладелле;ladelle
ламоур;lamour
wарстеинер;warsteiner
qиа;qia
пастиццере;pasticcere
бодегас палациос;bodegas palacios
цартрон;cartron
банана;banana
нордqвист;nordqvist
боучауд ле;bouchaud le
цитран;citran
сана;sana
црунчы;crunchy
wиллиамс;williams
риверлоре;riverlore
мануоки;manuoki
йеан-марц броцард;jean-marc brocard
тарт;tart
хан;han
палм;palm
дЬорфеуиллес;d'orfeuilles
софтымо минерал;softymo mineral
дистиллеры;distillery
симонини;simonini
хонке;honke
хакушика тацуума;hakushika tatsuuma
wагон;wagon
балларини;ballarini
леqуин-цолин;lequin-colin
чатеау тоур дес;chateau tour des
ландрон;landron
франце;france
юлиетте;juliette
манука;manuka
натуре с;nature s
чоыа;choya
qуинта до;quinta do
триxие;trixie
алленде;allende
романс;romans
густо делла;gusto della
арди;ardi
хармоние;harmonie
цулемборг;culemborg
мултиплус;multiplus
риегеле;riegele
цаухапе;cauhape
лЬангелус;l'angelus
фолке;folke
гленглассаугх;glenglassaugh
францаисе;francaise
делраы беач;delray beach
тхомас фоодс;thomas foods
манцин;mancin
регал;regal
лабо;labo
аЬпиеу;a'pieu
беллингхам;bellingham
рену;renu
оде;ode
грахам;graham
велтинс;veltins
непентхе;nepenthe
силампос;silampos
литтле;little
гранто;granto
5;5
вацу;vacu
ноббы;nobby
синнацк;sinnack
диабло;diablo
фад;fad
кандылас;kandylas
цесар;cesar
й7;j7
лонг;long
францаисе де;francaise de
блацк ангус -;black angus -
пиано;piano
дЬалиберт;d'alibert
тоур дес;tour des
зипфер;zipfer
бранаире-дуцру;branaire-ducru
фернет;fernet
халал;halal
салзбург;salzburg
сунны;sunny
фармстаы;farmstay
тосцана;toscana
wинклер;winkler
педесцлауx;pedesclaux
смоца;smoca
вин;vin
цариллон;carillon
йти цо;jti co
пуница;punica
лЬарлот;l'arlot
матусалем;matusalem
рендез;rendez
нв;nv
счлеичер;schleicher
ла туилерие;la tuilerie
хаут багес;haut bages
фуйиыа;fujiya
вигнобле;vignoble
бодегас херманос;bodegas hermanos
цапо ди;capo di
етуде;etude
фламигни;flamigni
нутритион;nutrition
арцакх;artsakh
бодегас ы винедос;bodegas y vinedos
симплыроw;simplyrow
пет;pet
мен еxперт скин;men expert skin
натураверде;naturaverde
миолла;miolla
домеине;domeine
био-маx;bio-max
цонцентрате;concentrate
наме;name
wеил;weil
анwилка;anwilka
апагард;apagard
атлантицо;atlantico
ботаницал;botanical
цоурвоисиер;courvoisier
падс;pads
вох;voh
натурпродукте;naturprodukte
марqуеса;marquesa
ретреат;retreat
приеур-брунет;prieur-brunet
шакер;shaker
аткинс;atkins
леинер;leiner
лЬлле де;l'lle de
граде;grade
фиш;fish
ноире;noire
дЬиссан;d'issan
лес ормес;les ormes
ботавикос;botavikos
стиегл;stiegl
чинаwаре;chinaware
спрееwалд;spreewald
суцре;sucre
мартелл;martell
берио;berio
перриер-йоует;perrier-jouet
цампос;campos
йохнныЬс чоп;johnny's chop
аппетите;appetite
оЬхараЬс;o'hara's
белгиан;belgian
пере ет;pere et
бланц;blanc
бецкманн;beckmann
моутард;moutard
иссан;issan
петреет;petreet
чаноине;chanoine
шангхаи чикао;shanghai chikao
домеине ла;domeine la
граваиллас;gravaillas
бонны;bonny
ди сан;di san
кнаппогуе;knappogue
адега цооператива;adega cooperativa
лес ярдинс;les jardins
домаине амиот;domaine amiot
ланессан;lanessan
ги;gi
бозита;bozita
алл натурал;all natural
водопивец;vodopivec
речтенбачер;rechtenbacher
гиселе;gisele
мегами;megami
солаире;solaire
мадиа;madia
дон;don
роберто;roberto
чацра;chacra
доыац;doyac
еести;eesti
царне де;carne de
ефес;efes
подери;poderi
лорд;lord
ямесон;jameson
траwа;trawa
мй;mj
чатеау гранд цорбин;chateau grand corbin
лацтоферрин;lactoferrin
сwирл;swirl
стор;stor
хостен;hosten
сqуаре;square
стерипан;steripan
накатоми;nakatomi
италиа ин;italia in
реали;reali
шоw;show
грандс хоуx;grands houx
нестоген;nestogen
еуропол;europol
беллеграве;bellegrave
феедбацк;feedback
голдфиш;goldfish
леврана;levrana
разорс;razors
лес хауц;les hauts
фресца;fresca
бодегас цампос;bodegas campos
qуицкпацк;quickpack
кахлуа;kahlua
теро ецо;tero eco
лса;lsa
де маы де;de may de
морт;mort
косе софтымо;kose softymo
цомте де;comte de
бароне;barone
аурел;aurel
лаффитте-тестон;laffitte-teston
теачерЬс;teacher's
цзеч;czech
цасе бассе ди;case basse di
лацапелле;lacapelle
спарина;sparina
цлос;clos
софтымо;softymo
магниен;magnien
винедос;vinedos
серре;serre
хаппы;happy
мичел;michel
чатеау цос;chateau cos
4узе;4uze
греат;great
сичел;sichel
винеыард естате;vineyard estate
йеан де;jean de
лауренз;laurenz
цреам;cream
перле;perle
таи;tai
ким;kim
померолс;pomerols
ола;ola
таилле;taille
лероы;leroy
витицултори;viticultori
цоцо;coco
еxпорт;export
саинте-цлаире;sainte-claire
дЬеугение;d'eugenie
подери алдо;poderi aldo
сигнатуре;signature
гым паста;gym pasta
зацапа;zacapa
& тхе;& the
руффони;ruffoni
фит-фит;fit-fit
дЬоригнац;d'orignac
хоме оф;home of
домаине тхиерры ет;domaine thierry et
фиорелла;fiorella
барон пхилиппе;baron philippe
малпигхи;malpighi
бцл;bcl
пеллехаут;pellehaut
адреналине;adrenaline
чин-су;chin-su
алл;all
домаине ле;domaine le
дана;dana
лес вигнеронс;les vignerons
пинопассо;pinopasso
xд десигн боббы;xd design bobby
каапсе роои оуде;kaapse rooi oude
дерма;derma
идешигыо;ideshigyo
фарм;farm
чатеау беау;chateau beau
wине;wine
росес;roses
цринан;crinan
алгхеро;alghero
греенфиелд;greenfield
реалес;reales
чандон;chandon
ноодлес;noodles
гордонЬс;gordon's
целебрате;celebrate
алпасион;alpasion
бонне;bonne
цампанаро;campanaro
чаи;chai
пол-мак;pol-mak
чатеау ле;chateau le
сенсеи ла маисон;sensei la maison
био-оил;bio-oil
еуныул;eunyul
георгес;georges
аустралиан;australian
йиготт;jigott
зооеxпресс;zooexpress
зот;zot
цингтао;tsingtao
уменишики;umenishiki
валдуеза;valdueza
гранд цру;grand cru
винтури;vinturi
ду чатеау;du chateau
давид;david
wест;west
сунторы;suntory
борие;borie
нотхинг;nothing
wеингут реичсграф;weingut reichsgraf
тац;tac
висциано;visciano
поттер;potter
моро;moro
qуантум;quantum
драмбуие;drambuie
дееп;deep
домаине бруно;domaine bruno
моремо;moremo
пеззетти;pezzetti
неил;neil
циллит;cillit
монастерио;monasterio
ора2;ora2
лемон;lemon
боулард;boulard
цлаир;clair
пирон;piron
ла порта;la porta
фонд;fond
козел;kozel
маринеx;marinex
цаб приме;cab prime
судуираут;suduiraut
бриссон;brisson
дгй;dgj
пеарл ривер;pearl river
церетто;ceretto
гарзон-малдонадо;garzon-maldonado
серристори;serristori
барон пхилиппе де;baron philippe de
мд;md
шангхаи;shanghai
еинс зwеи;eins zwei
бранди;brandi
аллдаыс;alldays
соы;soy
финест;finest
грондард;grondard
ивв;ivv
хаус;haus
фасс;fass
домаине лес грандс;domaine les grands
зецца;zecca
гемма;gemma
траqуаир;traquair
цлицqуот;clicquot
напла;napla
тестон;teston
домаине хуберт;domaine hubert
и;i
мирафлорес;miraflores
сан гиулиано;san giuliano
минимаx;minimax
те;te
спелта;spelta
лЬеглис;l'eglis
цаталан;catalan
мале;male
гнарлы;gnarly
ишихара;ishihara
мере;mere
тхаиланд;thailand
цалитерра;caliterra
пагар;pagar
бацарди;bacardi
гиусти;giusti
есприт де;esprit de
пхелпс;phelps
буттер;butter
цадиллац;cadillac
наты;naty
дп;dp
бацкереи;backerei
лавилле;laville
реичсграф;reichsgraf
пеепс;peeps
енгланд;england
ивв еверы;ivv every
таи чинаwаре;tai chinaware
лес хауц де;les hauts de
диллон;dillon
йетботтле;jetbottle
рочеырон;rocheyron
фонтарнеы;fontarney
батисте;batiste
цомпагние;compagnie
соапс;soaps
ерразуриз;errazuriz
галс;gals
цреате ыоур монстер;create your monster
ангры;angry
лоубанеы;loubaney
лебрун;lebrun
гертруде;gertrude
вплаб;vplab
баланце;balance
деверон;deveron
амиот гуы;amiot guy
беам;beam
ин а;in a
мосцони;mosconi
таилладе;taillade
десигн боббы;design bobby
оат;oat
сублиме;sublime
лЬателиер ду;l'atelier du
чамцалет;chamcalet
лв;lv
тампаx;tampax
тхрее;three
арболеда;arboleda
буис;buis
диар;diar
бандаросса;bandarossa
беллингхам инсигниа серие;bellingham insignia serie
белведер;belveder
дал;dal
ямие;jamie
алце;alce
строначие;stronachie
мен;men
фиоренте;fiorente
герардо;gerardo
веуве;veuve
ларионов селецт;larionov select
сиберица;siberica
волоуте;voloute
буббиес;bubbies
марбелле;marbelle
ле перд;le perd
полйе;polje
юрассиц;jurassic
банфи;banfi
конитз;konitz
д`аурилхац;d`aurilhac
цалдора;caldora
цантине;cantine
злато;zlato
пате;pate
йенс;jens
цоринто;corinto
тхиерры ет;thierry et
чапелле;chapelle
чатеау ла цроиx;chateau la croix
wаx;wax
роуге ду;rouge du
мармалузи;marmaluzi
процомфорт;procomfort
привате;private
латтессо;lattesso
хорст;horst
фамилиа деицас;familia deicas
барде-хаут;barde-haut
сенсеи ла;sensei la
маисон ду;maison du
сиаурац;siaurac
бонсаи;bonsai
чатеау пхелан;chateau phelan
антицо молино;antico molino
монтЬарqуато;mont'arquato
домаине ывес;domaine yves
цомпаниа;compania
дистиллерие;distillerie
целлар;cellar
хеад;head
милла халал;milla halal
гленротхес;glenrothes
порта ди;porta di
алоинс;aloins
серра;serra
р.а.w.лифе;r.a.w.life
хеалтх;health
сохни-wицке;sohni-wicke
марqуеса де;marquesa de
чатеау ла туилерие;chateau la tuilerie
ецовер;ecover
цорпоратион;corporation
боуеы;bouey
хеннессы;hennessy
андреЬс;andre's
фрау;frau
бирра;birra
аззуро;azzuro
тета;teta
теены;teeny
исме;isme
вина;vina
фреунде;freunde
1ст;1st
раисон;raison
коста;kosta
гуир;guir
гранд-мере;grand-mere
цантемерле;cantemerle
лагоон;lagoon
алнардо;alnardo
поми;pomi
бодегас хорацио;bodegas horacio
хеиди;heidi
ыаокин;yaokin
мароЬсчип43;maro'schip43
фаирвиеw;fairview
ашмеад;ashmead
ротхсчилд;rothschild
хоегаарден;hoegaarden
шур;shur
wингс;wings
имбалл;imball
лЬореал скин;l'oreal skin
юмп енергы;jump energy
елеы;eley
дагуенеау &;dagueneau &
леовилле;leoville
вецчио;vecchio
еиселе винеыард естате;eisele vineyard estate
амстел;amstel
фамилиа;familia
лЬор;l'or
адриона;adriona
чина плум;china plum
мепси;mepsi
улыссе;ulysse
естеларе институте;estelare institute
традитионал мессори;traditional messori
америцо;americo
хацкер-псчорр;hacker-pschorr
гролсч;grolsch
фоодс;foods
десцендиентес;descendientes
wармиес;warmies
боддингтонс;boddingtons
ларионов;larionov
симилац;similac
лафарг;lafarg
wеллеры;wellery
чиллафиш бунзи;chillafish bunzi
топ;top
вега дел;vega del
ваилы;vaily
домини;domini
порцелаине цзеч голд;porcelaine czech gold
биг;big
нанопротеч;nanoprotech
цзеч голд;czech gold
мырон;myron
киwи;kiwi
сороци;soroci
родез;rodez
оде то;ode to
супермарио;supermario
лес грандс хоуx;les grands houx
гасниер;gasnier
теро;tero
тоwн;town
софт;soft
риверс;rivers
лагавулин;lagavulin
фаце;face
марqуес де;marques de
треатмент;treatment
исобел;isobel
агрицола сан;agricola san
цуп;cup
дЬанйоу;d'anjou
бееф.он;beef.on
марчеси;marchesi
домаине георгес;domaine georges
херо;hero
потенсац;potensac
паста дел;pasta del
боулангере;boulangere
мат&лоу;mat&lou
хиллwаы;hillway
берлингер;berlinger
цлеар;clear
цристофоро;cristoforo
аqа;aqa
еxпертисе;expertise
wолпертингер;wolpertinger
снацк;snack
бланц ду;blanc du
фоундерс;founders
цастилло де;castillo de
ма;ma
кендерманн;kendermann
алмавива;almaviva
цереалс;cereals
цоw;cow
смартwатер;smartwater
анселми;anselmi
лас;las
цо;co
оригинал;original
мунчкин;munchkin
реыка;reyka
ритинитис;ritinitis
мондоро;mondoro
шериданЬс;sheridan's
трест;trest
цру;cru
лунарис;lunaris
гефу;gefu
юицы;juicy
неwцастле;newcastle
фелице;felice
xл-с;xl-s
маргауx;margaux
луxпласт;luxplast
дес деуx;des deux
ливинг;living
елисабетх;elisabeth
подере;podere
сицилиана;siciliana
ферме;ferme
орихиро;orihiro
ниссан;nissan
цорнетто;cornetto
хиллЬс;hill's
боучард пере &;bouchard pere &
курт;kurt
кеспер;kesper
д`орфеуиллес;d`orfeuilles
ангус;angus
гаитеро;gaitero
гартенз де;gartenz de
й.м;j.m
фоурцас-борие;fourcas-borie
чатеау цертан де;chateau certan de
гоугес;gouges
пеллехаут хармоние;pellehaut harmonie
миыоши;miyoshi
цецу;cecu
wалш;walsh
далер;daler
цалабриа фамилы;calabria family
греенгате;greengate
грас;gras
домаине де валесцуре;domaine de valescure
строцк брот;strock brot
ецо;eco
тигер;tiger
строцк;strock
монтросе;montrose
солан;solan
китчен&лове;kitchen&love
бараде;barade
фрапин;frapin
парастоне;parastone
бритиш;british
газин;gazin
атиза;atiza
мирацле;miracle
еверыдаы;everyday
манн;mann
гацбы;gatsby
1862;1862
зwиллинг;zwilling
бонго;bongo
тоуqуе;touque
бридге;bridge
суцран;sucran
подере сан;podere san
мил;mil
бодега;bodega
неро;nero
ерленбачер;erlenbacher
сцотти;scotti
игор ларионов селецт;igor larionov select
бруцк;bruck
дувел;duvel
пеллегрино;pellegrino
интерцон;intercon
фраичеур;fraicheur
оцта;octa
рочер;rocher
домаине пиерре;domaine pierre
амт;amt
ле цонсерве делла;le conserve della
фаустино;faustino
милл;mill
хоусе;house
хеад олд;head old
сегур;segur
леовилле-бартон;leoville-barton
флор;flor
марсеиллаис;marseillais
лонгуевилле;longueville
фредериц;frederic
цриста;crista
пате гранд;pate grand
легитиме;legitime
коопман интернатионал;koopman international
труефитт;truefitt
роуте;route
цапе;cape
хан алл даенг;han all daeng
бурн стеwарт;burn stewart
ноеллат;noellat
гендрес;gendres
пройецт;project
биологиqуес;biologiques
миел;miel
язз;jazz
маисон;maison
цолтерензио;colterenzio
дунцан с оф;duncan s of
лебелаге;lebelage
силвер;silver
беаутысwеетиес;beautysweeties
реина;reina
вердиер;verdier
оренбееф;orenbeef
гургуе;gurgue
серене;serene
алеес де;alees de
франтоио ди санта;frantoio di santa
олмеца;olmeca
фиорини;fiorini
цорнале;cornale
тоффлы;toffly
цлассицо;classico
премиум;premium
ылви;ylvi
ле перд сон;le perd son
цлассицс;classics
баллантинеЬс;ballantine's
еверы;every
мадли;madli
ипкн;ipkn
тм;tm
леитхакалк;leithakalk
дурфорт-вивенс;durfort-vivens
хоур;hour
метревели;metreveli
молы;moly
педисон;pedison
ыур;yur
волкомолко;volkomolko
ыотуел;yotuel
цос;cos
хенри;henri
клее;klee
фатториа дел;fattoria del
бодегас;bodegas
плантагенет;plantagenet
роует;rouet
палмиа;palmia
гранд цру цлассе;grand cru classe
холика;holika
wелцос;welcos
ангелус;angelus
гастрономие;gastronomie
сача;sacha
делирио;delirio
блацк;black
мароло;marolo
мицробоац;microboats
милцо;milco
аргана;argana
дринкс;drinks
вие;vie
палаис дес;palais des
чат;chat
сирене де;sirene de
трее;tree
специалитес;specialites
албарино;albarino
аqуафарм;aquafarm
црисналинас;crisnalinas
сапонариа;saponaria
емиле;emile
галлеры;gallery
ле цариллон де;le carillon de
марц цолин;marc colin
чурчилл;churchill
ла даме де;la dame de
лацтимилк;lactimilk
тремблаы;tremblay
панелуx;panelux
баго;bago
фром;from
деи;dei
вертине;vertine
лес qуатре;les quatre
иглоо;igloo
млинар;mlinar
монмоуссеау;monmousseau
домаине цомте георгес;domaine comte georges
цасе бассе;case basse
пеппадоро;peppadoro
бадгер;badger
раузан-сегла;rauzan-segla
барберс;barbers
ецлат;eclat
кампот;kampot
иворы;ivory
ларqуеы;larquey
цакирис;tsakiris
рулиано;ruliano
фор;for
солутионс;solutions
wиллиам;william
блантонЬс;blanton's
имаге;image
тертре;tertre
де грааф;de graaf
qуицкбуры;quickbury
емилио;emilio
паул;paul
сцоттиш;scottish
шибуцли;shibucli
ла цлосерие де;la closerie de
мр.пропер;mr.proper
с оф;s of
фраутест;frautest
цоолвит;coolvit
дец;dec
тацуума;tatsuuma
лионс;lions
лорраине;lorraine
со-мен;so-men
либерал;liberal
ла виея;la vieja
qнт;qnt
сиерра;sierra
лыоннат;lyonnat
тогнетти;tognetti
обан;oban
кангуру;kanguru
& тим ице;& tim ice
лоуис;louis
ноыа;noya
дуцлауx фамилле;duclaux famille
ашмеад гранд;ashmead grand
еат;eat
чатеау ду;chateau du
ил густо делла;il gusto della
виллаге;village
счоколаде;schokolade
гуиллауме;guillaume
колн;koln
ла даме;la dame
блуесеа;bluesea
тибетЬс;tibet's
делифранце;delifrance
wалш wхискеы;walsh whiskey
моми;momi
нелла;nella
мессаге;message
закс;zaks
тоуч ин;touch in
ботаницалс;botanicals
феуди;feudi
лес пелеринс;les pelerins
пхилиппоннат;philipponnat
боттле;bottle
бара;bara
ла таилле ауx;la taille aux
коелф;koelf
цаменсац;camensac
ла росе дес;la rose des
хосанна;hosanna
нигл;nigl
цонфисерие;confiserie
xтреме;xtreme
летЬс;let's
лес целлиерс;les celliers
малесцот;malescot
цоннетабле де;connetable de
юнлове;junlove
вандемоортеле;vandemoortele
рогер;roger
реqуингуа;requingua
дуплессис;duplessis
фелтон;felton
пиерре;pierre
стуфф;stuff
зwиллинг й.а;zwilling j.a
реине;reine
боwморе;bowmore
бласон дЬ;blason d'
фатториа;fattoria
киндл;kindl
ду-цассе;du-casse
дуц де;duc de
роуге;rouge
натуре;nature
счрадер;schrader
плунгер;plunger
натуре лове;nature love
тиц;tic
булбботз;bulbbotz
юлиус;julius
плаы-дох;play-doh
wилмаx;wilmax
вие ди;vie di
земса;zemsa
аимеры;aimery
е-тоwел;e-towel
гранд цорбин;grand corbin
wеллафлеx;wellaflex
чапелле де;chapelle de
вивиенне;vivienne
чатеау фоурцас;chateau fourcas
чатеау де;chateau de
фрутта;frutta
наро;naro
флеx;flex
мар;mar
сангоуард;sangouard
цастелнеау;castelneau
чатеау сингле;chateau single
финн;finn
самыанг;samyang
тартуфи;tartufi
янарат;janarat
херманос;hermanos
даррозе;darroze
лет;let
qуиот;quiot
даупхин;dauphin
паразолс;parazols
маипо;maipo
валесцуре;valescure
лынгрове;lyngrove
генератион;generation
лаланде-борие;lalande-borie
33;33
япанесе;japanese
патрон;patron
сауце;sauce
qуаттроциоцчи;quattrociocchi
wеингут реичсграф вон;weingut reichsgraf von
ог;og
дунцан с;duncan s
симплы;simply
лацор;lacor
буттермилк;buttermilk
муриер;murier
поуйеауx;poujeaux
наполи;napoli
талискер;talisker
марчеси деЬ;marchesi de'
домаине;domaine
ла маисон;la maison
бебиан;bebian
лигниер;lignier
миссион;mission
гоосе;goose
маитре де;maitre de
wинеры;winery
гомез;gomez
сеа;sea
лЬорфеврерие;l'orfevrerie
хан алл;han all
домаине марц;domaine marc
бионова;bionova
ринго;ringo
монтифауд;montifaud
аранлеон;aranleon
ыавне;yavne
нуц;nuts
бирдс;birds
цепа;cepa
бодегас хорацио гомез;bodegas horacio gomez
чихару;chiharu
амбал;ambal
кирчепфад;kirchepfad
теч;tech
густи;gusti
биона;biona
сцарлинпизза;scarlinpizza
чатеау;chateau
нитеизе;niteize
бодегас вента;bodegas venta
лоиц;loic
веленоси;velenosi
броwне;browne
рисо;riso
чатеау лаланде;chateau lalande
домаинес;domaines
умбре;umbre
лЬетиваз;l'etivaz
деЬ;de'
граин;grain
милла;milla
симплыгреен;simplygreen
гинестет;ginestet
салубриоус;salubrious
боунты;bounty
лес пагодес де;les pagodes de
бырне;byrne
чартогне-таиллет;chartogne-taillet
де лЬлле;de l'lle
флирт;flirt
таке;take
гросперрин;grosperrin
йосепх пхелпс;joseph phelps
домаине дуцлауx;domaine duclaux
парент;parent
чатеау пичон лонгуевилле;chateau pichon longueville
интер-вион;inter-vion
але;ale
глассwаре;glassware
соррел;sorrel
милк;milk
павиллон бланц;pavillon blanc
биомеалс;biomeals
молисана;molisana
цаттони;cattoni
дЬла;d'la
перд сон;perd son
пагодес;pagodes
виет;viet
б.;b.
ванаян;vanajan
умбра;umbra
фромнатуре;fromnature
домаине серге дагуенеау;domaine serge dagueneau
гранны`с;granny`s
роугие;rougie
триллол;trillol
боучерие;boucherie
14-18х;14-18h
чатеау белле;chateau belle
солан де;solan de
грант;grant
вегдиет;vegdiet
дЬоурс;d'ours
руинарт;ruinart
органика;organika
путты;putty
саы;say
сеишу;seishu
блеуец;bleuets
деад;dead
рим;rim
зоттер;zotter
принципе;principe
зира;zira
днц;dnc
wондер;wonder
отард;otard
милмил;milmil
царбонниеуx;carbonnieux
бонделамар;bondelamar
пурепротеин;pureprotein
wелч;welch
хакодате;hakodate
лес грандс;les grands
понтет-цанет;pontet-canet
бодыбар;bodybar
гардине;gardine
едоуард;edouard
мацqуин;macquin
финца ла;finca la
течниqуес;techniques
скин79;skin79
бласон;blason
брио де;brio de
царте;carte
нови;novi
домаине тхиерры;domaine thierry
ама;ama
5тх;5th
пере;pere
оррефорс;orrefors
латоур;latour
наыута;nayuta
грессер;gresser
шадрапа;shadrapa
6;6
ррцуп;rrcup
б;b
нут;nut
урбани;urbani
ыоур монстер;your monster
негро;negro
челсеа;chelsea
1882;1882
дорсет;dorset
xааx;xaax
wорцестер;worcester
алтер его;alter ego
тхе пурпле;the purple
тwо;two
фиеузал;fieuzal
напа;napa
папа;papa
ла мисо ла;la miso la
чатеау ла миссион;chateau la mission
салтон;salton
монтелобос;montelobos
гроусе;grouse
бакериес;bakeries
вацувин;vacuvin
цабрас;cabras
старбуцкс;starbucks
марианна;marianna
риваге;rivage
веырац;veyrac
росе;rose
бонхосте;bonhoste
келсен;kelsen
цалидрис;calidris
хеатхцоте &;heathcote &
беллевуе;bellevue
фрискиес;friskies
47;47
оригин;origin
евер;ever
супериоре;superiore
спа бы;spa by
qуаттро;quattro
ецо норанг;eco norang
грасе;grase
еат wатер;eat water
белведере;belvedere
спол.с.р.о;spol.s.r.o
густо;gusto
гиллес;gilles
пиерре гимоннет &;pierre gimonnet &
терра дел;terra del
аббот;abbot
рудд;rudd
оригами;origami
ду;du
диас;dias
еггенберг;eggenberg
юмеx;jumex
дЬардхуы;d'ardhuy
3w;3w
ван;van
рич;rich
тхе тоwн;the town
бруниер;brunier
хаут-беаусейоур;haut-beausejour
росиерс;rosiers
талбот;talbot
серге дагуенеау;serge dagueneau
биомио;biomio
алwаыс ултра платинум;always ultra platinum
аугустинер;augustiner
блуме;blume
прац;prats
бонны доон;bonny doon
барбара;barbara
алфонсо;alfonso
дог;dog
кмпц;kmpc
далем;dalem
матигнон;matignon
гуы;guy
мевиоил;mevioil
мадама;madama
заб;zab
ренеwал;renewal
иснтрее;isntree
алпро;alpro
доон;doon
броцард;brocard
традитионал;traditional
финист;finist
антиподес;antipodes
паул анд;paul and
дучессе де;duchesse de
цалабриа;calabria
-;-
метте;mette
дрогхериа е;drogheria e
пантене;pantene
венети;veneti
провиденце;providence
йим;jim
и лецци;i lecci
граымелин;graymelin
темпио;tempio
медитерранеан оливе;mediterranean olive
павиллон роуге ду;pavillon rouge du
пелеринс де;pelerins de
паыне;payne
бохемиа;bohemia
америцан;american
боббы;bobby
ловерс;lovers
павие;pavie
перла;perla
макерЬс;maker's
й.а;j.a
геоффроы;geoffroy
пеппер;pepper
револутион;revolution
селецционада;seleccionada
нимбус;nimbus
боучон;bouchon
хелиос;helios
гравнер;gravner
епица;epica
домаине лафарге;domaine lafarge
тов;tov
геомар;geomar
дино;dino
фантасы;fantasy
золла;zolla
грассо;grasso
доубле;double
финлагган;finlaggan
монтпезат;montpezat
бат;bat
доудоу ет;doudou et
еxцелленце;excellence
чатеау цоте;chateau cote
моулин де;moulin de
аwард;award
порфиа;porfia
марц цолин ет;marc colin et
соуплине;soupline
баер;baer
момотани;momotani
кхири;khiri
даенг ги;daeng gi
чикори;chikori
еуропеан;european
филиппо;filippo
андре;andre
пеарл;pearl
бодегас сан;bodegas san
еллелхоце;ellelhotse
гривот;grivot
саинт;saint
рицами;ricami
лапхроаиг;laphroaig
биалетти;bialetti
тхе стумп;the stump
гимоннет;gimonnet
вароиллес;varoilles
ет пасцале;et pascale
даниелЬс;daniel's
мон теро ецо;mon tero eco
ремондо;remondo
спицед;spiced
троллс;trolls
нано;nano
дисаронно;disaronno
ла цроиx;la croix
майоретте;majorette
матти;matti
додици;dodici
лагуне;lagune
гиацомо;giacomo
вигнеронс де лЬлле;vignerons de l'lle
генки;genki
саносан;sanosan
баруффалди;baruffaldi
геккеикан;gekkeikan
хималаыа;himalaya
франкЬс;frank's
перрон;perron
алеес;alees
тхалго;thalgo
таке а слим;take a slim
мако;mako
фацкелманн;fackelmann
цорине де;corine de
чарлес;charles
хедгес&бутлер;hedges&butler
риеуссец;rieussec
шим;shim
роыале;royale
бе;be
поллино;pollino
аустралиан бы;australian by
антица;antica
тена;tena
пецтагес;petstages
хинийини;hinijini
цомтессе;comtesse
птит;ptit
цолин ет;colin et
дагуенеау;dagueneau
салвиано;salviano
цамеллиа;camellia
монсиер;monsier
xз;xz
диамонд;diamond
лонгуевилле цомтессе де;longueville comtesse de
спице;spice
нада нотхинг;nada nothing
стеелпоwер;steelpower
кесидис;kesidis
фиддес;fiddes
ла роqуе;la roque
анчорс;anchors
цоннетабле;connetable
1698;1698
пинтиа;pintia
в-фит;v-fit
виолета;violeta
ливингхоусе;livinghouse
аизу;aizu
лецци делла;lecci della
дриве фор;drive for
лес вигноблес;les vignobles
стицк;stick
хелга;helga
оф оригин;of origin
леяы;lejay
терраматер;terramater
сота;sota
лес пелеринс де;les pelerins de
силва;silva
цоуприе;couprie
ла тоур де;la tour de
маырац;mayrac
ефенди;efendi
боучауд;bouchaud
бассе ди гианфранцо;basse di gianfranco
риедел;riedel
хербарус;herbarus
грунwелт;grunwelt
чатеау де ла;chateau de la
ла хауте;la haute
согни ди;sogni di
де цантенац;de cantenac
томато;tomato
гилетте;gilette
1волта;1volta
wеидер;weider
йемо;jemo
вигнети;vigneti
тогнана;tognana
лЬлле;l'lle
серге;serge
мерриес аир;merries air
21;21
тхатчерс;thatchers
моннет;monnet
романее-цонти;romanee-conti
кладопоулоу;kladopoulou
чарпентрон;charpentron
бланц ду чатеау;blanc du chateau
ди&ди;di&di
цастелло ди;castello di
кармелиет;karmeliet
теа;tea
ецо-маx;eco-max
рцр;rcr
ецуссон;ecusson
доминио де;dominio de
wиде;wide
qуатре тоурс;quatre tours
медитерранеан;mediterranean
артзнер;artzner
йосе;jose
помато;pomato
дицкие;dickie
де маы;de may
брот;brot
дурсо;durso
мацаллан;macallan
де лЬлле де;de l'lle de
аустралиа;australia
домаине марц цолин;domaine marc colin
ыуши;yushi
легенд;legend
хауц;hauts
бурге;burge
тудор;tudor
цлассе чатеау;classe chateau
еиселе винеыард;eisele vineyard
а слим;a slim
бартолини;bartolini
светла;svetla
тоурс;tours
стронгбоw;strongbow
петрус;petrus
харп;harp
грегорио;gregorio
гф;gf
монанге;monange
ис;is
шоп;shop
цлосерие де;closerie de
маxимин;maximin
доминго;domingo
хуxол;huxol
цасес;cases
парадисо;paradiso
марее;maree
цертифиед;certified
адега;adega
клингенфус;klingenfus
цонтенц;contents
феста;festa
парас;paras
брио;brio
моменто;momento
ламбраыс;lambrays
цаса цосте;casa coste
ароунд;around
аса;asa
аqуитаине;aquitaine
фелициа;felicia
балвение;balvenie
пеппаррот;pepparrot
татаы;tatay
пурина;purina
фида;fida
россе;rosse
моет &;moet &
моха;moha
сцарноцчио;scarnocchio
фабрице;fabrice
мочи;mochi
аморе;amore
скин;skin
цооксмарт;cooksmart
рончи;ronchi
цомте георгес де;comte georges de
ла пиззута;la pizzuta
салазар;salazar
форма;forma
китекат;kitekat
паин дес;pain des
булмерс;bulmers
дуц;duc
скинцаре;skincare
система;sistema
барбиер;barbier
мелоды;melody
меггле;meggle
тереза;tereza
дистелл;distell
цаффе;caffe
сирене;sirene
игор ларионов;igor larionov
бристот;bristot
цолин-мореы;colin-morey
цардинал де;cardinal de
ливен;liven
сапори ди;sapori di
ла чапелле де;la chapelle de
4усе;4use
порта;porta
тропицал;tropical
его де;ego de
ачавал-феррер;achaval-ferrer
млекара;mlekara
хаут-медоц де;haut-medoc de
шавинг;shaving
сарма;sarma
пармоние;parmonie
анд;and
цларенце диллон;clarence dillon
франтоио;frantoio
смитх;smith
бодегас яуме;bodegas jaume
аqуелла;aquella
агрочемие;agrochemie
бецк;beck
шары;shary
абсолут;absolut
чевал;cheval
пуффенеы;puffeney
сангиоргио;sangiorgio
битоуч;bitouch
цардинал;cardinal
гинза;ginza
чеетос;cheetos
органиа;organia
субите;subite
палаис;palais
шокобуцу;shokobutsu
чатеау моулин;chateau moulin
франзисканер;franziskaner
бегхин;beghin
броцард домаине;brocard domaine
трамиер;tramier
лансон;lanson
десцендиентес де йосе;descendientes de jose
ал;al
оливиер лефлаиве;olivier leflaive
цалендреау;calendreau
ецос;ecos
чатеау пичон-лонгуевилле;chateau pichon-longueville
хоутен;houten
китчен;kitchen
беауте;beaute
царне;carne
афиче;afiche
согни;sogni
ома;oma
трипел;tripel
бунзи;bunzi
цосте;coste
раимбаулт;raimbault
цосметиц;cosmetic
цасе;case
саирме;sairme
нонино;nonino
хаитер;haiter
бланч;blanch
деесиде;deeside
хи;hi
цасцина;cascina
фарме;farme
солис;solis
хаммерл;hammerl
хомаре;homare
смацкер;smacker
гадаис;gadais
дЬалмерита;d'almerita
молоко;moloko
херве;herve
моуеиx;moueix
уничарм;unicharm
деwал;dewal
оливиер;olivier
фресчелло;freschello
дистиллерс;distillers
хокусецу;hokusetsu
дистиллинг;distilling
натуреЬс;nature's
цемои;cemoi
мата;mata
qуатре;quatre
цоокиес;cookies
спеед;speed
баги/уницум;bagi/unicum
мехмет;mehmet
грос;gros
хоуx;houx
томорроw`с;tomorrow`s
рамбаудс;rambauds
цертан де маы;certan de may
соуани;souani
гартенз;gartenz
грееце;greece
бране-цантенац;brane-cantenac
тенута;tenuta
сауер;sauer
беррисом;berrisom
ги мео;gi meo
qдо;qdo
органиц;organic
лес qуатре тоурс;les quatre tours
принцесс;princess
немирофф;nemiroff
солар;solar
стаx;stax
ет;et
нагатоыа;nagatoya
марини;marini
чунгюнгоне;chungjungone
хааген;haagen
сафе;safe
готофф;gotoff
специал;special
фирензе;firenze
никка;nikka
доммиx;dommix
тхаи;thai
чанце;chance
златеа;zlatea
фландрес;flandres
ди гианфранцо;di gianfranco
цлинет;clinet
фамоус;famous
фатториа ла;fattoria la
делициа;delicia
агрицола реqуингуа;agricola requingua
антон студио;anton studio
цй;cj
гемене;gemene
вегетабле;vegetable
дентор;dentor
митомо;mitomo
тигнанелло;tignanello
алаин;alain
беллы;belly
мортлач;mortlach
хортеx;hortex
синглетон;singleton
чипс;chips
ми@ко;mi@ko
цомпацт;compact
wхиттард;whittard
труефитт анд;truefitt and
буд;bud
лафиторе;lafitore
лагравиере;lagraviere
гимоннет &;gimonnet &
ганциа;gancia
фамилле;famille
цасали;casali
снацк&фун;snack&fun
чатеау чевал;chateau cheval
чампигнон;champignon
лтд;ltd
фрагранце;fragrance
дЬамандиер;d'amandier
марочип;marochip
туилерие ду;tuilerie du
салес;sales
цантенац;cantenac
гленморангие;glenmorangie
перлаx;perlax
ланд;land
манзанилла пасада;manzanilla pasada
охе агрочемие;ohe agrochemie
биллецарт-салмон;billecart-salmon
луне;lune
цостиерес де;costieres de
ессенце;essence
чатеау роц;chateau roc
чатенет;chatenet
мечаницал;mechanical
домаине де ла;domaine de la
цлоуды;cloudy
йенс счлеичер;jens schleicher
амери;ameri
феуди ди;feudi di
риголаде;rigolade
доппелхерз;doppelherz
домаине реине;domaine reine
дреамиес;dreamies
ченевиерес;chenevieres
грове;grove
са;sa
охе;ohe
ецоловиста;ecolovista
пастора;pastora
бакеры;bakery
асиаго;asiago
боx;box
йерры;jerry
акита;akita
варвелло;varvello
босца;bosca
сqуаре оуде;square oude
пиу;piu
плантерс;planters
мариангела;mariangela
малоны;malony
пдц;pdc
вигнеронс де ла;vignerons de la
бортоломиол;bortolomiol
ла сирене де;la sirene de
вреденхоф;vredenhof
гундерлоч;gunderloch
бранцаиа;brancaia
впрове итЬс;vprove it's
пиззута дел;pizzuta del
саирме минерал;sairme mineral
аргыле;argyle
меине;meine
роланд&амп;roland&amp
бранаире;branaire
естеларе;estelare
бодегас герардо;bodegas gerardo
цанена;canena
цантина;cantina
фелинесе;felinese
пастинос;pastinos
криек;kriek
цотон;coton
тонг;tong
готтис;gottis
цосима;cosima
у;u
тиссуе;tissue
мелима;melima
новас;novas
беырие;beyrie
спорт;sport
сцоттиш фине;scottish fine
беауты;beauty
лоск;losk
стеwарт;stewart
валпараисо;valparaiso
гуззини;guzzini
мирор;miror
лланг;llang
саилор йерры;sailor jerry
магнерс;magners
фуллерс;fullers
банан;banan
- центер;- center
лафлеур-газин;lafleur-gazin
оwл;owl
диго;digo
хеад &;head &
даенг ги мео;daeng gi meo
мугс;mugs
моринага;morinaga
монтевертине;montevertine
прац &;prats &
домаине де;domaine de
реисентхел;reisenthel
деоница;deonica
црисп;crisp
шоулдерс;shoulders
браида;braida
роыал селецтион;royal selection
дуралеx;duralex
ывес;yves
мартраы;martray
игор;igor
елирис;eliris
викЬс;vik's
мисура;misura
ноте;note
блуе хиллс;blue hills
коняк;konjak
qуеен;queen
пец;pets
серие;serie
исола деи;isola dei
сгамбаро;sgambaro
дицора;dicora
гхидини;ghidini
теаморе;teamore
тутто;tutto
ри;ri
яцqуес;jacques
виллмонте;villmonte
фине соапс;fine soaps
пиерре-луц;pierre-luc
ериц;eric
гиацоса;giacosa
росазза;rosazza
wхискеы;whiskey
коу;kou
кремлин;kremlin
торино;torino
робин;robin
овисолио;ovisolio
бабы пройецт;baby project
ханхуи;hanhui
фабрица;fabrica
глен;glen
линцк;linck
литтлест;littlest
хорсес;horses
чевалиер;chevalier
дЬесцланс;d'esclans
