old_trans;eng_word;new_trans
﻿гарденс;gardens;гарденс;
ниеро;niero;ниеро;
дЬаыдие;d'aydie;д'аидие;
фрабоск;frabosk;фрабоск;
лермонт;lermont;лермонт;
сенситиве;sensitive;сенситиве;
сфоглиа;sfoglia;сфоглиа;
ллопарт;llopart;ллопарт;
гаффелиере;gaffeliere;гаффелиере;
мессори;messori;мессори;
грандма;grandma;грандма;
селоссе;selosse;селоссе;
домаине арманд;domaine armand;домаине арманд;
старопрамен;staropramen;старопрамен;
десир;desir;десир;
роуге ду чатеау;rouge du chateau;роуге ду чато;
алиментари;alimentari;алиментари;
леа;lea;ли;
монбоусqует;monbousquet;монбоусквет;
цариллон де;carillon de;кариллон де;
беллингхам инсигниа;bellingham insignia;беллингхам инсигниа;
пасионадо;pasionado;пасионадо;
анна лафарг;anna lafarg;анна лафарг;
плум;plum;плум;
мембрилло;membrillo;мембрилло;
гриззлы;grizzly;гриззли;
цуцумис;cucumis;кукумис;
ангел;angel;ангел;
чантовент;chantovent;чантовент;
шузойо;shuzojo;шузоджо;
валесцуре вигноблес;valescure vignobles;валескуре вигноблес;
цреате;create;креате;
легенд оф;legend of;легенд оф;
сымпхониа бее;symphonia bee;симфониа би;
верноилаисе;vernoilaise;верноилаисе;
авецмои;avecmoi;авекмои;
лЬателиер;l'atelier;л'ателиер;
ф.x;f.x;ф.кс;
счродел;schrodel;шродел;
отт*;ott;отт;
чатеау цлерц;chateau clerc;чато клерк;
гуру;guru;гуру;
гранд-пуы-лацосте;grand-puy-lacoste;гранд-пуи-лакосте;
моека;moeka;моека;
елис;elis;элис;
цасале;casale;касале;
цорине;corine;корине;
гым паста ыоунг;gym pasta young;гим паста йоунг;
чатеау ла;chateau la;чато ла;
моулине;mouline;моулине;
домаине ла таилле;domaine la taille;домаине ла таилле;
пенотти;penotti;пенотти;
вине;vine;вине;
чодовар;chodovar;чодовар;
тхе сцоттиш;the scottish;те скоттиш;
роqуебрун;roquebrun;роквебрун;
феллуга;felluga;феллуга;
чаморе;chamore;чаморе;
допдропс;dopdrops;допдропс;
хонеы;honey;хоней;
сунсмиле;sunsmile;сунсмиле;
хееренграчт;heerengracht;хиренграчт;
брушес;brushes;брушес;
кочстар;kochstar;кочстар;
роберт;robert;роберт;
дЬарqуес;d'arques;д'арквес;
феаст;feast;феаст;
чефс;chefs;чефс;
кwак;kwak;квак;
qегг;qegg;кегг;
провенцал;provencal;провенкал;
счиефер;schiefer;шиефер;
qуинта;quinta;квинта;
мела;mela;мела;
пурдеыЬс;purdey's;пурдейс;
блацк лабел;black label;блак лабел;
беатриx;beatrix;беатрикс;
пицк;pick;пик;
гоодс;goods;гудс;
дЬестоурнел;d'estournel;д'естоурнел;
титбит;titbit;титбит;
пеллехаут хармоние де;pellehaut harmonie de;пеллехаут хармоние де;
баудры;baudry;баудри;
оттосолди;ottosoldi;оттосолди;
даб;dab;даб;
глобстер;globster;глобстер;
арм;arm;арм;
биопрацтика;biopractika;биопрактика;
003;003;003;
аучентошан;auchentoshan;аучентошан;
цефиро;cefiro;кефиро;
бруичладдич;bruichladdich;бруичладдич;
тхе чемицал;the chemical;те чемикал;
холлендер;hollender;холлендер;
кулмбачер;kulmbacher;кулмбачер;
интерлоцк;interlock;интерлок;
алтеро;altero;алтеро;
холландиа;hollandia;холландиа;
верони;veroni;верони;
цолеццион;coleccion;колеккион;
уни;uni;уни;
остериа;osteria;остериа;
спиегелау;spiegelau;спиегелау;
примо;primo;примо;
ред;red;ред;
бон;bon;бон;
пичон лонгуевилле;pichon longueville;пичон лонгьювилле;
домаине де пеллехаут;domaine de pellehaut;домаине де пеллехаут;
бланч де;blanch de;бланч де;
цардху;cardhu;кардху;
грилл;grill;грилл;
ханс;hans;ханс;
даиры;dairy;даири;
wаи;wai;ваи;
ил густо;il gusto;ил густо;
романо;romano;романо;
грунталер;gruntaler;грунталер;
прил;pril;прил;
чатеау папе;chateau pape;чато папе;
даниш;danish;даниш;
ацетаиа;acetaia;акетаиа;
силко;silko;силко;
тарлант;tarlant;тарлант;
маы де;may de;май де;
хеинекен;heineken;хеинекен;
риецине;riecine;риекине;
д.д.;d.d;д.д;
едрадоур;edradour;эдрадоур;
сцоттиш фине соапс;scottish fine soaps;скоттиш фине соапс;
гемисчтер;gemischter;гемиштер;
шелим;shelim;шелим;
арла;arla;арла;
аткинс &;atkins &;аткинс &;
порцелаине цзеч;porcelaine czech;поркелаине кзеч;
понтет;pontet;понтет;
хорны;horny;хорни;
ноцциолата;nocciolata;ноккиолата;
цармани;carmani;кармани;
снацкарс;snackars;снакарс;
фрозен;frozen;фрозен;
винхос;vinhos;винхос;
xента;xenta;ксента;
лиебе;liebe;лиебе;
чеесе;cheese;чисе;
стаы;stay;стай;
чикао;chikao;чикао;
дамм;damm;дамм;
домаине антонин;domaine antonin;домаине антонин;
лаб.;lab;лаб;
абуело;abuelo;абьюло;
чатеау павие;chateau pavie;чато павие;
ладелле;ladelle;ладелле;
ламоур;lamour;ламоур;
wарстеинер;warsteiner;варстеинер;
qиа;qia;киа;
пастиццере;pasticcere;пастиккере;
бодегас палациос;bodegas palacios;бодегас палакиос;
цартрон;cartron;картрон;
банана;banana;банана;
нордqвист;nordqvist;нордквист;
боучауд ле;bouchaud le;боучауд ле;
цитран;citran;китран;
сана;sana;сана;
црунчы;crunchy;крунчи;
wиллиамс;williams;виллиамс;
риверлоре;riverlore;риверлоре;
мануоки;manuoki;мануоки;
йеан-марц броцард;jean-marc brocard;джеан-марк брокард;
тарт;tart;тарт;
хан;han;хан;
палм;palm;палм;
дЬорфеуиллес;d'orfeuilles;д'орфеуиллес;
софтымо минерал;softymo mineral;софтимо минерал;
дистиллеры;distillery;дистиллери;
симонини;simonini;симонини;
хонке;honke;хонке;
хакушика тацуума;hakushika tatsuuma;хакушика тацуума;
wагон;wagon;вагон;
балларини;ballarini;балларини;
леqуин-цолин;lequin-colin;леквин-колин;
чатеау тоур дес;chateau tour des;чато тоур дес;
ландрон;landron;ландрон;
франце;france;франке;
юлиетте;juliette;джулиетте;
манука;manuka;манука;
натуре с;nature s;натуре с;
чоыа;choya;чоя;
qуинта до;quinta do;квинта до;
триxие;trixie;триксие;
алленде;allende;алленде;
романс;romans;романс;
густо делла;gusto della;густо делла;
арди;ardi;арди;
хармоние;harmonie;хармоние;
цулемборг;culemborg;кулемборг;
мултиплус;multiplus;мултиплус;
риегеле;riegele;риегеле;
цаухапе;cauhape;каухапе;
лЬангелус;l'angelus;л'ангелус;
фолке;folke;фолке;
гленглассаугх;glenglassaugh;гленглассаугх;
францаисе;francaise;франкаисе;
делраы беач;delray beach;делрай беач;
тхомас фоодс;thomas foods;томас фудс;
манцин;mancin;манкин;
регал;regal;регал;
лабо;labo;лабо;
аЬпиеу;a'pieu;апиеу;
беллингхам;bellingham;беллингхам;
рену;renu;рену;
оде;ode;оде;
грахам;graham;грахам;
велтинс;veltins;велтинс;
непентхе;nepenthe;непенте;
силампос;silampos;силампос;
литтле;little;литтле;
гранто;granto;гранто;
вацу;vacu;ваку;
ноббы;nobby;нобби;
синнацк;sinnack;синнак;
диабло;diablo;диабло;
фад;fad;фад;
кандылас;kandylas;кандилас;
цесар;cesar;кесар;
й7;j7;дж7;
лонг;long;лонг;
францаисе де;francaise de;франкаисе де;
блацк ангус -;black angus;блак ангус;
пиано;piano;пиано;
дЬалиберт;d'alibert;д'алиберт;
тоур дес;tour des;тоур дес;
зипфер;zipfer;зипфер;
бранаире-дуцру;branaire-ducru;бранаире-дукру;
фернет;fernet;фернет;
халал;halal;халал;
салзбург;salzburg;салзбург;
сунны;sunny;сунни;
фармстаы;farmstay;фармстай;
тосцана;toscana;тоскана;
wинклер;winkler;винклер;
педесцлауx;pedesclaux;педесклаукс;
смоца;smoca;смока;
вин;vin;вин;
цариллон;carillon;кариллон;
йти цо;jti co;джти ко;
пуница;punica;пуника;
лЬарлот;l'arlot;л'арлот;
матусалем;matusalem;матусалем;
рендез;rendez;рендец;
нв;nv;нв;
счлеичер;schleicher;шлеичер;
ла туилерие;la tuilerie;ла туилерие;
хаут багес;haut bages;хаут багес;
фуйиыа;fujiya;фуджия;
вигнобле;vignoble;вигнобле;
бодегас херманос;bodegas hermanos;бодегас херманос;
цапо ди;capo di;капо ди;
етуде;etude;этуде;
фламигни;flamigni;фламигни;
нутритион;nutrition;нутритион;
арцакх;artsakh;арцакх;
бодегас ы винедос;bodegas y vinedos;бодегас и винедос;
симплыроw;simplyrow;симплиров;
пет;pet;пет;
мен еxперт скин;men expert skin;мен эксперт скин;
натураверде;naturaverde;натураверде;
миолла;miolla;миолла;
домеине;domeine;домеине;
био-маx;bio-max;био-макс;
цонцентрате;concentrate;конкентрате;
наме;name;наме;
wеил;weil;веил;
анwилка;anwilka;анвилка;
апагард;apagard;апагард;
атлантицо;atlantico;атлантико;
ботаницал;botanical;ботаникал;
цоурвоисиер;courvoisier;коурвоисиер;
падс;pads;падс;
вох;voh;вох;
натурпродукте;naturprodukte;натурпродукте;
марqуеса;marquesa;марквеса;
ретреат;retreat;ретреат;
приеур-брунет;prieur-brunet;приеур-брунет;
шакер;shaker;шакер;
аткинс;atkins;аткинс;
леинер;leiner;леинер;
лЬлле де;l'lle de;ллле де;
граде;grade;граде;
фиш;fish;фиш;
ноире;noire;ноире;
дЬиссан;d'issan;д'иссан;
лес ормес;les ormes;лес ормес;
ботавикос;botavikos;ботавикос;
стиегл;stiegl;стиегл;
чинаwаре;chinaware;чинаваре;
спрееwалд;spreewald;спривалд;
суцре;sucre;сукре;
мартелл;martell;мартелл;
берио;berio;берио;
перриер-йоует;perrier-jouet;перриер-джоьют;
цампос;campos;кампос;
йохнныЬс чоп;johnny's chop;джохннис чоп;
аппетите;appetite;аппетите;
оЬхараЬс;o'hara's;охарас;
белгиан;belgian;белгиан;
пере ет;pere et;пере эт;
бланц;blanc;бланк;
бецкманн;beckmann;бекманн;
моутард;moutard;моутард;
иссан;issan;иссан;
петреет;petreet;петрит;
чаноине;chanoine;чаноине;
шангхаи чикао;shanghai chikao;шангхаи чикао;
домеине ла;domeine la;домеине ла;
граваиллас;gravaillas;граваиллас;
бонны;bonny;бонни;
ди сан;di san;ди сан;
кнаппогуе;knappogue;кнаппогью;
адега цооператива;adega cooperativa;адега куператива;
лес ярдинс;les jardins;лес джардинс;
домаине амиот;domaine amiot;домаине амиот;
ланессан;lanessan;ланессан;
ги;gi;ги;
бозита;bozita;бозита;
алл натурал;all natural;алл натурал;
водопивец;vodopivec;водопивек;
речтенбачер;rechtenbacher;речтенбачер;
гиселе;gisele;гиселе;
мегами;megami;мегами;
солаире;solaire;солаире;
мадиа;madia;мадиа;
дон;don;дон;
роберто;roberto;роберто;
чацра;chacra;чакра;
доыац;doyac;дояк;
еести;eesti;исти;
царне де;carne de;карне де;
ефес;efes;эфес;
подери;poderi;подери;
лорд;lord;лорд;
ямесон;jameson;джамесон;
траwа;trawa;трава;
мй;mj;мдж;
чатеау гранд цорбин;chateau grand corbin;чато гранд корбин;
лацтоферрин;lactoferrin;лактоферрин;
сwирл;swirl;свирл;
стор;stor;стор;
хостен;hosten;хостен;
сqуаре;square;скваре;
стерипан;steripan;стерипан;
накатоми;nakatomi;накатоми;
италиа ин;italia in;италиа ин;
реали;reali;реали;
шоw;show;шов;
грандс хоуx;grands houx;грандс хоукс;
нестоген;nestogen;нестоген;
еуропол;europol;еуропол;
беллеграве;bellegrave;беллеграве;
феедбацк;feedback;фидбак;
голдфиш;goldfish;голдфиш;
леврана;levrana;леврана;
разорс;razors;разорс;
лес хауц;les hauts;лес хауц;
фресца;fresca;фреска;
бодегас цампос;bodegas campos;бодегас кампос;
qуицкпацк;quickpack;квикпак;
кахлуа;kahlua;кахлуа;
теро ецо;tero eco;теро эко;
лса;lsa;лса;
де маы де;de may de;де май де;
морт;mort;морт;
косе софтымо;kose softymo;косе софтимо;
цомте де;comte de;комте де;
бароне;barone;бароне;
аурел;aurel;аурел;
лаффитте-тестон;laffitte-teston;лаффитте-тестон;
теачерЬс;teacher's;теачерс;
цзеч;czech;кзеч;
цасе бассе ди;case basse di;касе бассе ди;
лацапелле;lacapelle;лакапелле;
спарина;sparina;спарина;
цлос;clos;клос;
софтымо;softymo;софтимо;
магниен;magnien;магниен;
винедос;vinedos;винедос;
серре;serre;серре;
хаппы;happy;хаппи;
мичел;michel;мичел;
чатеау цос;chateau cos;чато кос;
4узе;4uze;4узе;
греат;great;греат;
сичел;sichel;сичел;
винеыард естате;vineyard estate;винеярд эстате;
йеан де;jean de;джеан де;
лауренз;laurenz;лауренц;
цреам;cream;креам;
перле;perle;перле;
таи;tai;таи;
ким;kim;ким;
померолс;pomerols;померолс;
ола;ola;ола;
таилле;taille;таилле;
лероы;leroy;лерой;
витицултори;viticultori;витикултори;
цоцо;coco;коко;
еxпорт;export;экспорт;
саинте-цлаире;sainte-claire;саинте-клаире;
дЬеугение;d'eugenie;д'еугение;
подери алдо;poderi aldo;подери алдо;
сигнатуре;signature;сигнатуре;
гым паста;gym pasta;гим паста;
зацапа;zacapa;закапа;
& тхе;& the;& те;
руффони;ruffoni;руффони;
фит-фит;fit-fit;фит-фит;
дЬоригнац;d'orignac;д'оригнак;
хоме оф;home of;хоме оф;
домаине тхиерры ет;domaine thierry et;домаине тиерри эт;
фиорелла;fiorella;фиорелла;
барон пхилиппе;baron philippe;барон филиппе;
малпигхи;malpighi;малпигхи;
бцл;bcl;бкл;
пеллехаут;pellehaut;пеллехаут;
адреналине;adrenaline;адреналине;
чин-су;chin-su;чин-су;
алл;all;алл;
домаине ле;domaine le;домаине ле;
дана;dana;дана;
лес вигнеронс;les vignerons;лес вигнеронс;
пинопассо;pinopasso;пинопассо;
xд десигн боббы;xd design bobby;ксд десигн бобби;
каапсе роои оуде;kaapse rooi oude;каапсе руи оуде;
дерма;derma;дерма;
идешигыо;ideshigyo;идешигио;
фарм;farm;фарм;
чатеау беау;chateau beau;чато бо;
wине;wine;вине;
росес;roses;росес;
цринан;crinan;кринан;
алгхеро;alghero;алгхеро;
греенфиелд;greenfield;гринфиелд;
реалес;reales;реалес;
чандон;chandon;чандон;
ноодлес;noodles;нудлес;
гордонЬс;gordon's;гордонс;
целебрате;celebrate;келебрате;
алпасион;alpasion;алпасион;
бонне;bonne;бонне;
цампанаро;campanaro;кампанаро;
чаи;chai;чаи;
пол-мак;pol-mak;пол-мак;
чатеау ле;chateau le;чато ле;
сенсеи ла маисон;sensei la maison;сенсеи ла маисон;
био-оил;bio-oil;био-оил;
еуныул;eunyul;еунюл;
георгес;georges;георгес;
аустралиан;australian;аустралиан;
йиготт;jigott;джиготт;
зооеxпресс;zooexpress;зуекспресс;
зот;zot;зот;
цингтао;tsingtao;цингтао;
уменишики;umenishiki;уменишики;
валдуеза;valdueza;валдьюза;
гранд цру;grand cru;гранд кру;
винтури;vinturi;винтури;
ду чатеау;du chateau;ду чато;
давид;david;давид;
wест;west;вест;
сунторы;suntory;сунтори;
борие;borie;борие;
нотхинг;nothing;нотинг;
wеингут реичсграф;weingut reichsgraf;веингут реичсграф;
тац;tac;так;
висциано;visciano;вискиано;
поттер;potter;поттер;
моро;moro;моро;
qуантум;quantum;квантум;
драмбуие;drambuie;драмбуие;
дееп;deep;дип;
домаине бруно;domaine bruno;домаине бруно;
моремо;moremo;моремо;
пеззетти;pezzetti;пеззетти;
неил;neil;неил;
циллит;cillit;киллит;
монастерио;monasterio;монастерио;
ора2;ora2;ора2;
лемон;lemon;лемон;
боулард;boulard;боулард;
цлаир;clair;клаир;
пирон;piron;пирон;
ла порта;la porta;ла порта;
фонд;fond;фонд;
козел;kozel;козел;
маринеx;marinex;маринекс;
цаб приме;cab prime;каб приме;
судуираут;suduiraut;судуираут;
бриссон;brisson;бриссон;
дгй;dgj;дгдж;
пеарл ривер;pearl river;пеарл ривер;
церетто;ceretto;керетто;
гарзон-малдонадо;garzon-maldonado;гарзон-малдонадо;
серристори;serristori;серристори;
барон пхилиппе де;baron philippe de;барон филиппе де;
мд;md;мд;
шангхаи;shanghai;шангхаи;
еинс зwеи;eins zwei;еинс звеи;
бранди;brandi;бранди;
аллдаыс;alldays;аллдаис;
соы;soy;сой;
финест;finest;финест;
грондард;grondard;грондард;
ивв;ivv;ивв;
хаус;haus;хаус;
фасс;fass;фасс;
домаине лес грандс;domaine les grands;домаине лес грандс;
зецца;zecca;зекка;
гемма;gemma;гемма;
траqуаир;traquair;тракваир;
цлицqуот;clicquot;кликквот;
напла;napla;напла;
тестон;teston;тестон;
домаине хуберт;domaine hubert;домаине хуберт;
мирафлорес;miraflores;мирафлорес;
сан гиулиано;san giuliano;сан гиулиано;
минимаx;minimax;минимакс;
те;te;те;
спелта;spelta;спелта;
лЬеглис;l'eglis;л'еглис;
цаталан;catalan;каталан;
мале;male;мале;
гнарлы;gnarly;гнарли;
ишихара;ishihara;ишихара;
мере;mere;мере;
тхаиланд;thailand;таиланд;
цалитерра;caliterra;калитерра;
пагар;pagar;пагар;
бацарди;bacardi;бакарди;
гиусти;giusti;гиусти;
есприт де;esprit de;эсприт де;
пхелпс;phelps;фелпс;
буттер;butter;буттер;
цадиллац;cadillac;кадиллак;
наты;naty;нати;
дп;dp;дп;
бацкереи;backerei;бакереи;
лавилле;laville;лавилле;
реичсграф;reichsgraf;реичсграф;
пеепс;peeps;пипс;
енгланд;england;энгланд;
ивв еверы;ivv every;ивв эвери;
таи чинаwаре;tai chinaware;таи чинаваре;
лес хауц де;les hauts de;лес хауц де;
диллон;dillon;диллон;
йетботтле;jetbottle;джетботтле;
рочеырон;rocheyron;рочейрон;
фонтарнеы;fontarney;фонтарней;
батисте;batiste;батисте;
цомпагние;compagnie;компагние;
соапс;soaps;соапс;
ерразуриз;errazuriz;эрразуриц;
галс;gals;галс;
цреате ыоур монстер;create your monster;креате ер монстер;
ангры;angry;ангри;
лоубанеы;loubaney;лоубаней;
лебрун;lebrun;лебрун;
гертруде;gertrude;гертруде;
вплаб;vplab;вплаб;
баланце;balance;баланке;
деверон;deveron;деверон;
амиот гуы;amiot guy;амиот гуй;
беам;beam;беам;
ин а;in a;ин а;
мосцони;mosconi;москони;
таилладе;taillade;таилладе;
десигн боббы;design bobby;десигн бобби;
оат;oat;оат;
сублиме;sublime;сублиме;
лЬателиер ду;l'atelier du;л'ателиер ду;
чамцалет;chamcalet;чамкалет;
лв;lv;лв;
тампаx;tampax;тампакс;
тхрее;three;три;
арболеда;arboleda;арболеда;
буис;buis;буис;
диар;diar;диар;
бандаросса;bandarossa;бандаросса;
беллингхам инсигниа серие;bellingham insignia serie;беллингхам инсигниа серие;
белведер;belveder;белведер;
дал;dal;дал;
ямие;jamie;джамие;
алце;alce;алке;
строначие;stronachie;строначие;
мен;men;мен;
фиоренте;fiorente;фиоренте;
герардо;gerardo;герардо;
веуве;veuve;веуве;
ларионов селецт;larionov select;ларионов селект;
сиберица;siberica;сиберика;
волоуте;voloute;волоуте;
буббиес;bubbies;буббиес;
марбелле;marbelle;марбелле;
ле перд;le perd;ле перд;
полйе;polje;полдже;
юрассиц;jurassic;джурассик;
банфи;banfi;банфи;
конитз;konitz;конитц;
д`аурилхац;d`aurilhac;д`аурилхак;
цалдора;caldora;калдора;
цантине;cantine;кантине;
злато;zlato;злато;
пате;pate;пате;
йенс;jens;дженс;
цоринто;corinto;коринто;
тхиерры ет;thierry et;тиерри эт;
чапелле;chapelle;чапелле;
чатеау ла цроиx;chateau la croix;чато ла кроикс;
wаx;wax;вакс;
роуге ду;rouge du;роуге ду;
мармалузи;marmaluzi;мармалузи;
процомфорт;procomfort;прокомфорт;
привате;private;привате;
латтессо;lattesso;латтессо;
хорст;horst;хорст;
фамилиа деицас;familia deicas;фамилиа деикас;
барде-хаут;barde-haut;барде-хаут;
сенсеи ла;sensei la;сенсеи ла;
маисон ду;maison du;маисон ду;
сиаурац;siaurac;сиаурак;
бонсаи;bonsai;бонсаи;
чатеау пхелан;chateau phelan;чато фелан;
антицо молино;antico molino;антико молино;
монтЬарqуато;mont'arquato;монт'арквато;
домаине ывес;domaine yves;домаине ивес;
цомпаниа;compania;компаниа;
дистиллерие;distillerie;дистиллерие;
целлар;cellar;келлар;
хеад;head;хеад;
милла халал;milla halal;милла халал;
гленротхес;glenrothes;гленротес;
порта ди;porta di;порта ди;
алоинс;aloins;алоинс;
серра;serra;серра;
р.а.w.лифе;r.a.w.life;р.а.в.лифе;
хеалтх;health;хеалт;
сохни-wицке;sohni-wicke;сохни-вике;
марqуеса де;marquesa de;марквеса де;
чатеау ла туилерие;chateau la tuilerie;чато ла туилерие;
ецовер;ecover;эковер;
цорпоратион;corporation;корпоратион;
боуеы;bouey;боьюй;
хеннессы;hennessy;хеннесси;
андреЬс;andre's;андрес;
фрау;frau;фрау;
бирра;birra;бирра;
аззуро;azzuro;аззуро;
тета;teta;тета;
теены;teeny;тини;
исме;isme;исме;
вина;vina;вина;
фреунде;freunde;фреунде;
1ст;1st;1ст;
раисон;raison;раисон;
коста;kosta;коста;
гуир;guir;гуир;
гранд-мере;grand-mere;гранд-мере;
цантемерле;cantemerle;кантемерле;
лагоон;lagoon;лагун;
алнардо;alnardo;алнардо;
поми;pomi;поми;
бодегас хорацио;bodegas horacio;бодегас хоракио;
хеиди;heidi;хеиди;
ыаокин;yaokin;яокин;
мароЬсчип43;maro'schip43;марошип43;
фаирвиеw;fairview;фаирвиев;
ашмеад;ashmead;ашмеад;
ротхсчилд;rothschild;ротшилд;
хоегаарден;hoegaarden;хоегаарден;
шур;shur;шур;
wингс;wings;вингс;
имбалл;imball;имбалл;
лЬореал скин;l'oreal skin;л'ореал скин;
юмп енергы;jump energy;джумп энерги;
елеы;eley;элей;
дагуенеау &;dagueneau &;дагьюно &;
леовилле;leoville;леовилле;
вецчио;vecchio;векчио;
еиселе винеыард естате;eisele vineyard estate;еиселе винеярд эстате;
амстел;amstel;амстел;
фамилиа;familia;фамилиа;
лЬор;l'or;л'ор;
адриона;adriona;адриона;
чина плум;china plum;чина плум;
мепси;mepsi;мепси;
улыссе;ulysse;улиссе;
естеларе институте;estelare institute;эстеларе институте;
традитионал мессори;traditional messori;традитионал мессори;
америцо;americo;америко;
хацкер-псчорр;hacker-pschorr;хакер-пшорр;
гролсч;grolsch;гролш;
фоодс;foods;фудс;
десцендиентес;descendientes;дескендиентес;
wармиес;warmies;вармиес;
боддингтонс;boddingtons;боддингтонс;
ларионов;larionov;ларионов;
симилац;similac;симилак;
лафарг;lafarg;лафарг;
wеллеры;wellery;веллери;
чиллафиш бунзи;chillafish bunzi;чиллафиш бунзи;
топ;top;топ;
вега дел;vega del;вега дел;
ваилы;vaily;ваили;
домини;domini;домини;
порцелаине цзеч голд;porcelaine czech gold;поркелаине кзеч голд;
биг;big;биг;
нанопротеч;nanoprotech;нанопротеч;
цзеч голд;czech gold;кзеч голд;
мырон;myron;мирон;
киwи;kiwi;киви;
сороци;soroci;сороки;
родез;rodez;родец;
оде то;ode to;оде то;
супермарио;supermario;супермарио;
лес грандс хоуx;les grands houx;лес грандс хоукс;
гасниер;gasnier;гасниер;
теро;tero;теро;
тоwн;town;товн;
софт;soft;софт;
риверс;rivers;риверс;
лагавулин;lagavulin;лагавулин;
фаце;face;факе;
марqуес де;marques de;марквес де;
треатмент;treatment;треатмент;
исобел;isobel;исобел;
агрицола сан;agricola san;агрикола сан;
цуп;cup;куп;
дЬанйоу;d'anjou;д'анджоу;
бееф.он;beef.on;биф.он;
марчеси;marchesi;марчеси;
домаине георгес;domaine georges;домаине георгес;
херо;hero;херо;
потенсац;potensac;потенсак;
паста дел;pasta del;паста дел;
боулангере;boulangere;боулангере;
мат&лоу;mat&lou;мат&лоу;
хиллwаы;hillway;хиллвай;
берлингер;berlinger;берлингер;
цлеар;clear;клеар;
цристофоро;cristoforo;кристофоро;
аqа;aqa;ака;
еxпертисе;expertise;экспертисе;
wолпертингер;wolpertinger;волпертингер;
снацк;snack;снак;
бланц ду;blanc du;бланк ду;
фоундерс;founders;фоундерс;
цастилло де;castillo de;кастилло де;
ма;ma;ма;
кендерманн;kendermann;кендерманн;
алмавива;almaviva;алмавива;
цереалс;cereals;кереалс;
цоw;cow;ков;
смартwатер;smartwater;смартватер;
анселми;anselmi;анселми;
лас;las;лас;
цо;co;ко;
оригинал;original;оригинал;
мунчкин;munchkin;мунчкин;
реыка;reyka;рейка;
ритинитис;ritinitis;ритинитис;
мондоро;mondoro;мондоро;
шериданЬс;sheridan's;шериданс;
трест;trest;трест;
цру;cru;кру;
лунарис;lunaris;лунарис;
гефу;gefu;гефу;
юицы;juicy;джуики;
неwцастле;newcastle;невкастле;
фелице;felice;фелике;
xл-с;xl-s;ксл-с;
маргауx;margaux;маргаукс;
луxпласт;luxplast;лукспласт;
дес деуx;des deux;дес деукс;
ливинг;living;ливинг;
елисабетх;elisabeth;элисабет;
подере;podere;подере;
сицилиана;siciliana;сикилиана;
ферме;ferme;ферме;
орихиро;orihiro;орихиро;
ниссан;nissan;ниссан;
цорнетто;cornetto;корнетто;
хиллЬс;hill's;хиллс;
боучард пере &;bouchard pere &;боучард пере &;
курт;kurt;курт;
кеспер;kesper;кеспер;
д`орфеуиллес;d`orfeuilles;д`орфеуиллес;
ангус;angus;ангус;
гаитеро;gaitero;гаитеро;
гартенз де;gartenz de;гартенц де;
й.м;j.m;дж.м;
фоурцас-борие;fourcas-borie;фоуркас-борие;
чатеау цертан де;chateau certan de;чато кертан де;
гоугес;gouges;гоугес;
пеллехаут хармоние;pellehaut harmonie;пеллехаут хармоние;
миыоши;miyoshi;мииоши;
цецу;cecu;кеку;
wалш;walsh;валш;
далер;daler;далер;
цалабриа фамилы;calabria family;калабриа фамили;
греенгате;greengate;грингате;
грас;gras;грас;
домаине де валесцуре;domaine de valescure;домаине де валескуре;
строцк брот;strock brot;строк брот;
ецо;eco;эко;
тигер;tiger;тигер;
строцк;strock;строк;
монтросе;montrose;монтросе;
солан;solan;солан;
китчен&лове;kitchen&love;китчен&лове;
бараде;barade;бараде;
фрапин;frapin;фрапин;
парастоне;parastone;парастоне;
бритиш;british;бритиш;
газин;gazin;газин;
атиза;atiza;атиза;
мирацле;miracle;миракле;
еверыдаы;everyday;эверидай;
манн;mann;манн;
гацбы;gatsby;гацби;
1862;1862;1862;
зwиллинг;zwilling;звиллинг;
бонго;bongo;бонго;
тоуqуе;touque;тоукве;
бридге;bridge;бридге;
суцран;sucran;сукран;
подере сан;podere san;подере сан;
мил;mil;мил;
бодега;bodega;бодега;
неро;nero;неро;
ерленбачер;erlenbacher;эрленбачер;
сцотти;scotti;скотти;
игор ларионов селецт;igor larionov select;игор ларионов селект;
бруцк;bruck;брук;
дувел;duvel;дувел;
пеллегрино;pellegrino;пеллегрино;
интерцон;intercon;интеркон;
фраичеур;fraicheur;фраичеур;
оцта;octa;окта;
рочер;rocher;рочер;
домаине пиерре;domaine pierre;домаине пиерре;
амт;amt;амт;
ле цонсерве делла;le conserve della;ле консерве делла;
фаустино;faustino;фаустино;
милл;mill;милл;
хоусе;house;хоусе;
хеад олд;head old;хеад олд;
сегур;segur;сегур;
леовилле-бартон;leoville-barton;леовилле-бартон;
флор;flor;флор;
марсеиллаис;marseillais;марсеиллаис;
лонгуевилле;longueville;лонгьювилле;
фредериц;frederic;фредерик;
цриста;crista;криста;
пате гранд;pate grand;пате гранд;
легитиме;legitime;легитиме;
коопман интернатионал;koopman international;купман интернатионал;
труефитт;truefitt;трьюфитт;
роуте;route;роуте;
цапе;cape;капе;
хан алл даенг;han all daeng;хан алл даенг;
бурн стеwарт;burn stewart;бурн стеварт;
ноеллат;noellat;ноеллат;
гендрес;gendres;гендрес;
пройецт;project;проджект;
биологиqуес;biologiques;биологиквес;
миел;miel;миел;
язз;jazz;джазц;
маисон;maison;маисон;
цолтерензио;colterenzio;колтерензио;
дунцан с оф;duncan s of;дункан с оф;
лебелаге;lebelage;лебелаге;
силвер;silver;силвер;
беаутысwеетиес;beautysweeties;беаутисвитиес;
реина;reina;реина;
вердиер;verdier;вердиер;
оренбееф;orenbeef;оренбиф;
гургуе;gurgue;гургью;
серене;serene;серене;
алеес де;alees de;алис де;
франтоио ди санта;frantoio di santa;франтоио ди санта;
олмеца;olmeca;олмека;
фиорини;fiorini;фиорини;
цорнале;cornale;корнале;
тоффлы;toffly;тоффли;
цлассицо;classico;классико;
премиум;premium;премиум;
ылви;ylvi;илви;
ле перд сон;le perd son;ле перд сон;
цлассицс;classics;классикс;
баллантинеЬс;ballantine's;баллантинес;
еверы;every;эвери;
мадли;madli;мадли;
ипкн;ipkn;ипкн;
тм;tm;тм;
леитхакалк;leithakalk;леитакалк;
дурфорт-вивенс;durfort-vivens;дурфорт-вивенс;
хоур;hour;хоур;
метревели;metreveli;метревели;
молы;moly;моли;
педисон;pedison;педисон;
ыур;yur;йур;
волкомолко;volkomolko;волкомолко;
ыотуел;yotuel;йотьюл;
цос;cos;кос;
хенри;henri;хенри;
клее;klee;кли;
фатториа дел;fattoria del;фатториа дел;
бодегас;bodegas;бодегас;
плантагенет;plantagenet;плантагенет;
роует;rouet;роьют;
палмиа;palmia;палмиа;
гранд цру цлассе;grand cru classe;гранд кру классе;
холика;holika;холика;
wелцос;welcos;велкос;
ангелус;angelus;ангелус;
гастрономие;gastronomie;гастрономие;
сача;sacha;сача;
делирио;delirio;делирио;
блацк;black;блак;
мароло;marolo;мароло;
мицробоац;microboats;микробоац;
милцо;milco;милко;
аргана;argana;аргана;
дринкс;drinks;дринкс;
вие;vie;вие;
палаис дес;palais des;палаис дес;
чат;chat;чат;
сирене де;sirene de;сирене де;
трее;tree;три;
специалитес;specialites;спекиалитес;
албарино;albarino;албарино;
аqуафарм;aquafarm;аквафарм;
црисналинас;crisnalinas;крисналинас;
сапонариа;saponaria;сапонариа;
емиле;emile;эмиле;
галлеры;gallery;галлери;
ле цариллон де;le carillon de;ле кариллон де;
марц цолин;marc colin;марк колин;
чурчилл;churchill;чурчилл;
ла даме де;la dame de;ла даме де;
лацтимилк;lactimilk;лактимилк;
тремблаы;tremblay;тремблай;
панелуx;panelux;панелукс;
баго;bago;баго;
фром;from;фром;
деи;dei;деи;
вертине;vertine;вертине;
лес qуатре;les quatre;лес кватре;
иглоо;igloo;иглу;
млинар;mlinar;млинар;
монмоуссеау;monmousseau;монмоуссо;
домаине цомте георгес;domaine comte georges;домаине комте георгес;
цасе бассе;case basse;касе бассе;
пеппадоро;peppadoro;пеппадоро;
бадгер;badger;бадгер;
раузан-сегла;rauzan-segla;раузан-сегла;
барберс;barbers;барберс;
ецлат;eclat;эклат;
кампот;kampot;кампот;
иворы;ivory;ивори;
ларqуеы;larquey;ларквей;
цакирис;tsakiris;цакирис;
рулиано;ruliano;рулиано;
фор;for;фор;
солутионс;solutions;солутионс;
wиллиам;william;виллиам;
блантонЬс;blanton's;блантонс;
имаге;image;имаге;
тертре;tertre;тертре;
де грааф;de graaf;де грааф;
qуицкбуры;quickbury;квикбури;
емилио;emilio;эмилио;
паул;paul;паул;
сцоттиш;scottish;скоттиш;
шибуцли;shibucli;шибукли;
ла цлосерие де;la closerie de;ла клосерие де;
мр.пропер;mr.proper;мр.пропер;
с оф;s of;с оф;
фраутест;frautest;фраутест;
цоолвит;coolvit;кулвит;
дец;dec;дек;
тацуума;tatsuuma;тацуума;
лионс;lions;лионс;
лорраине;lorraine;лорраине;
со-мен;so-men;со-мен;
либерал;liberal;либерал;
ла виея;la vieja;ла виеджа;
qнт;qnt;кнт;
сиерра;sierra;сиерра;
лыоннат;lyonnat;лионнат;
тогнетти;tognetti;тогнетти;
обан;oban;обан;
кангуру;kanguru;кангуру;
& тим ице;& tim ice;& тим ике;
лоуис;louis;лоуис;
ноыа;noya;ноя;
дуцлауx фамилле;duclaux famille;дуклаукс фамилле;
ашмеад гранд;ashmead grand;ашмеад гранд;
еат;eat;еат;
чатеау ду;chateau du;чато ду;
ил густо делла;il gusto della;ил густо делла;
виллаге;village;виллаге;
счоколаде;schokolade;шоколаде;
гуиллауме;guillaume;гуиллауме;
колн;koln;колн;
ла даме;la dame;ла даме;
блуесеа;bluesea;бльюси;
тибетЬс;tibet's;тибец;
делифранце;delifrance;делифранке;
wалш wхискеы;walsh whiskey;валш вхискей;
моми;momi;моми;
нелла;nella;нелла;
мессаге;message;мессаге;
закс;zaks;закс;
тоуч ин;touch in;тоуч ин;
ботаницалс;botanicals;ботаникалс;
феуди;feudi;феуди;
лес пелеринс;les pelerins;лес пелеринс;
пхилиппоннат;philipponnat;филиппоннат;
боттле;bottle;боттле;
бара;bara;бара;
ла таилле ауx;la taille aux;ла таилле аукс;
коелф;koelf;коелф;
цаменсац;camensac;каменсак;
ла росе дес;la rose des;ла росе дес;
хосанна;hosanna;хосанна;
нигл;nigl;нигл;
цонфисерие;confiserie;конфисерие;
xтреме;xtreme;кстреме;
летЬс;let's;лец;
лес целлиерс;les celliers;лес келлиерс;
малесцот;malescot;малескот;
цоннетабле де;connetable de;коннетабле де;
юнлове;junlove;джунлове;
вандемоортеле;vandemoortele;вандемуртеле;
рогер;roger;рогер;
реqуингуа;requingua;реквингуа;
дуплессис;duplessis;дуплессис;
фелтон;felton;фелтон;
пиерре;pierre;пиерре;
стуфф;stuff;стуфф;
зwиллинг й.а;zwilling j.a;звиллинг дж.а;
реине;reine;реине;
боwморе;bowmore;бовморе;
бласон дЬ;blason d;бласон д;
фатториа;fattoria;фатториа;
киндл;kindl;киндл;
ду-цассе;du-casse;ду-кассе;
дуц де;duc de;дук де;
роуге;rouge;роуге;
натуре;nature;натуре;
счрадер;schrader;шрадер;
плунгер;plunger;плунгер;
натуре лове;nature love;натуре лове;
тиц;tic;тик;
булбботз;bulbbotz;булбботц;
юлиус;julius;джулиус;
плаы-дох;play-doh;плаи-дох;
wилмаx;wilmax;вилмакс;
вие ди;vie di;вие ди;
земса;zemsa;земса;
аимеры;aimery;аимери;
е-тоwел;e-towel;е-товел;
гранд цорбин;grand corbin;гранд корбин;
wеллафлеx;wellaflex;веллафлекс;
чапелле де;chapelle de;чапелле де;
вивиенне;vivienne;вивиенне;
чатеау фоурцас;chateau fourcas;чато фоуркас;
чатеау де;chateau de;чато де;
фрутта;frutta;фрутта;
наро;naro;наро;
флеx;flex;флекс;
мар;mar;мар;
сангоуард;sangouard;сангоуард;
цастелнеау;castelneau;кастелно;
чатеау сингле;chateau single;чато сингле;
финн;finn;финн;
самыанг;samyang;самянг;
тартуфи;tartufi;тартуфи;
янарат;janarat;джанарат;
херманос;hermanos;херманос;
даррозе;darroze;даррозе;
лет;let;лет;
qуиот;quiot;квиот;
даупхин;dauphin;дауфин;
паразолс;parazols;паразолс;
маипо;maipo;маипо;
валесцуре;valescure;валескуре;
лынгрове;lyngrove;лингрове;
генератион;generation;генератион;
лаланде-борие;lalande-borie;лаланде-борие;
33;33;33;
япанесе;japanese;джапанесе;
патрон;patron;патрон;
сауце;sauce;сауке;
qуаттроциоцчи;quattrociocchi;кваттрокиокчи;
wеингут реичсграф вон;weingut reichsgraf von;веингут реичсграф вон;
ог;og;ог;
дунцан с;duncan s;дункан с;
симплы;simply;симпли;
лацор;lacor;лакор;
буттермилк;buttermilk;буттермилк;
муриер;murier;муриер;
поуйеауx;poujeaux;поуджеаукс;
наполи;napoli;наполи;
талискер;talisker;талискер;
марчеси деЬ;marchesi de;марчеси де;
домаине;domaine;домаине;
ла маисон;la maison;ла маисон;
бебиан;bebian;бебиан;
лигниер;lignier;лигниер;
миссион;mission;миссион;
гоосе;goose;гусе;
маитре де;maitre de;маитре де;
wинеры;winery;винери;
гомез;gomez;гомец;
сеа;sea;си;
лЬорфеврерие;l'orfevrerie;л'орфеврерие;
хан алл;han all;хан алл;
домаине марц;domaine marc;домаине марк;
бионова;bionova;бионова;
ринго;ringo;ринго;
монтифауд;montifaud;монтифауд;
аранлеон;aranleon;аранлеон;
ыавне;yavne;явне;
нуц;nuts;нуц;
бирдс;birds;бирдс;
цепа;cepa;кепа;
бодегас хорацио гомез;bodegas horacio gomez;бодегас хоракио гомец;
чихару;chiharu;чихару;
амбал;ambal;амбал;
кирчепфад;kirchepfad;кирчепфад;
теч;tech;теч;
густи;gusti;густи;
биона;biona;биона;
сцарлинпизза;scarlinpizza;скарлинпизза;
чатеау;chateau;чато;
нитеизе;niteize;нитеизе;
бодегас вента;bodegas venta;бодегас вента;
лоиц;loic;лоик;
веленоси;velenosi;веленоси;
броwне;browne;бровне;
рисо;riso;рисо;
чатеау лаланде;chateau lalande;чато лаланде;
домаинес;domaines;домаинес;
умбре;umbre;умбре;
лЬетиваз;l'etivaz;л'етивац;
деЬ;de;де;
граин;grain;граин;
милла;milla;милла;
симплыгреен;simplygreen;симплигрин;
гинестет;ginestet;гинестет;
салубриоус;salubrious;салубриоус;
боунты;bounty;боунти;
лес пагодес де;les pagodes de;лес пагодес де;
бырне;byrne;бирне;
чартогне-таиллет;chartogne-taillet;чартогне-таиллет;
де лЬлле;de l'lle;де ллле;
флирт;flirt;флирт;
таке;take;таке;
гросперрин;grosperrin;гросперрин;
йосепх пхелпс;joseph phelps;джосеф фелпс;
домаине дуцлауx;domaine duclaux;домаине дуклаукс;
парент;parent;парент;
чатеау пичон лонгуевилле;chateau pichon longueville;чато пичон лонгьювилле;
интер-вион;inter-vion;интер-вион;
але;ale;але;
глассwаре;glassware;глассваре;
соррел;sorrel;соррел;
милк;milk;милк;
павиллон бланц;pavillon blanc;павиллон бланк;
биомеалс;biomeals;биомеалс;
молисана;molisana;молисана;
цаттони;cattoni;каттони;
дЬла;d'la;дла;
перд сон;perd son;перд сон;
пагодес;pagodes;пагодес;
виет;viet;виет;
ванаян;vanajan;ванаджан;
умбра;umbra;умбра;
фромнатуре;fromnature;фромнатуре;
домаине серге дагуенеау;domaine serge dagueneau;домаине серге дагьюно;
гранны`с;granny`s;гранни`с;
роугие;rougie;роугие;
триллол;trillol;триллол;
боучерие;boucherie;боучерие;
14-18х;14-18h;14-18х;
чатеау белле;chateau belle;чато белле;
солан де;solan de;солан де;
грант;grant;грант;
вегдиет;vegdiet;вегдиет;
дЬоурс;d'ours;д'оурс;
руинарт;ruinart;руинарт;
органика;organika;органика;
путты;putty;путти;
саы;say;сай;
сеишу;seishu;сеишу;
блеуец;bleuets;блеьюц;
деад;dead;деад;
рим;rim;рим;
зоттер;zotter;зоттер;
принципе;principe;принкипе;
зира;zira;зира;
днц;dnc;днк;
wондер;wonder;вондер;
отард;otard;отард;
милмил;milmil;милмил;
царбонниеуx;carbonnieux;карбонниеукс;
бонделамар;bondelamar;бонделамар;
пурепротеин;pureprotein;пурепротеин;
wелч;welch;велч;
хакодате;hakodate;хакодате;
лес грандс;les grands;лес грандс;
понтет-цанет;pontet-canet;понтет-канет;
бодыбар;bodybar;бодибар;
гардине;gardine;гардине;
едоуард;edouard;эдоуард;
мацqуин;macquin;макквин;
финца ла;finca la;финка ла;
течниqуес;techniques;течниквес;
скин79;skin79;скин79;
бласон;blason;бласон;
брио де;brio de;брио де;
царте;carte;карте;
нови;novi;нови;
домаине тхиерры;domaine thierry;домаине тиерри;
ама;ama;ама;
5тх;5th;5т;
пере;pere;пере;
оррефорс;orrefors;оррефорс;
латоур;latour;латоур;
наыута;nayuta;наюта;
грессер;gresser;грессер;
шадрапа;shadrapa;шадрапа;
ррцуп;rrcup;рркуп;
нут;nut;нут;
урбани;urbani;урбани;
ыоур монстер;your monster;ер монстер;
негро;negro;негро;
челсеа;chelsea;челси;
1882;1882;1882;
дорсет;dorset;дорсет;
xааx;xaax;ксаакс;
wорцестер;worcester;воркестер;
алтер его;alter ego;алтер эго;
тхе пурпле;the purple;те пурпле;
тwо;two;тво;
фиеузал;fieuzal;фиеузал;
напа;napa;напа;
папа;papa;папа;
ла мисо ла;la miso la;ла мисо ла;
чатеау ла миссион;chateau la mission;чато ла миссион;
салтон;salton;салтон;
монтелобос;montelobos;монтелобос;
гроусе;grouse;гроусе;
бакериес;bakeries;бакериес;
вацувин;vacuvin;вакувин;
цабрас;cabras;кабрас;
старбуцкс;starbucks;старбукс;
марианна;marianna;марианна;
риваге;rivage;риваге;
веырац;veyrac;вейрак;
росе;rose;росе;
бонхосте;bonhoste;бонхосте;
келсен;kelsen;келсен;
цалидрис;calidris;калидрис;
хеатхцоте &;heathcote &;хеаткоте &;
беллевуе;bellevue;беллевью;
фрискиес;friskies;фрискиес;
47;47;47;
оригин;origin;оригин;
евер;ever;эвер;
супериоре;superiore;супериоре;
спа бы;spa by;спа би;
qуаттро;quattro;кваттро;
ецо норанг;eco norang;эко норанг;
грасе;grase;грасе;
еат wатер;eat water;еат ватер;
белведере;belvedere;белведере;
спол.с.р.о;spol.s.r.o;спол.с.р.о;
густо;gusto;густо;
гиллес;gilles;гиллес;
пиерре гимоннет &;pierre gimonnet &;пиерре гимоннет &;
терра дел;terra del;терра дел;
аббот;abbot;аббот;
рудд;rudd;рудд;
оригами;origami;оригами;
ду;du;ду;
диас;dias;диас;
еггенберг;eggenberg;эггенберг;
юмеx;jumex;джумекс;
дЬардхуы;d'ardhuy;д'ардхуй;
3w;3w;3в;
ван;van;ван;
рич;rich;рич;
тхе тоwн;the town;те товн;
бруниер;brunier;бруниер;
хаут-беаусейоур;haut-beausejour;хаут-беауседжоур;
росиерс;rosiers;росиерс;
талбот;talbot;талбот;
серге дагуенеау;serge dagueneau;серге дагьюно;
биомио;biomio;биомио;
алwаыс ултра платинум;always ultra platinum;алваис ултра платинум;
аугустинер;augustiner;аугустинер;
блуме;blume;блуме;
прац;prats;прац;
бонны доон;bonny doon;бонни дун;
барбара;barbara;барбара;
алфонсо;alfonso;алфонсо;
дог;dog;дог;
кмпц;kmpc;кмпк;
далем;dalem;далем;
матигнон;matignon;матигнон;
гуы;guy;гуй;
мевиоил;mevioil;мевиоил;
мадама;madama;мадама;
заб;zab;заб;
ренеwал;renewal;реневал;
иснтрее;isntree;иснтри;
алпро;alpro;алпро;
доон;doon;дун;
броцард;brocard;брокард;
традитионал;traditional;традитионал;
финист;finist;финист;
антиподес;antipodes;антиподес;
паул анд;paul and;паул анд;
дучессе де;duchesse de;дучессе де;
цалабриа;calabria;калабриа;
метте;mette;метте;
дрогхериа е;drogheria e;дрогхериа е;
пантене;pantene;пантене;
венети;veneti;венети;
провиденце;providence;провиденке;
йим;jim;джим;
и лецци;i lecci;и лекки;
граымелин;graymelin;граимелин;
темпио;tempio;темпио;
медитерранеан оливе;mediterranean olive;медитерранеан оливе;
павиллон роуге ду;pavillon rouge du;павиллон роуге ду;
пелеринс де;pelerins de;пелеринс де;
паыне;payne;паине;
бохемиа;bohemia;бохемиа;
америцан;american;американ;
боббы;bobby;бобби;
ловерс;lovers;ловерс;
павие;pavie;павие;
перла;perla;перла;
макерЬс;maker's;макерс;
й.а;j.a;дж.а;
геоффроы;geoffroy;геоффрой;
пеппер;pepper;пеппер;
револутион;revolution;револутион;
селецционада;seleccionada;селеккионада;
нимбус;nimbus;нимбус;
боучон;bouchon;боучон;
хелиос;helios;хелиос;
гравнер;gravner;гравнер;
епица;epica;эпика;
домаине лафарге;domaine lafarge;домаине лафарге;
тов;tov;тов;
геомар;geomar;геомар;
дино;dino;дино;
фантасы;fantasy;фантаси;
золла;zolla;золла;
грассо;grasso;грассо;
доубле;double;доубле;
финлагган;finlaggan;финлагган;
монтпезат;montpezat;монтпезат;
бат;bat;бат;
доудоу ет;doudou et;доудоу эт;
еxцелленце;excellence;экскелленке;
чатеау цоте;chateau cote;чато коте;
моулин де;moulin de;моулин де;
аwард;award;авард;
порфиа;porfia;порфиа;
марц цолин ет;marc colin et;марк колин эт;
соуплине;soupline;соуплине;
баер;baer;баер;
момотани;momotani;момотани;
кхири;khiri;кхири;
даенг ги;daeng gi;даенг ги;
чикори;chikori;чикори;
еуропеан;european;еуропеан;
филиппо;filippo;филиппо;
андре;andre;андре;
пеарл;pearl;пеарл;
бодегас сан;bodegas san;бодегас сан;
еллелхоце;ellelhotse;эллелхоце;
гривот;grivot;гривот;
саинт;saint;саинт;
рицами;ricami;риками;
лапхроаиг;laphroaig;лафроаиг;
биалетти;bialetti;биалетти;
тхе стумп;the stump;те стумп;
гимоннет;gimonnet;гимоннет;
вароиллес;varoilles;вароиллес;
ет пасцале;et pascale;эт паскале;
даниелЬс;daniel's;даниелс;
мон теро ецо;mon tero eco;мон теро эко;
ремондо;remondo;ремондо;
спицед;spiced;спикед;
троллс;trolls;троллс;
нано;nano;нано;
дисаронно;disaronno;дисаронно;
ла цроиx;la croix;ла кроикс;
майоретте;majorette;маджоретте;
матти;matti;матти;
додици;dodici;додики;
лагуне;lagune;лагуне;
гиацомо;giacomo;гиакомо;
вигнеронс де лЬлле;vignerons de l'lle;вигнеронс де ллле;
генки;genki;генки;
саносан;sanosan;саносан;
баруффалди;baruffaldi;баруффалди;
геккеикан;gekkeikan;геккеикан;
хималаыа;himalaya;хималая;
франкЬс;frank's;франкс;
перрон;perron;перрон;
алеес;alees;алис;
тхалго;thalgo;талго;
таке а слим;take a slim;таке а слим;
мако;mako;мако;
фацкелманн;fackelmann;факелманн;
цорине де;corine de;корине де;
чарлес;charles;чарлес;
хедгес&бутлер;hedges&butler;хедгес&бутлер;
риеуссец;rieussec;риеуссек;
шим;shim;шим;
роыале;royale;рояле;
бе;be;бе;
поллино;pollino;поллино;
аустралиан бы;australian by;аустралиан би;
антица;antica;антика;
тена;tena;тена;
пецтагес;petstages;пецтагес;
хинийини;hinijini;хиниджини;
цомтессе;comtesse;комтессе;
птит;ptit;птит;
цолин ет;colin et;колин эт;
дагуенеау;dagueneau;дагьюно;
салвиано;salviano;салвиано;
цамеллиа;camellia;камеллиа;
монсиер;monsier;монсиер;
xз;xz;ксц;
диамонд;diamond;диамонд;
лонгуевилле цомтессе де;longueville comtesse de;лонгьювилле комтессе де;
спице;spice;спике;
нада нотхинг;nada nothing;нада нотинг;
стеелпоwер;steelpower;стилповер;
кесидис;kesidis;кесидис;
фиддес;fiddes;фиддес;
ла роqуе;la roque;ла рокве;
анчорс;anchors;анчорс;
цоннетабле;connetable;коннетабле;
1698;1698;1698;
пинтиа;pintia;пинтиа;
в-фит;v-fit;в-фит;
виолета;violeta;виолета;
ливингхоусе;livinghouse;ливингхоусе;
аизу;aizu;аизу;
лецци делла;lecci della;лекки делла;
дриве фор;drive for;дриве фор;
лес вигноблес;les vignobles;лес вигноблес;
стицк;stick;стик;
хелга;helga;хелга;
оф оригин;of origin;оф оригин;
леяы;lejay;леджай;
терраматер;terramater;терраматер;
сота;sota;сота;
лес пелеринс де;les pelerins de;лес пелеринс де;
силва;silva;силва;
цоуприе;couprie;коуприе;
ла тоур де;la tour de;ла тоур де;
маырац;mayrac;маирак;
ефенди;efendi;эфенди;
боучауд;bouchaud;боучауд;
бассе ди гианфранцо;basse di gianfranco;бассе ди гианфранко;
риедел;riedel;риедел;
хербарус;herbarus;хербарус;
грунwелт;grunwelt;грунвелт;
чатеау де ла;chateau de la;чато де ла;
ла хауте;la haute;ла хауте;
согни ди;sogni di;согни ди;
де цантенац;de cantenac;де кантенак;
томато;tomato;томато;
гилетте;gilette;гилетте;
1волта;1volta;1волта;
wеидер;weider;веидер;
йемо;jemo;джемо;
вигнети;vigneti;вигнети;
тогнана;tognana;тогнана;
лЬлле;l'lle;ллле;
серге;serge;серге;
мерриес аир;merries air;мерриес аир;
21;21;21;
тхатчерс;thatchers;татчерс;
моннет;monnet;моннет;
романее-цонти;romanee-conti;романи-конти;
кладопоулоу;kladopoulou;кладопоулоу;
чарпентрон;charpentron;чарпентрон;
бланц ду чатеау;blanc du chateau;бланк ду чато;
ди&ди;di&di;ди&ди;
цастелло ди;castello di;кастелло ди;
кармелиет;karmeliet;кармелиет;
теа;tea;ти;
ецо-маx;eco-max;эко-макс;
рцр;rcr;ркр;
ецуссон;ecusson;экуссон;
доминио де;dominio de;доминио де;
wиде;wide;виде;
qуатре тоурс;quatre tours;кватре тоурс;
медитерранеан;mediterranean;медитерранеан;
артзнер;artzner;артзнер;
йосе;jose;джосе;
помато;pomato;помато;
дицкие;dickie;дикие;
де маы;de may;де май;
брот;brot;брот;
дурсо;durso;дурсо;
мацаллан;macallan;макаллан;
де лЬлле де;de l'lle de;де ллле де;
аустралиа;australia;аустралиа;
домаине марц цолин;domaine marc colin;домаине марк колин;
ыуши;yushi;йуши;
легенд;legend;легенд;
хауц;hauts;хауц;
бурге;burge;бурге;
тудор;tudor;тудор;
цлассе чатеау;classe chateau;классе чато;
еиселе винеыард;eisele vineyard;еиселе винеярд;
а слим;a slim;а слим;
бартолини;bartolini;бартолини;
светла;svetla;светла;
тоурс;tours;тоурс;
стронгбоw;strongbow;стронгбов;
петрус;petrus;петрус;
харп;harp;харп;
грегорио;gregorio;грегорио;
гф;gf;гф;
монанге;monange;монанге;
ис;is;ис;
шоп;shop;шоп;
цлосерие де;closerie de;клосерие де;
маxимин;maximin;максимин;
доминго;domingo;доминго;
хуxол;huxol;хуксол;
цасес;cases;касес;
парадисо;paradiso;парадисо;
марее;maree;мари;
цертифиед;certified;кертифиед;
адега;adega;адега;
клингенфус;klingenfus;клингенфус;
цонтенц;contents;контенц;
феста;festa;феста;
парас;paras;парас;
брио;brio;брио;
моменто;momento;моменто;
ламбраыс;lambrays;ламбраис;
цаса цосте;casa coste;каса косте;
ароунд;around;ароунд;
аса;asa;аса;
аqуитаине;aquitaine;аквитаине;
фелициа;felicia;феликиа;
балвение;balvenie;балвение;
пеппаррот;pepparrot;пеппаррот;
татаы;tatay;татай;
пурина;purina;пурина;
фида;fida;фида;
россе;rosse;россе;
моет &;moet &;моет &;
моха;moha;моха;
сцарноцчио;scarnocchio;скарнокчио;
фабрице;fabrice;фабрике;
мочи;mochi;мочи;
аморе;amore;аморе;
скин;skin;скин;
цооксмарт;cooksmart;куксмарт;
рончи;ronchi;рончи;
цомте георгес де;comte georges de;комте георгес де;
ла пиззута;la pizzuta;ла пиззута;
салазар;salazar;салазар;
форма;forma;форма;
китекат;kitekat;китекат;
паин дес;pain des;паин дес;
булмерс;bulmers;булмерс;
дуц;duc;дук;
скинцаре;skincare;скинкаре;
система;sistema;система;
барбиер;barbier;барбиер;
мелоды;melody;мелоди;
меггле;meggle;меггле;
тереза;tereza;тереза;
дистелл;distell;дистелл;
цаффе;caffe;каффе;
сирене;sirene;сирене;
игор ларионов;igor larionov;игор ларионов;
бристот;bristot;бристот;
цолин-мореы;colin-morey;колин-морей;
цардинал де;cardinal de;кардинал де;
ливен;liven;ливен;
сапори ди;sapori di;сапори ди;
ла чапелле де;la chapelle de;ла чапелле де;
4усе;4use;4усе;
порта;porta;порта;
тропицал;tropical;тропикал;
его де;ego de;эго де;
ачавал-феррер;achaval-ferrer;ачавал-феррер;
млекара;mlekara;млекара;
хаут-медоц де;haut-medoc de;хаут-медок де;
шавинг;shaving;шавинг;
сарма;sarma;сарма;
пармоние;parmonie;пармоние;
анд;and;анд;
цларенце диллон;clarence dillon;кларенке диллон;
франтоио;frantoio;франтоио;
смитх;smith;смит;
бодегас яуме;bodegas jaume;бодегас джауме;
аqуелла;aquella;аквелла;
агрочемие;agrochemie;агрочемие;
бецк;beck;бек;
шары;shary;шари;
абсолут;absolut;абсолут;
чевал;cheval;чевал;
пуффенеы;puffeney;пуффеней;
сангиоргио;sangiorgio;сангиоргио;
битоуч;bitouch;битоуч;
цардинал;cardinal;кардинал;
гинза;ginza;гинза;
чеетос;cheetos;читос;
органиа;organia;органиа;
субите;subite;субите;
палаис;palais;палаис;
шокобуцу;shokobutsu;шокобуцу;
чатеау моулин;chateau moulin;чато моулин;
франзисканер;franziskaner;франзисканер;
бегхин;beghin;бегхин;
броцард домаине;brocard domaine;брокард домаине;
трамиер;tramier;трамиер;
лансон;lanson;лансон;
десцендиентес де йосе;descendientes de jose;дескендиентес де джосе;
ал;al;ал;
оливиер лефлаиве;olivier leflaive;оливиер лефлаиве;
цалендреау;calendreau;календро;
ецос;ecos;экос;
чатеау пичон-лонгуевилле;chateau pichon-longueville;чато пичон-лонгьювилле;
хоутен;houten;хоутен;
китчен;kitchen;китчен;
беауте;beaute;беауте;
царне;carne;карне;
афиче;afiche;афиче;
согни;sogni;согни;
ома;oma;ома;
трипел;tripel;трипел;
бунзи;bunzi;бунзи;
цосте;coste;косте;
раимбаулт;raimbault;раимбаулт;
цосметиц;cosmetic;косметик;
цасе;case;касе;
саирме;sairme;саирме;
нонино;nonino;нонино;
хаитер;haiter;хаитер;
бланч;blanch;бланч;
деесиде;deeside;дисиде;
хи;hi;хи;
цасцина;cascina;каскина;
фарме;farme;фарме;
солис;solis;солис;
хаммерл;hammerl;хаммерл;
хомаре;homare;хомаре;
смацкер;smacker;смакер;
гадаис;gadais;гадаис;
дЬалмерита;d'almerita;д'алмерита;
молоко;moloko;молоко;
херве;herve;херве;
моуеиx;moueix;моьюикс;
уничарм;unicharm;уничарм;
деwал;dewal;девал;
оливиер;olivier;оливиер;
фресчелло;freschello;фрешелло;
дистиллерс;distillers;дистиллерс;
хокусецу;hokusetsu;хокусецу;
дистиллинг;distilling;дистиллинг;
натуреЬс;nature's;натурес;
цемои;cemoi;кемои;
мата;mata;мата;
qуатре;quatre;кватре;
цоокиес;cookies;кукиес;
спеед;speed;спид;
баги/уницум;bagi/unicum;баги/уникум;
мехмет;mehmet;мехмет;
грос;gros;грос;
хоуx;houx;хоукс;
томорроw`с;tomorrow`s;томорров`с;
рамбаудс;rambauds;рамбаудс;
цертан де маы;certan de may;кертан де май;
соуани;souani;соуани;
гартенз;gartenz;гартенц;
грееце;greece;грике;
бране-цантенац;brane-cantenac;бране-кантенак;
тенута;tenuta;тенута;
сауер;sauer;саьюр;
беррисом;berrisom;беррисом;
ги мео;gi meo;ги мео;
qдо;qdo;кдо;
органиц;organic;органик;
лес qуатре тоурс;les quatre tours;лес кватре тоурс;
принцесс;princess;принкесс;
немирофф;nemiroff;немирофф;
солар;solar;солар;
стаx;stax;стакс;
ет;et;эт;
нагатоыа;nagatoya;нагатоя;
марини;marini;марини;
чунгюнгоне;chungjungone;чунгджунгоне;
хааген;haagen;хааген;
сафе;safe;сафе;
готофф;gotoff;готофф;
специал;special;спекиал;
фирензе;firenze;фирензе;
никка;nikka;никка;
доммиx;dommix;доммикс;
тхаи;thai;таи;
чанце;chance;чанке;
златеа;zlatea;злати;
фландрес;flandres;фландрес;
ди гианфранцо;di gianfranco;ди гианфранко;
цлинет;clinet;клинет;
фамоус;famous;фамоус;
фатториа ла;fattoria la;фатториа ла;
делициа;delicia;деликиа;
агрицола реqуингуа;agricola requingua;агрикола реквингуа;
антон студио;anton studio;антон студио;
цй;cj;кдж;
гемене;gemene;гемене;
вегетабле;vegetable;вегетабле;
дентор;dentor;дентор;
митомо;mitomo;митомо;
тигнанелло;tignanello;тигнанелло;
алаин;alain;алаин;
беллы;belly;белли;
мортлач;mortlach;мортлач;
хортеx;hortex;хортекс;
синглетон;singleton;синглетон;
чипс;chips;чипс;
ми@ко;mi@ko;ми@ко;
цомпацт;compact;компакт;
wхиттард;whittard;вхиттард;
труефитт анд;truefitt and;трьюфитт анд;
буд;bud;буд;
лафиторе;lafitore;лафиторе;
лагравиере;lagraviere;лагравиере;
гимоннет &;gimonnet &;гимоннет &;
ганциа;gancia;ганкиа;
фамилле;famille;фамилле;
цасали;casali;касали;
снацк&фун;snack&fun;снак&фун;
чатеау чевал;chateau cheval;чато чевал;
чампигнон;champignon;чампигнон;
лтд;ltd;лтд;
фрагранце;fragrance;фрагранке;
дЬамандиер;d'amandier;д'амандиер;
марочип;marochip;марочип;
туилерие ду;tuilerie du;туилерие ду;
салес;sales;салес;
цантенац;cantenac;кантенак;
гленморангие;glenmorangie;гленморангие;
перлаx;perlax;перлакс;
ланд;land;ланд;
манзанилла пасада;manzanilla pasada;манзанилла пасада;
охе агрочемие;ohe agrochemie;охе агрочемие;
биллецарт-салмон;billecart-salmon;биллекарт-салмон;
луне;lune;луне;
цостиерес де;costieres de;костиерес де;
ессенце;essence;эссенке;
чатеау роц;chateau roc;чато рок;
чатенет;chatenet;чатенет;
мечаницал;mechanical;мечаникал;
домаине де ла;domaine de la;домаине де ла;
цлоуды;cloudy;клоуди;
йенс счлеичер;jens schleicher;дженс шлеичер;
амери;ameri;амери;
феуди ди;feudi di;феуди ди;
риголаде;rigolade;риголаде;
доппелхерз;doppelherz;доппелхерц;
домаине реине;domaine reine;домаине реине;
дреамиес;dreamies;дреамиес;
ченевиерес;chenevieres;ченевиерес;
грове;grove;грове;
са;sa;са;
охе;ohe;охе;
ецоловиста;ecolovista;эколовиста;
пастора;pastora;пастора;
бакеры;bakery;бакери;
асиаго;asiago;асиаго;
боx;box;бокс;
йерры;jerry;джерри;
акита;akita;акита;
варвелло;varvello;варвелло;
босца;bosca;боска;
сqуаре оуде;square oude;скваре оуде;
пиу;piu;пиу;
плантерс;planters;плантерс;
мариангела;mariangela;мариангела;
малоны;malony;малони;
пдц;pdc;пдк;
вигнеронс де ла;vignerons de la;вигнеронс де ла;
бортоломиол;bortolomiol;бортоломиол;
ла сирене де;la sirene de;ла сирене де;
вреденхоф;vredenhof;вреденхоф;
гундерлоч;gunderloch;гундерлоч;
бранцаиа;brancaia;бранкаиа;
впрове итЬс;vprove it's;впрове иц;
пиззута дел;pizzuta del;пиззута дел;
саирме минерал;sairme mineral;саирме минерал;
аргыле;argyle;аргиле;
меине;meine;меине;
роланд&амп;roland&amp;роланд&амп;
бранаире;branaire;бранаире;
естеларе;estelare;эстеларе;
бодегас герардо;bodegas gerardo;бодегас герардо;
цанена;canena;канена;
цантина;cantina;кантина;
фелинесе;felinese;фелинесе;
пастинос;pastinos;пастинос;
криек;kriek;криек;
цотон;coton;котон;
тонг;tong;тонг;
готтис;gottis;готтис;
цосима;cosima;косима;
тиссуе;tissue;тиссью;
мелима;melima;мелима;
новас;novas;новас;
беырие;beyrie;бейрие;
спорт;sport;спорт;
сцоттиш фине;scottish fine;скоттиш фине;
беауты;beauty;беаути;
лоск;losk;лоск;
стеwарт;stewart;стеварт;
валпараисо;valparaiso;валпараисо;
гуззини;guzzini;гуззини;
мирор;miror;мирор;
лланг;llang;лланг;
саилор йерры;sailor jerry;саилор джерри;
магнерс;magners;магнерс;
фуллерс;fullers;фуллерс;
банан;banan;банан;
- центер;center;кентер;
лафлеур-газин;lafleur-gazin;лафлеур-газин;
оwл;owl;овл;
диго;digo;диго;
хеад &;head &;хеад &;
даенг ги мео;daeng gi meo;даенг ги мео;
мугс;mugs;мугс;
моринага;morinaga;моринага;
монтевертине;montevertine;монтевертине;
прац &;prats &;прац &;
домаине де;domaine de;домаине де;
реисентхел;reisenthel;реисентел;
деоница;deonica;деоника;
црисп;crisp;крисп;
шоулдерс;shoulders;шоулдерс;
браида;braida;браида;
роыал селецтион;royal selection;роял селектион;
дуралеx;duralex;дуралекс;
ывес;yves;ивес;
мартраы;martray;мартрай;
игор;igor;игор;
елирис;eliris;элирис;
викЬс;vik's;викс;
мисура;misura;мисура;
ноте;note;ноте;
блуе хиллс;blue hills;блью хиллс;
коняк;konjak;конджак;
qуеен;queen;квин;
пец;pets;пец;
серие;serie;серие;
исола деи;isola dei;исола деи;
сгамбаро;sgambaro;сгамбаро;
дицора;dicora;дикора;
гхидини;ghidini;гхидини;
теаморе;teamore;теаморе;
тутто;tutto;тутто;
ри;ri;ри;
яцqуес;jacques;джакквес;
виллмонте;villmonte;виллмонте;
фине соапс;fine soaps;фине соапс;
пиерре-луц;pierre-luc;пиерре-лук;
ериц;eric;эрик;
гиацоса;giacosa;гиакоса;
росазза;rosazza;росазза;
wхискеы;whiskey;вхискей;
коу;kou;коу;
кремлин;kremlin;кремлин;
торино;torino;торино;
робин;robin;робин;
овисолио;ovisolio;овисолио;
бабы пройецт;baby project;баби проджект;
ханхуи;hanhui;ханхуи;
фабрица;fabrica;фабрика;
глен;glen;глен;
линцк;linck;линк;
литтлест;littlest;литтлест;
хорсес;horses;хорсес;
чевалиер;chevalier;чевалиер;
дЬесцланс;d'esclans;д'ескланс;
