alias;brand
росабелле;rosabelle
сакре коеур;sacre coeur
сакр коеур;sacre coeur
оливер;oliver
умо;umo
юмо;umo
мен;men
кологне;cologne
кологн;cologne
ароманиа манго;aromania mango
шаила;shayla
шейла;shayla
династи;dynasty
иветте;yvette
флорине;florine
флорайн;florine
беаути кафе;beauty cafe
бьюти каф;beauty cafe
калеидоскопе;kaleidoscope
кейлейдоскоп;kaleidoscope
дееп аква;deep aqua
деп аква;deep aqua
амарилис;amarylis
амарайлис;amarylis
ханна;hanna
эрика;erika
топ;top
труди;trudy
ривиера;riviera
эмери;emery
фаберлик астерион;faberlic asterion
фейберлик астерен;faberlic asterion
поур тоуйоурс;pour toujours
пур тужурс;pour toujours
гентлеман;gentleman
джентлемен;gentleman
тотал колор;total color
фаст;fast
мичелле;michelle
микелле;michelle
аора;aora
плакве контрол;plaque control
плак контрол;plaque control
ванилла;vanilla
руннер;runner
телма;thelma
тельма;thelma
галиа;galia
марко;marco
гвен;gwen
интемпорел;intemporel
оливиа;olivia
кутикле;cuticle
кутикл;cuticle
сос;sos
тревор;trevor
фарма;pharma
валентин;valentin
вейлентин;valentin
френ;fren
норберта;norberta
раионнемент;rayonnement
рейоннемент;rayonnement
нуитс бланчес;nuits blanches
йули;july
джули;july
фиона;fiona
унион;union
юнион;union
исабел;isabel
изейбел;isabel
гардериса;garderica
гардерика;garderica
валентин йудашкин голд;valentin yudashkin gold
вейлентин юдашкин голд;valentin yudashkin gold
нортон;norton
лирикс;lyrics
лайрикс;lyrics
клаудетте;claudette
тира;tyra
алиса;alisa
ализа;alisa
надиа;nadia
ренаиссанке;renaissance
ренаиссанче;renaissance
анге;ange
андж;ange
прих ханд;prix hand
прикс ханд;prix hand
гвинет;gwyneth
гвайнес;gwyneth
аппле;apple
лолита;lolita
фаберлик пулсе;faberlic pulse
фейберлик пулс;faberlic pulse
фаберлик интенсе;faberlic intense
фейберлик интенс;faberlic intense
алвада;alvada
альвада;alvada
констанкиа;constancia
тоуйоурс;toujours
тужурс;toujours
метауп;metaup
метоуп;metaup
кафе;cafe
кейф;cafe
офелиа;ofelia
мелоди;melodie
садие;sadie
сейди;sadie
ава;ava
салон;salon
сейлон;salon
охфорд;oxford
оксфорд;oxford
карла;karla
франке;france
франс;france
суит;suit
петра;petra
карибиса;caribica
карибика;caribica
элса;elsa
эльса;elsa
парк;park
ким;kim
саваннах;savannah
сейваннах;savannah
ароманиа муск;aromania musk
риа;ria
йамие;jamie
джейми;jamie
камми;cammi
фор наил;for nail
фор нейл;for nail
блуес;blues
бльюс;blues
банни;banny
эмалине;emalyne
эмалайн;emalyne
алеха;alexa
алекса;alexa
келсиус;celsius
кельсиус;celsius
элиша;elisha
дорис;doris
леонардо;leonardo
гингер;ginger
джинджер;ginger
лусиа;lucia
лукиа;lucia
платинум;platinum
перфетто;perfetto
этерните;eternite
этернайт;eternite
виолет;violet
йуики;juicy
джуиси;juicy
белле;belle
йенна;jenna
енна;jenna
йордана;jordana
ердана;jordana
плус;plus
плюс;plus
активе;active
актайв;active
палома;paloma
леона;leona
аир;air
эйр;air
эхперт идеал боди;expert ideal body
эксперт идил боди;expert ideal body
фучсиа;fuchsia
еатлесс нев;eatless new
итлесс нью;eatless new
деним;denim
сакура;sakura
ботаниса;botanica
ботаника;botanica
дарк;dark
чамп;champ
омега;omega
лоувре;louvre
лоувр;louvre
фаберлик круисер эхтреме;faberlic cruiser extreme
фаберлик круизер экстрем;faberlic cruiser extreme
венди;wendy
салли;sally
солли;sally
зоя;zoya
калорие;calorie
кейлори;calorie
алба;alba
альба;alba
йудит;judith
джудис;judith
класси;classy
рачел;rachel
фаберлик круисер;faberlic cruiser
фейберлик круизер;faberlic cruiser
спорлифе исе;sporlife ice
спорлайф айс;sporlife ice
агате;agate
агейт;agate
тропик стори;tropic story
волуме;volume
волюм;volume
креме;creme
крем;creme
брисе;brise
брайз;brise
глосс;gloss
дри;dry
доктори;dry
конние;connie
конни;connie
ноувелле;nouvelle
йаспер;jasper
джаспер;jasper
грасиа;gracia
гракиа;gracia
скила;skyla
маркелла;marcella
йуики мих;juicy mix
юики микс;juicy mix
фанки;fancy
фанси;fancy
пипер;piper
дарлине;darline
дарлайн;darline
алессандро;alessandro
эхперт;expert
эксперт;expert
дарина;darina
кинделла;cindella
идеал боди;ideal body
идил боди;ideal body
комфорт;comfort
чарлотт;charlott
валентин йудашкин;valentin yudashkin
вейлентин юдашкин;valentin yudashkin
секрет;secret
йудашкин росе;yudashkin rose
юдашкин роз;yudashkin rose
ароманиа аппле;aromania apple
серена;serena
китрониса;citronica
китроника;citronica
салонкаре;saloncare
сейлонкейр;saloncare
классик;classique
ароманиа личее;aromania lychee
ароманиа личе;aromania lychee
моистуризинг;moisturizing
эффие;effie
эффи;effie
чристиан;christian
кристиан;christian
элегант;elegant
пасифик;pacific
пейсифик;pacific
куртсей;curtsey
курци;curtsey
гранд;grand
виби;viby
селма;selma
сельма;selma
гина;gina
джина;gina
бри;bri
кристал;cristal
модерне;moderne
модерн;moderne
ден;den
донателла;donatella
мон рои;mon roi
сторие;storie
стори;storie
стикерс фор;stickers for
стикерс;stickers
паулине;pauline
поулайн;pauline
софиа;sofia
лили;lily
ретинол;retinol
мариетте;mariette
нуит;nuit
клаудине;claudine
клоудайн;claudine
марибелле;marybelle
ароманиа;aromania
ханд каре;hand care
ханд кейр;hand care
элвина;elvina
эльвина;elvina
селена;selena
ауроре;aurore
оурор;aurore
десире;desire
десаир;desire
мерлон;merlon
марс;mars
паола;paola
наил беаути комплех;nail beauty complex
наил бьюти комплекс;nail beauty complex
десигн;design
дезигн;design
перфектор;perfector
сокс;socks
каори;kaori
алена;alena
паиге;paige
пейдж;paige
полли;polly
трансфер;transfer
ридер;rider
орангерие;orangerie
оранджери;orangerie
кокветте;coquette
кокветт;coquette
принкессе;princesse
принчессе;princesse
ултра;ultra
ультра;ultra
элли;elly
коктаил;cocktail
коктейл;cocktail
алберта;alberta
альберта;alberta
донна фелисе;donna felice
донна фелик;donna felice
лорелеи;lorelei
лорелей;lorelei
рената;renata
лорие;lorie
лори;lorie
магнетикве;magnetique
мейнтик;magnetique
веда;veda
беверли;beverly
коат;coat
амел;amel
стаки;stacy
стейси;stacy
йакквелине;jacqueline
жакквелин;jacqueline
кинтиа;cynthia
флеуретте;fleurette
фльюретте;fleurette
коеур;coeur
моистуризинг гел;moisturizing gel
моистуризинг джел;moisturizing gel
вхите теа;white tea
вайт ти;white tea
линетте;linette
ретинол лике;retinol like
ретинол лайк;retinol like
йилл;jill
джилл;jill
уко;uko
юко;uko
мариам;mariam
мейриам;mariam
спортлифе;sportlife
спортлайф;sportlife
коллектион привее;collection privee
коллекшен приве;collection privee
мон;mon
феерикве;feerique
феерик;feerique
лусиана;luciana
лукиана;luciana
ливви;livvy
тали;taly
тейли;taly
вент;vent
кафе каприсе;cafe caprice
кафе каприче;cafe caprice
дивине;divine
дивайн;divine
лорелина;lorelina
мадие;madie
мейди;madie
тиарра;tiarra
прих;prix
прикс;prix
идеал;ideal
идил;ideal
астерион;asterion
астерен;asterion
боуквет;bouquet
буквет;bouquet
волкано;volcano
волкейно;volcano
сабрина;sabrina
курлс;curls
алине;aline
алайн;aline
фаберлик ланкелот;faberlic lancelot
карлине;carlyne
карлайн;carlyne
аризу;arizu
каре;care
кейр;care
фаберлик боуквет;faberlic bouquet
фаберлик буквет;faberlic bouquet
бриллианке;brilliance
бриллианче;brilliance
мона;mona
бой;boy
бои;boy
аква;aqua
блаке;blake
блейк;blake
йуики мих каре;juicy mix care
юики микс кар;juicy mix care
плакве;plaque
плак;plaque
роберта;roberta
тори;tory
аполлине;apolline
сакре;sacre
сакр;sacre
круисер эхтреме;cruiser extreme
круизер экстрем;cruiser extreme
малорие;malorie
мейлори;malorie
йолеен;joleen
джолин;joleen
лигхт;light
лайт;light
милитари;military
милитейри;military
хеатер;heather
хезер;heather
уомо;uomo
габриел;gabriel
габрил;gabriel
шона;shona
ултра повер;ultra power
ультра поуер;ultra power
одетте;odette
амаранда;amaranda
калорие блок;calorie block
кейлори блок;calorie block
поур;pour
фаберлик парфум;faberlic parfum
бергамот;bergamot
бергеймот;bergamot
бриллиант;brilliant
кеана;keana
эстете;esthete
эстет;esthete
стреет;street
стрит;street
эване;evane
эвейн;evane
матт;matt
аге;age
адж;age
дивино;divino
романтисо;romantico
романтико;romantico
ароманиа вхите теа;aromania white tea
аромейниа вайт ти;aromania white tea
магнолиа;magnolia
беау монде;beau monde
бо монд;beau monde
эхперт фарма баби;expert pharma baby
эксперт фарма баби;expert pharma baby
йесса;jessa
жесса;jessa
йен;jen
джен;jen
алла;alla
лади;lady
лейди;lady
вивиане;viviane
вивиан;viviane
нев;new
нью;new
личее;lychee
личе;lychee
каори йузу;kaori yuzu
каори юзу;kaori yuzu
кармело;carmelo
скилине;skyline
скайлайн;skyline
блак;black
блэк;black
еат;eat
ит;eat
мегаполис;megapolis
мегейполис;megapolis
исоник;iconic
иконик;iconic
лидди;liddy
фринге;fringe
фриндж;fringe
фаберлик алтернативе;faberlic alternative
фейберлик альтернейтайв;faberlic alternative
хоней;honey
хони;honey
шине;shine
шайн;shine
чатеаух;chateaux
шато;chateaux
лорена;lorena
провенке;provence
провенс;provence
спортлифе активе;sportlife active
спортлайф актайв;sportlife active
йулиана;juliana
джулиана;juliana
челсеа;chelsea
чельсеа;chelsea
папиллон;papillon
пейпиллон;papillon
аурене;aurene
оурен;aurene
йудашкин;yudashkin
юдашкин;yudashkin
эван;ewan
ьюан;ewan
тино;tino
росе;rose
роз;rose
эверстронг;everstrong
эверштронг;everstrong
роял;royal
фаберлик гентлеман;faberlic gentleman
фейберлик джентлемен;faberlic gentleman
марние;marnie
марни;marnie
привее;privee
приве;privee
статут;statut
стейтут;statut
ханд;hand
астрид;astrid
фарма баби;pharma baby
амира;amira
марино;marino
нубиа;nubia
таилор;taylor
тейлор;taylor
гарден;garden
спортлифе аеро;sportlife aero
спортлайф аеро;sportlife aero
ализес;alizes
брианна;brianna
азура;azura
бриллиант аге;brilliant age
бриллиант адж;brilliant age
давн;dawn
довн;dawn
ароманиа ванилла;aromania vanilla
стикерс фор наил;stickers for nail
стикерс фор нейл;stickers for nail
брунелла;brunella
реве;reve
рев;reve
богема;bogema
белла;bella
эрин;erin
дамиен;damien
деймин;damien
беаути кафе каприсе;beauty cafe caprice
беаути кафе каприче;beauty cafe caprice
лилиане;liliane
лилиан;liliane
беттина;bettina
голд;gold
наил десигн;nail design
нейл дезигн;nail design
клара;clara
легенде;legende
ледженд;legend
оскар;oscar
иззи;izzy
йузу;yuzu
юзу;yuzu
долли;dolly
дееп;deep
дип;deep
фит;fit
чарманте;charmante
чармант;charmante
сафари;safari
хара;xara
ксара;xara
боди;body
вхите плус;white plus
вайт плюс;white plus
фиорелла;fiorella
ида;ida
никки;nikki
дри топ коат;dry top coat
доктори топ коат;dry top coat
ароманиа виолет;aromania violet
йенни;jenny
дженни;jenny
эсмералда;esmeralda
эсмеральда;esmeralda
йуне;june
джун;june
долке;dolce
долс;dolce
каприсе;caprice
каприче;caprice
блур;blur
фаворите;favorite
фейворайт;favorite
тотал;total
софтенер моистуризинг;softener moisturizing
натан;nathan
назан;nathan
дуне;dune
дун;dune
сусан;susan
сузан;susan
лусас;lucas
люцас;lucas
брита;brita
лион;lyon
палаис роял;palais royal
пейлейс роял;palais royal
мико;miko
беаутифул еиес;beautiful eyes
бьютифул еиес;beautiful eyes
деми;demi
эхперт колор;expert color
эксперт колор;expert color
эхтреме;extreme
экстрем;extreme
чрис;chris
крис;chris
спорт;sport
йудашкин голд;yudashkin gold
юдашкин голд;yudashkin gold
патрисиа;patricia
патрикиа;patricia
бианка;bianca
аиза;aiza
кларетте;clarette
артур;arthur
мелодие;melodie
старри;starry
ивори;ivory
алена акхмадуллина;alena akhmadullina
фловер;flower
флоуер;flower
хариет;hariet
хейрит;hariet
круисер;cruiser
круизер;cruiser
камерон;cameron
кеймерон;cameron
фиби;fibi
фаллоне;fallone
софтенер моистуризинг гел;softener moisturizing gel
софтенер моистуризинг джел;softener moisturizing gel
иви;ivy
муле;mule
мул;mule
кассиди;cassidy
триомфе;triomphe
триомф;triomphe
каррие;carrie
раина;raina
руби;ruby
серафина;seraphina
сториедаморе;storiedamore
сторидеймор;storiedamore
вербена;verbena
хидраин;hydrain
хидокторейн;hydrain
стиле;style
стайл;style
алтернативе;alternative
альтернейтайв;alternative
кутикле софтенер;cuticle softener
кутикл софтенер;cuticle softener
невтоник;newtoniq
ньютоник;newtoniq
ароманиа бергамот;aromania bergamot
феста;festa
инна;inna
исадора;isadora
изадора;isadora
орланда;orlanda
софтенер;softener
легенд;legend
фантаисие;fantaisie
фантейзи;fantaisie
коллектион;collection
коллекшен;collection
деббие;debbie
дебби;debbie
старт;start
руббер;rubber
элба;elba
эльба;elba
парфум;parfum
салон каре;salon care
сейлон кейр;salon care
маркело;marcelo
марсело;marcelo
велвет веар;velvet wear
велвет вир;velvet wear
ресептион;reception
ресепшен;reception
делине;deline
делайн;deline
нуитс;nuits
дориане;doriane
дориан;doriane
беаути комплех;beauty complex
бьюти комплекс;beauty complex
корнелиа;cornelia
ностресс;nostress
либби;libby
пролихир;prolixir
проликсир;prolixir
триша;trisha
бридгет;bridget
бридджет;bridget
фоотбалл;football
футболл;football
спф;spf
эс пи эф;spf
фруити стори;fruity story
фрути стори;fruity story
мариса;marisa
гинни;ginny
джинни;ginny
ванда;wanda
дерек;derek
фусион;fusion
фусен;fusion
рои;roi
блак детох;black detox
блак детокс;black detox
яна;yana
унион скваре;union square
юнион сквар;union square
элеганке;elegance
элеганс;elegance
аеро;aero
янис;yanis
фаберлик;faberlic
фейберлик;faberlic
уомо фелисе;uomo felice
уомо фелайс;uomo felice
дипломате;diplomate
дипломейт;diplomate
эдна;edna
бекка;becca
хаир беаути;hair beauty
хаир бьюти;hair beauty
фелисита;felicita
феликита;felicita
рамята;ramyata
акхмадуллина;akhmadullina
фортуната;fortunata
пинк;pink
лике;like
лайк;like
вик;vic
чантилле;chantille
кантилле;chantille
пулсе;pulse
пулс;pulse
эмилие;emilie
эмили;emilie
фаиритале;fairytale
фэйрайтейл;fairytale
адагио;adagio
ададжио;adagio
привилеге;privilege
привиледж;privilege
коктаил стори;cocktail story
коктейл стори;cocktail story
лила;lyla
олимпиа;olimpia
еатлесс;eatless
итлесс;eatless
мадисон;madison
мейдизон;madison
иванна;ivanna
олвен;olwen
нина;nina
блуе;blue
блю;blue
бон;bon
милади;milady
милейди;milady
флориа;floria
марсеилле;marseille
наила;nayla
минт;mint
сокс блак;socks black
сокс блэк;socks black
фрида;frida
келсон;kelson
иии;iii
бести;besti
саимон;saimon
сеймон;saimon
пинкие;pinkie
пинки;pinkie
эсме;esme
эсм;esme
понт;pont
даркиа;darcia
илона;ilona
авенуе;avenue
авеню;avenue
арисса;arissa
классикве;classique
топ коат;top coat
парк авенуе;park avenue
парк авеню;park avenue
монтпарнассе;montparnasse
стеффи;steffy
арлетте;arlette
повер;power
поуер;power
неири;neyri
нейри;neyri
муск;musk
фредериса;frederica
фредерика;frederica
фемме;femme
фемм;femme
даина;dayna
беаутикафе каприсе;beautycafe caprice
беаутикафе каприче;beautycafe caprice
зима;zima
зелда;zelda
зельда;zelda
маттео;matteo
абелле;abelle
мих;mix
микс;mix
йоханна;johanna
еханна;johanna
раян;rayan
рейан;rayan
даве;dave
дейв;dave
дарелл;darell
дейрелл;darell
фитох нев;phytox new
файтокс нью;phytox new
исе;ice
айс;ice
комплех;complex
комплекс;complex
йардин;jardin
джардин;jardin
ариа;aria
чик;chic
блок;block
ашлей;ashley
ашли;ashley
лена;lena
эхперт фарма;expert pharma
эксперт фарма;expert pharma
неити;neyti
нейти;neyti
фаст дри топ;fast dry top
фаст доктори топ;fast dry top
мандарин;mandarin
мендейрин;mandarin
теа травел;tea travel
теа травель;tea travel
аристократикве;aristocratique
аристократик;aristocratique
осеаниса;oceanica
очеаника;oceanica
далиа;dalia
амбер;amber
маркел;marcel
марсел;marcel
ячт;yacht
долке вита;dolce vita
дольк вита;dolce vita
бонние;bonnie
бонни;bonnie
йанисе;janice
джанайс;janice
гвендолине;gwendoline
гвендолайн;gwendoline
лесли;lesly
глориа;gloria
тропик;tropic
феерикве эмотионелле;feerique emotionelle
феерик эмотионелле;feerique emotionelle
йереми;jeremy
джереми;jeremy
мих каре;mix care
микс кар;mix care
аудрей;audrey
оудоктори;audrey
вербена велвет;verbena velvet
вербена вельвет;verbena velvet
аделаиде;adelaide
аделейд;adelaide
фаберлик интемпорел;faberlic intemporel
фейберлик интемпорел;faberlic intemporel
променаде;promenade
променейд;promenade
лилак;lilac
фор;for
лино;lino
ланкелот;lancelot
эвита;evita
инкогнито;incognito
соирее;soiree
соире;soiree
колор;color
вербена велвет веар;verbena velvet wear
вербена велвет вир;verbena velvet wear
ароманиа амбер;aromania amber
рамиа;ramia
структур;structur
самуел;samuel
сеймьюл;samuel
прих ханд каре;prix hand care
прикс ханд кар;prix hand care
палма;palma
пальма;palma
либерти;liberty
фортуне;fortune
фортун;fortune
ароманиа лилак;aromania lilac
дона;dona
йаред;jared
джейред;jared
элемент кологне;element cologne
элемент кологн;element cologne
круисер сафари;cruiser safari
круизер сейфейри;cruiser safari
писадилли;picadilly
пикейдилли;picadilly
фаберлик инкогнито;faberlic incognito
фейберлик инкогнито;faberlic incognito
преппи;preppy
аллианке;alliance
аллианче;alliance
ленора;lenora
данни;danny
фли;fly
флора;flora
фелисе;felice
фелайс;felice
энерги;energy
энерджи;energy
даника;danika
аделе;adele
адел;adele
наил беаути;nail beauty
наил бьюти;nail beauty
флори;flory
дана;dana
скваре;square
сквар;square
эмотионелле;emotionelle
эхперт идеал;expert ideal
эксперт идил;expert ideal
тимеа;timea
леи;lei
лей;lei
алсасе;alsace
алсейс;alsace
фруити;fruity
фрути;fruity
патси;patsy
пейци;patsy
вита;vita
даниелле;danielle
блондие;blondie
блонди;blondie
тросадеро;trocadero
трокейдеро;trocadero
детох;detox
детокс;detox
виват;vivat
йолие;jolie
джоли;jolie
бланчес;blanches
блуе деним;blue denim
блю деним;blue denim
малена;malena
палаис;palais
пейлейс;palais
поитиерс;poitiers
пуатьерс;poitiers
степ;step
фаберлик детох;faberlic detox
фаберлик детокс;faberlic detox
беиге;beige
бейдж;beige
алисон;alison
ализон;alison
гел;gel
джел;gel
наил;nail
нейл;nail
ива;iva
спорти;sporty
романке;romance
романс;romance
гипси;gipsy
джипси;gipsy
вики;vicky
арабескве;arabesque
арабеск;arabesque
трансфер стикерс;transfer stickers
йоике;joyce
джоис;joyce
аккорд;accord
исоник курлс;iconic curls
иконик курлс;iconic curls
скин;skin
муст;must
амбианке;ambiance
амбианс;ambiance
пример;primer
мрс инкогнито;mrs incognito
мистерс инкогнито;mrs incognito
ада;ada
канди;candy
гранд прих;grand prix
гранд прикс;grand prix
йаннелле;jannelle
жаннелле;jannelle
черчез;cherchez
керхец;cherchez
элиса;elisa
элиза;elisa
мер;mer
брависсимо;bravissimo
элемент;element
снаке;snake
снейк;snake
хаир беаути комплех;hair beauty complex
хаир бьюти комплекс;hair beauty complex
нелла;nella
алатау;alatau
алатоу;alatau
тесоро;tesoro
фаберлик баби;faberlic baby
фейберлик бейби;faberlic baby
сенсуелле;sensuelle
лилоу;lilou
каила;kayla
охи;oxy
окси;oxy
донна;donna
беаути;beauty
бьюти;beauty
травел;travel
трейвел;travel
меридит;meridith
меридис;meridith
грей;grey
гри;grey
продент;prodent
рилие;rylie
райли;rylie
авантаге;avantage
авантадж;avantage
сенситиве;sensitive
сенситайв;sensitive
арианна;arianna
вхите;white
вайт;white
примо;primo
антониа;antonia
гилиане;giliane
джилиан;giliane
малика;malika
марянне;maryanne
мейрянн;maryanne
орангерие нероли;orangerie neroli
оранджери нероли;orangerie neroli
ами;amy
беллиссимо;bellissimo
спортлифе фоотбалл;sportlife football
спортлайф футболл;sportlife football
гранд прих ханд;grand prix hand
гранд прикс ханд;grand prix hand
лоире;loire
лоаир;loire
шила;shila
фитох;phytox
файтокс;phytox
космо;cosmo
нероли;neroli
фор наил десигн;for nail design
фор нейл дезигн;for nail design
диаманта;diamanta
эхтра охи;extra oxy
экстра окси;extra oxy
баби;baby
бейби;baby
фавори;favori
еиес;eyes
ейес;eyes
интенсе;intense
интенс;intense
эвангелине;evangeline
эвэнджелайн;evangeline
мари;mary
мейри;mary
монде;monde
монд;monde
секрет стори;secret story
полина;polina
ароманиа аква;aromania aqua
рохие;roxie
рокси;roxie
урбан легенд;urban legend
юрбан ледженд;urban legend
лето;leto
милдред;mildred
милдокторед;mildred
рико;riko
вера;vera
нова;nova
лисеа;lysea
лизеа;lysea
лиа;lia
фаберлик эхперт;faberlic expert
фаберлик эксперт;faberlic expert
шана;shana
шейна;shana
камелиа;camelia
клеменке;clemence
клеменс;clemence
мрс;mrs
мистерс;mrs
генниа;gennia
ароманиа вхите;aromania white
аромейниа вайт;aromania white
клермонт;clermont
херитаге;heritage
херитадж;heritage
хаир;hair
хэйр;hair
эмми;emmy
наоми;naomi
теа;tea
фабрисе;fabrice
фабрайс;fabrice
эхтра;extra
экстра;extra
бровн;brown
браун;brown
трансфер стикерс фор;transfer stickers for
феерикве сенсуелле;feerique sensuelle
феерик сенсуелле;feerique sensuelle
беаутикафе;beautycafe
бьютикаф;beautycafe
контрол;control
оригин;origin
ориджин;origin
рай;ray
рей;ray
мел;mel
фловер гарден;flower garden
флоуер гарден;flower garden
голдие;goldie
голди;goldie
элемент спорт;element sport
энзиповер;enzypower
энзипоуер;enzypower
спорлифе;sporlife
спорлайф;sporlife
эдвина;edvina
дри топ;dry top
доктори топ;dry top
сузетте;suzette
лоуисе;louise
луиз;louise
келис;kelis
луки;lucy
люци;lucy
спортлифе исе;sportlife ice
спортлайф айс;sportlife ice
велвет;velvet
фелисити;felicity
виолине;violine
виолайн;violine
фаст дри;fast dry
фаст доктори;fast dry
беаутифул;beautiful
бьютифул;beautiful
коутуре;couture
каутур;couture
фелисиа;felicia
феликиа;felicia
хит;hit
хаппи;happy
лана;lana
беау;beau
бо;beau
увиолет;uviolet
ювиолет;uviolet
алберт;albert
ххл;xxl
икс икс эль;xxl
бруни;bruni
лессвеет;lessweet
лессвит;lessweet
арлине;arline
арлайн;arline
авентурес;aventures
авенчерс;aventures
ароманиа мандарин;aromania mandarin
блазе;blaze
блейз;blaze
флоранге;florange
флорандж;florange
валентин йудашкин росе;valentin yudashkin rose
вейлентин юдашкин роз;valentin yudashkin rose
урбан;urban
юрбан;urban
элаине;elaine
элейн;elaine
британи;brithany
бризейни;brithany
индие;indie
инди;indie
кутикле софтенер моистуризинг;cuticle softener moisturizing
кутикл софтенер моистуризинг;cuticle softener moisturizing
имма;imma
луана;luana
шеридан;sheridan
флехи;flexi
флекси;flexi
олинда;olinda
веар;wear
вир;wear
манго;mango
менго;mango
фрея;freya
аврил;avril
дариа;daria
нимфеа;nymphea
реина;reyna
албертине;albertine
албертайн;albertine
абби;abby
глосси;glossy
пиппа;pippa
ксениа;ksenia
