ada gatti;ада гатти;
alliance;аллианке;
alliance;аллианче;ita
alliance;аллианке;
alliance;аллианче;ita
alliance for kids;аллианке фор кидс;
alliance for kids;аллианс фор кидс;fra
alliance for kids;аллианке фор кидс;
alliance for kids;аллианс фор кидс;fra
ander welt;андер велт;
aquarel`;акварел;
arwa;арва;
audrey right;аудрей ригхт;
audrey right;оудри райт;en
audrey right;аудрей ригхт;
audrey right;оудри райт;en
averi;авери;
avigal (avrora);авигал аврора;
avigal (avrora);авигаль аврора;lat
baron;барон;
baron;бейрон;en
baron;барон;
baron;бейрон;en
be cara;бе кара;
be cara;бе кара;
beatris;беатрис;
beatris;битрис;en
beatris;беатрис;
beatris;битрис;en
belirini;белирини;
bellovera;белловера;
brandly;брандли;
burlesco;бурлеско;
charutti;чарутти;
charutti;карутти;ita
charutti;чарутти;
charutti;карутти;ita
cofret;кофрет;
cofret;кофрет;
constanta;константа;
constanta;константа;
conte;конте;
conte;конт;en
conte;конте;
conte;конт;en
cubo nero;кубо неро;
cubo nero;кубо неро;
d`imma fashion studio;димма фашион студио;
d`imma fashion studio;димма фашен студио;en
d`imma fashion studio;димма фашион студио;
d`imma fashion studio;димма фашен студио;en
desso;дессо;
dezula;дезула;
diolche;диолче;
diolche;диолч;en
diolche;диолче;
diolche;диолч;en
dizzyway;диззивай;
dizzyway;диззивей;en
dizzyway;диззивай;
dizzyway;диззивей;en
dora;дора;
drive;дриве;
drive;дрив;en
drive;дриве;
drive;дрив;en
eliseeva olesya;элисеева олеся;
eliseeva olesya;элизева олеся;lat
eliseeva olesya;элисеева олеся;
eliseeva olesya;элизева олеся;lat
emka;эмка;
filigrana;филиграна;
filigrana;филиграна;
filodoro;филодоро;
franchesco mariscotti;франческо марискотти;
franchesco mariscotti;франкеско марискотти;ita
franchesco mariscotti;франческо марискотти;
franchesco mariscotti;франкеско марискотти;ita
franzoni;франзони;
frekans;фреканс;
gepard;гепард;
gepard;джепард;en
gepard;гепард;
gepard;джепард;en
gia-marie (glauri);гиа-марие глаури;
gia-marie (glauri);гиа-марие глаури;
gino de luca;гино де луса;
gino de luca;гино де лука;lat
gino de luca;гино де луса;
gino de luca;гино де лука;lat
glam casual;глам касуал;
glam casual;глам кейзуал;en
glam casual;глам касуал;
glam casual;глам кейзуал;en
golden lady;голден лади;
golden lady;голден лейди;en
golden lady;голден лади;
golden lady;голден лейди;en
horosha;хороша;
innamore;иннаморе;
innamore;иннеймор;en
innamore;иннаморе;
innamore;иннеймор;en
intikoma;интикома;
ironcust;иронкуст;
ironcust;иронкуст;
jetti-plus;йетти-плус;
jetti-plus;йетти-плус;
jms;ймс;
jms;жмс;en
jms;ймс;
jms;жмс;en
j-splash;й-сплаш;
j-splash;ж-сплаш;en
j-splash;й-сплаш;
j-splash;ж-сплаш;en
kamea;камеа;
kamea;камеа;
kapsula;капсула;
karna;карна;
landre;ландре;
landre;ландр;en
landre;ландре;
landre;ландр;en
lautus;лаутус;
lautus;лаутус;
lena basco;лена баско;
liza fashion;лиза фашион;
liza fashion;лиза фашен;en
liza fashion;лиза фашион;
liza fashion;лиза фашен;en
lolly collection;лолли коллектион;
lolly collection;лолли коллекшен;en
lolly collection;лолли коллектион;
lolly collection;лолли коллекшен;en
looklie;лооклие;
looklie;лукли;en
looklie;лооклие;
looklie;лукли;en
lovitton;ловиттон;
luce della vita;лусе делла вита;
luce della vita;луче делла вита;ita
luce della vita;лусе делла вита;
luce della vita;луче делла вита;ita
luckyland;лукиланд;
luckyland;люцкайланд;en
luckyland;лукиланд;
luckyland;люцкайланд;en
luna;луна;
mari-line;мари-лине;
merlis;мерлис;
mia cara;миа кара;
mia cara;миа кара;
milton;милтон;
mix-mode;мих-моде;
mix-mode;микс-мод;en
mix-mode;мих-моде;
mix-mode;микс-мод;en
modalin;модалин;
modalin;модейлин;en
modalin;модалин;
modalin;модейлин;en
modeleani;моделеани;
modeleani;моделини;en
modeleani;моделеани;
modeleani;моделини;en
modellos;моделлос;
mylike;милике;
mylike;майлик;en
mylike;милике;
mylike;майлик;en
nevis;невис;
novita;новита;
olga peltek;олга пелтек;
olga peltek;ольга пельтек;lat
olsi;олси;
open fashion;опен фашион;
open fashion;опен фашен;en
open fashion;опен фашион;
open fashion;опен фашен;en
open fashion premium;опен фашион премиум;
open fashion premium;опен фашен премиум;en
open fashion premium;опен фашион премиум;
open fashion premium;опен фашен премиум;en
osven;освен;
palla;палла;
philippe matignon;филиппе матигнон;
philippe matignon;филипп мейтигнон;en
philippe matignon;филиппе матигнон;
philippe matignon;филипп мейтигнон;en
pretty woman;претти воман;
pretty woman;претти вомен;en
pretty woman;претти воман;
pretty woman;претти вомен;en
rosa blanco;роса бланко;
rosa blanco;роза бланко;lat
rosa blanco;роса бланко;
rosa blanco;роза бланко;lat
salvi-s;салви-с;
sejo;сейо;
sejo;седжо;jap
sejo;сейо;
sejo;седжо;jap
setty's collection;сеттис коллектион;
setty's collection;сеттис коллекшен;en
setty's collection;сеттис коллектион;
setty's collection;сеттис коллекшен;en
sunvim;сунвим;
sunwear;сунвеар;
sunwear;сунвир;en
sunwear;сунвеар;
sunwear;сунвир;en
svetekst;светекст;
svetekst;сфетекшт;ger
svetekst;светекст;
svetekst;сфетекшт;ger
taiga;таига;
trend;тренд;
valentina;валентина;
valentina;валентина;
vay;вай;
vay;вей;en
vay;вай;
vay;вей;en
vay kids;вай кидс;
vay kids;вей кидс;en
vay kids;вай кидс;
vay kids;вей кидс;en
viola;виола;
virgi style;вирги стиле;
virgi style;вирджи стайл;en
virgi style;вирги стиле;
virgi style;вирджи стайл;en
viserdi;висерди;
viserdi;визерди;en
viserdi;висерди;
viserdi;визерди;en
willi;вилли;
wisell;виселл;
wisell;визелл;en
wisell;виселл;
wisell;визелл;en
zaps;запс;
zarka;зарка;
