;milka tuc
;senses caramel
;whitening
;stages power frozen
;diets fortiflora
;venus embrace
;baby-dry midi
;noire new year
;lenor fresh
;veterinary diets nf
;powder type
;kinder chocolate
;super plus
;itlv extra
;tea magic normal
;classic camomile night
;veterinary
;minimi tulle
;rexona aloe vera
;always night
;manuoki xl
;omsa lasticotton
;camomile light single
;pampers pants junior
;gillette sport triumph
;violet
;palmbaby xl
;vip mix
;snap embrace
;sheba appetito
;sisi be
;special care
;oral-b satin floss
;felix sensations
;mickey for kids
;discreet deo irresistible
;premium care maxi
;classic max
;adult large
;lipton pear chocolate
;pampers pants midi
;apricot
;plan vet diet
;light single
;oral-b 3-effect
;dark temptation
;aussie miracle moist
;diet drm
;oral-b ultrathin
;attiva
;plus duo
;nan 2 optipro
;retina
;denim original
;omsa micro cotton
;normal
;water lily
;de olivia
;plan dental
;instinctive
;care olay violet
;nivea care
;compak
;junior urban life
;healthcare spa balance
;mach3
;sico n3 safety
;plus trio
;gillette cool wave
;markies
;vitality precision
;snow flakes
;dejour
;gillette arctic
;lenor touch of
;carte noire new
;nan supreme
;up expert
;kingfisher aloe vera
;intense beauty
;deluxe coconut
;sisi activity
;wellaflex classic
;urban
;canin mini
;ultra night14
;splat special black
;cini
;veterinary diets jm
;lily multiform
;sakura big size
;light
;plan light
;naturella calendula
;pampers pants
;avocado twist
;pediasure
;hydra gel
;make
;normal duo
;maneki nekizoo
;chow kitten
;active baby-dry maxi
;sakura big
;omsa perfect
;nekizoo
;fusion hydra
;canin ultra light
;aroma
;nesquik duo
;tenderness normal trio
;appetito
;plan large
;canin mother&babycat
;thai dynamique
;splat special love
;moisture
;pro plan large
;proglide power flexball
;light trio
;kinder bueno
;royal canin renal
;canin x-small adult
;water lily multiform
;pampers pants maxi
;conte esli
;caramel cappuccino
;frautest express n1
;proexpert
;plan vet
;senses double chocolate
;white medic delicate
;precision
;cheerful
;hydrating
;sheba pleasure
;decaff
;compak regular duo
;lipton lemon melissa
;deo normal single
;felix party
;baby-dry maxi plus
;oolong
;glam
;l'or riche
;always platinum
;fusion pro
;minute miracle moisture
;color expert
;veterinary diets hp
;hr03 850mah
;violet swirl
;ninfa
;camomile night
;splat kids
;gold barista
;veterinary diets dm
;citron
;olivia
;pepsi
;3d white
;danger
;odor blocker
;minis mix new
;spice cooling
;pro plan biscuits
;pepsi wild
;haiter powder
;lipton peach
;lipton forest fruit
;duracell ultra
;fusion proglide
;ultra camomile night
;venus embrace sensitive
;deliss harmony
;spice lionpride
;diet
;rusrest mini
;harmony
;wood
;mandarine orange
;fusion proshield chill
;yo-yo
;pro-expert professional protection
;elite
;gillette sensitive
;3d white luxe
;a la
;delicate
;microcotton
;blocker strong
;destroyer sport
;axe dark
;gillette power
;pampers natural clean
;mr proper
;tide color
;beads cool wave
;mild
;bueno white
;tampax compak
;cat chow sensitive
;lemon melissa
;spice white water
;attiva
;dental plus
;spice danger
;summer fresh multiform
;gerber organic
;rubie platinum plus
;moisturizing
;gide flexball
;canin starter mousse
;hard
;camomile light duo
;minute miracle
;me to you
;m&m's friends
;sensitive normal
;minute miracle aqua
;mint
;dog chow mature
;platinum ultra night12
;deo spring
;old spice wolfthorn
;power starwars
;blend-a-med 3d
;magical spell
;absolu
;fusion hydra gel
;conte tip-top
;alaska
;optipro
;pampers sensitive
;blocker strong swagger
;robust adult
;touch of lenor
;oral-b vitality
;roll up
;microcotton
;liquid capsules touch
;camomile light
;pants extra large
;deo summer
;discreet normal
;plan dental pro
;totti caffe ristretto
;splat special extreme
;classic camomile maxi
;cherry
;camomile normal
;kitten sterilised
;iberica extra virgin
;mondo caldo
;spa breeze
;gillette mach3 start
;kingfisher bio
;extra comfort
;grapefruit
;night
;capsules touch
;fascino 8 den
;cool wave
;butterly
;gourmet mon
;pampes pants extra
;discreet air
;londatrend
;gardex naturin
;blue ii maximum
;canin digest sensitive
;vera
;power flexball
;sakura kid's
;special extreme
;nivea soft
;blocker lasting legend
;starter
;gillette fusion power
;professional whitening
;old spice lasting
;always ultra sensitive
;stages
;fusion hydrating
;lipton peach mango
;blend-a-med complete
;lycra
;hanny classic
;dog chow
;light duo
;aussie repair
;forest fruit
;spice dirt destroyer
;gillette tgs
;kit kat
;pearl super
;large robust adult
;mandarine
;pampers new baby-dry
;hortex mexico mix
;naturella green
;diets
;essential floss
;night12
;blendy
;gillette blue sensitive
;diet en
;basic aaa
;minimi lucia
;night14
;cat chow
;ultra normal plus
;kaineko
;merries l
;always ultra night14
;plan veterinary
;venus&olay
;calendula tenderness single
;pantene aqua
;ginger
;healthcare spa
;royal canin starter
;federici
;gillette sport
;healthcare spa black
;body
;camay dejour
;ninfa
;large athletic sensitive
;make-up expert
;gillette classic clean
;fusion power
;spice whitewater
;blocker lasting
;scent
;platinum ultra normal
;little pony
;tgs cool
;cotton
;capsules color
;canin urban life
;fairy proderma
;radiant apricot
;hanny
;of lenor
;arko platinum
;oral-b 3-effect maxi
;filodoro paola
;premium care newborn
;gillette mach3 smoothing
;calendula
;plan junior
;filodoro top comfort
;peach
;miss
;beautyvisage
;multiform single
;breesal romance
;naturella camomile
;maxwell
;white luxe pro-flex
;beads power
;sea-food
;tesori d oriente
;stainless
;power beads
;gide
;la perline
;platinum plus
;vizit
;canin ultra
;maxim gold mild
;duracell turbomax
;normal plus
;baby-dry extra
;gillette venus classic
;start
;multiform
;tesori d
;mature adult
;pro plan dental
;caldo
;wide haiter powder
;camomile normal duo
;discreet deo summer
;breesal gourmet
;venus breeze
;canin digest
;free
;lipton strawberry
;always ultra super
;make up expert
;spa black
;chow special
;premium care midi
;canin kitten
;irresistible multiform single
;ultra camomile maxi
;royal canin mini
;vitality
;nutrisavour
;cherry morello
;mr.prope
;chow senior
;sisi fascino
;veterinary diets en
;diets om
;pants extra
;sico n3 sensitive
;tulle
;sweat defense
;spice kilimanjaro
;fructis sos
;pedigree markies
;vitality 3d white
;gold snow
;ariel touch
;garnier mineral
;kinder mix
;platinum deo
;colada
;viva n3
;precision clean
;french
;goon
;mach3 start
;diets cn
;sico n3 pearl
;merries m
;always classic sensitive
;old spice odor
;ibiza
;liquid capsules
;pina
;vet diet nf
;vizit n12 hi-tech
;crispy
;kit kat senses
;odor blocker fresh
;venus simply
;series sensitive
;lionpride
;dentastix
;kingfisher expert
;haiter powder type
;ultrathin
;starter mousse
;hot asia
;breeze multiform trio
;kinder joy
;n3 pearl
;l or
;old spice danger
;dove men +care
;aussie repair miracle
;gillete tgs
;plan nutrisavour
;victoria
;newborn
;virgin
;divine
;care maxi
;oral-b stages power
;gallina blanca
;kingfisher aloe
;new year
;senses deluxe coconut
;classic normal
;diet nf
;jacobs monarch
;venus classic
;platinum ultra super
;pampers premium care
;frautest express
;canin sterilised
;nescafe gold barista
;maxi clean vision
;spice sweat defense
;blocker sport
;gillette regular
;lavender kiss
;olay violet swirl
;royal canin junior
;conte tip-top fashion
;citrus
;duracell turbomax aaa
;all in
;kinder delice
;swagger
;strong slugger
;whitening hard
;tip-top fashion
;gardex family
;lady micro
;naturella camomile plus
;monarch millicano
;tesori
;white water
;always large
;spice strong slugger
;lipton mandarine orange
;proglide flexball
;pleasure
;spell
;gillette arctic ice
;gillette venus spa
;royal canin x-small
;oral_b proexpert
;pro plan junior
;pantene aqua light
;turbomax aa
;blend-a-med bio
;earl grey
;power beads power
;gel sensitive skin
;plan biscuits
;senses double
;odour blocker strong
;pro plan delicate
;botanic
;for kids
;old spice strong
;pampers new
;spice lasting
;cool
;lasticlana
;ii plus
;caramel
;pepsi wild cherry
;a la carte
;protection
;lipton pina colada
;snickers super
;lipton pina
;black wood
;magico
;oral_b proexpert stages
;repair miracle
;ultra normal
;pro series
;pro-expert professional
;lipton milky oolong
;strawberry mint
;hi-tech
;spa ginger
;professional sensitive
;turbomax aaa 1.5v
;pedigree dentastix
;optistart
;air multiform
;lipton lemon
;fusion proglide power
;naturella calendula tenderness
;miracle aqua light
;pear
;splat professional
;old spice timber
;minis
;bearglove
;oral-b vitality
;urban life adult
;tide c
;chow puppy
;calendula tenderness
;green tea magic
;sensitive night
;old spice cooling
;spa black series
;tenderness
;costa del
;splat professional sensitive
;natural clean
;olay sugarberry
;deliss joy
;blend-a-med 3-effect
;large robust
;gourmet a
;compak super plus
;manuoki m
;spice timber
;adult large athletic
;hanny friends
;strong swagger
;rusrest
;n3 color
;promises
;spice odor
;chill
;gillette mach3 turbo
;always large trio
;vet diet om
;manuoki ultrathin
;camay thai
;sensitive
;naturella ultra camomile
;nan 4 optipro
;agf blendy
;old spice dirt
;lycra
;ultra camomile
;snickers minis
;aloe
;special black
;activity
;destroyer
;aqua light
;classic camomile
;large
;vizit n3
;compak super
;l'or espresso forza
;plan duo delice
;power beads cool
;white luxe
;nivea make
;iberica extra
;black series
;lucia
;spice lagoon
;ace oxi
;naturin
;earl
;mocha blend
;deo summer fresh
;extreme
;sisi microcotton
;veterinary diets cn
;pantene 3 minute
;blanca
;deliss
;ginseng
;arktur
;gillette sputnik stainless
;clean vision
;blue ii plus
;spice sweat
;old spice lionpride
;tenderness normal
;gillete fusion flexball
;head & shoulders
;nivea pure
;cleanic cleanse&regenerate
;senses deluxe
;oral-b stages
;magic white
;pampers fresh clean
;life adult
;crema absolu
;royal canin urban
;oral-b 3d
;noire new
;white medic
;classic sensitive
;lipton milky
;omsa nudo
;spice citron
;canin instinctive
;oral-b 3d white
;diets nf
;belucci
;temptation
;ultra sensitive
;classic camomile normal
;maxim gold
;french romantique
;hortex vip
;maxi clean
;attiva
;proshield
;denim black
;powder
;dory
;3-effect maxi clean
;virgen
;axe apollo
;rubie platinum
;pepsi light
;mother&babycat
;medium
;junior
;venus snap embrace
;care olay
;lacute
;healthcare spa fitness
;maxim original
;duracell aa hr06
;mon petit
;lasticotton
;camay mademoiselle
;maestro de olivia
;filodoro top
;sleep & play
;oral_b eb10
;hairball care
;pampes
;embrace
;medic delicate
;hortex vip mix
;tampax compak super
;ambra
;lasting legend
;fascino
;style
;veterinary diets ha
;camomile
;or original
;takeshi kid's
;good mix
;salton professionsl
;spice dirt
;old spice odour
;air multiform trio
;sterilised
;class
;magical
;royal canin sterilised
;of scent
;platinum ultra
;gillette fusion hydra
;lily
;cappuccino
;air multiform single
;satin care
;spice white
;year
;blak
;filodoro regina
;cini minis
;discreet normal single
;royal canin sensible
;ultra night
;care midi
;camomile maxi
;fusion proshield
;oral-b precision
;sisi be free
;gillette blue ii
;nescafe gold
;veterinary diets fortiflora
;proglide power
;chow mature adult
;camomile light trio
;gillette lemon
;camay thai dynamique
;ultra sensitive normal
;sensitive super
;spice odor blocker
;palmbaby m
;timber
;pro plan duodelice
;active baby-dry junior
;monarch decaff
;mach3 turbo
;spider-man
;glam
;duracell basic 9v
;bianco
;expert color
;nudo
;mach3 smoothing
;camay magical spell
;crema absolu classique
;ultra sensitive night
;yelli kids
;doremi
;camay french romantique
;royal canin kitten
;wash&go
;3d white medic
;axe darktemptation
;double chocolate
;miracle aqua
;lycra
;of lenor fresh
;pampers natural
;hortex mexico
;old spice sweat
;fairy all
;denim sport
;gillete rubie platinum
;aussie miracle
;wolfthorn
;hanny family
;dog chow senior
;basic aa
;breesal aroma
;irresistible multiform
;kingfisher healthcare
;splat professional complete
;dental pro bar
;sensitive skin
;defense
;lily multiform trio
;vet diet drm
;gillette fusion proshield
;duracell aaa hr03
;gerber doremi
;fresh multiform single
;slalom
;satin care olay
;junior delicate
;mach3 extra comfort
;complete medium
;body
;splat professional whitening
;tampax pearl
;sisi style
;mocha
;irresistible multiform trio
;totti caffe
;venus swirl
;duracell turbomax aa
;plan junior delicate
;cif active fresh
;jacobstassimo cappuccino
;rusrest
;regina
;kingfisher comfort
;care newborn
;healthcare spa ginseng
;pampes pants
;minis mix
;spice wolfthorn
;professional care
;spice danger zone
;blocker fresh
;gillette menthol
;fusion proglide flexball
;paola lux
;lemon lime
;breesal comfort
;yokosun l
;spa herbal
;active baby-dry
;kingfisher healthcare spa
;spice odour
;axe black night
;oral-b essential
;pro gide flexball
;green tea
;jacobs tassimo
;lipton cherry morello
;pants junior
;ace oxi magic
;nescafe gold ergos
;fresh multiform
;plan adult large
;eva
;sakura light
;gillette classic
;play midi
;x-small
;tenderness single
;venus divine
;express
;plan duodelice
;iberica chica
;pants
;agf blendy mocha
;healthcare spa herbal
;old spice kilimanjaro
;professional complete
;lucia
;oxi magic white
;maxi
;cat chow kitten
;turbomax aaa
;camomile normal trio
;regular duo
;lux
;extra virgin
;canin hairball
;tulle magico
;ultra camomile normal
;luxe pro-flex
;plus single
;odour blocker fresh
;premium care pants
;extra virgen
;normal single
;plan optistart
;active baby-dry extra
;always ultra light
;hunky
;sisi queen
;jacobs monarch millicano
;spring breeze multiform
;paola
;nesquik crispy
;calendula tenderness normal
;oliva extra virgen
;cif active
;dirt destroyer
;goon l
;lipton citrus
;gillette cool
;3-effect
;mexico
;mini adult
;nudo
;mix new
;frima
;omsa attiva
;omsa perfect body
;spice strong
;compak regular single
;smoothing
;gillette mach3
;toffifiee
;oral_b stages
;blend-a-med 3d white
;baby sensitive
;ambassador platinum
;de oliva extra
;aussome volume
;liby
;pants midi
;spa balance
;dark
;premium care
;veterinary diets
;ultra night12
;extraplast
;itlv extra virgen
;maxi plus
;always normal
;yokosun s
;discreet deo water
;perline
;ace gel automat
;ibiza
;canin starter
;oral_b mickey
;baby-dry extra large
;kat senses caramel
;diets ha
;oriente
;aussie colour mate
;regular
;sports fresh
;care mini
;senior
;ultra light
;h001
;diets jm
;minimi retina
;chow mature
;blocker
;oreo original
;pro plan veterinary
;yokosun
;magic normal single
;always normal single
;regular single
;always platinum deo
;lagoon
;mon rulon
;nan 1 optipro
;plan adult
;jacobs gold
;play maxi
;pampers new baby
;safeline auto
;kat senses deluxe
;pro plan adult
;gillette satin
;canin adult
;pearl super duo18
;starwars
;diet om
;magico
;tgs sensitive skin
;canin ageing
;diets dh
;omsa micro
;odour
;active fresh
;kingfisher m
;sensible
;platinum deo normal
;spring breeze
;aussie aussome volume
;ritter sport
;lady micro glam
;romantique
;nuts duo
;classic sensitive normal
;miracle moisture
;canin junior urban
;strawberry cake
;gillette power beads
;gourmet a la
;fusion pro gide
;adult
;canin hairball care
;always large single
;extreme white
;spice lasting legend
;lenor touch
;oil therapy
;dynamique
;camomile plus single
;royal canin mother&babycat
;avocado
;odor
;dental pro
;deo normal
;dove promises
;compak regular
;pro bar
;golden lady micro
;basic
;sports
;l'or original
;vet diet en
;oral_b professional
;tgs cool wave
;magic normal
;professional sensitive medium
;urinary
;microfibra
;soft care
;queen
;oral-b satin
;whitewater
;pedigree rodeo
;blue ii
;junior urban
;mix new year
;deo spring breeze
;botanic therapy
;style
;biscuits
;old spice citron
;lipton strawberry cake
;color
;thai dynamique grapefruit
;bountytrio
;svoboda
;ii maximum
;felix party mix
;sleep
;discreet air multiform
;l'or crema
;top 100 den
;royal canin digest
;duracell basic aaa
;kingfisher s
;spice odour blocker
;pina colada
;queen
;veterinary diets om
;compak super single
;aussie 3 minute
;discreet deo
;mondo
;robust
;familia plus
;ambassador
;power rush
;color lenor
;braun oral-b
;gillette lemon lime
;always classic
;miss
;bailys
;tip-top
;golden victoria
;canin intense
;always classic normal
;lipton pear
;renal
;camomile plus
;conte tip-top racing
;satin floss
;duracell aaa
;breesal harmony
;kat senses
;merries
;royal canin ageing
;canin urban
;lavender
;super duo
;sugarberry
;espresso forza
;slugger
;mickey for
;liquid capsules color
;aussome
;canin urinary care
;pro gide
;new baby-dry
;ariel color
;tea magic
;professional whitening hard
;sensitive medium
;vet diet ha
;naturella camomile normal
;gillette venus
;gillette slalom
;gold mild
;maxwell house
;oral-b pro
;discreet deo spring
;dirt destroyer sport
;supreme
;nivea clear
;dog chow puppy
;sensitive normal plus
;old spice white
;molli
;super plus duo
;jacobstassimo
;fit adult
;den bianco
;duracell basic
;perfect fit adult
;care pants
;mexico mix
;volume
;millicano
;shoulders supreme
;pampers active
;jacobs monarch intense
;odour blocker lasting
;play junior
;yokosun xxl
;kinder bueno white
;plan large robust
;lily multiform single
;gillette tgs sensitive
;ageing
;clean home
;duodelice
;plan veterinary diets
;vizit n3 color
;velour
;deo irresistible multiform
;spice champion
;x-small adult
;canin urinary s/o
;fresh clean
;gillette sensitive skin
;defense sport
;splat special
;for my
;nan 3 optipro
;active baby-dry midi
;pampers active baby-dry
;vitality 3d
;gillette fusion proglide
;classic clean
;conte rosanna
;sensitive super plus
;drops
;royal canin intense
;gold ergos
;play mini
;kitten
;denim gold
;blend-a-med pro-expert
;senses caramel cappuccino
;lipton cherry
;odor blocker sport
;activity
;filodoro ninfa
;axe black
;morello
;gillette series sensitive
;kat senses double
;irresistible
;digest sensitive
;mars minis
;pro plan duo
;lipton yellow
;embrace sensitive
;line 30 den
;gillette series
;l'oreal men
;gel sensitive
;aussie mega
;aroma drops
;manuoki l
;sensations
;arko sensitive
;braun oral-b stages
;friskies junior
;wella pro
;caffe
;rosanna
;gillette fusion pro
;york
;darktemptation
;gillette satin care
;canin x-small
;sheba naturalle
;gillette power rush
;blendy mocha blend
;monarch intense
;manuoki ultrathin m
;spa fitness
;mach3 extra
;blue sensitive
;aa hr6 1300mah
;touch of
;totti
;royal canin instinctive
;oral-b essential floss
;oral-b pro-expert
;gold snow flakes
;urinary s/o
;beauty visage
;venus snap
;diets hp
;diet ha
;pampers premium
;tampax compak regular
;canin kitten sterilised
;precision clean
;digest
;hydra
;cat chow special
;professionsl
;spa ginseng
;venus spa
;party mix
;mini
;gillette mach
;to you
;micro glam
;radiant
;color lenor touch
;royal canin hairball
;gallina
;denim blak
;turbomax
;pro plan light
;attiva
;proglide
;for kids d10.513
;micro cotton
;intense
;salton professional
;trio
;den ambra
;discreet normal trio
;yokosun
;merries
;l'oreal men expert
;l'or crema absolu
;kilimanjaro
;flakes
;arktur
;lipton forest
;make-up
;fresh multiform trio
;lacute newborn
;basic 9v
;cesar c
;chow sensitive
;absolu classique
;canin mini adult
;conte eva
;precision clean eb20
;omsa top
;filodoro paola lux
;3-effect maxi
;palmbaby l
;chow special care
;special black wood
;always classic max
;splat juicy
;gillete rubie
;pro plan nutrisavour
;comfort
;ace gel
;pro plan vet
;always ultra normal
;nudo
;velour
;ergos
;olay
;peach mango
;exclusive brasilia
;jacobs velour
;oral_b
;automat
;ultrathin m
;nescafe classic
;tgs sensitive
;duracell aa hr6
;old spice lagoon
;breeze multiform single
;sport 2 in
;type
;aloe vera
;rodeo
;velour
;new baby
;large athletic
;kaineko premium
;royal canin ultra
;deo water
;canin sensible
;super duo18
;dirt
;kids
;be free
;ultra super
;housecat
;extra class
;moist
;naturella ultra
;colour mate
;ristretto
;roll
;lipton mandarine
;hairball
;kingfisher
;extra large
;activity
;pre nan
;manuoki ultrathin l
;n3 safety
;special love
;braun
;menthol
;free
;royal canin urinary
;microfibra
;gillete fusion
;baby-dry junior
;gillete tgs cool
;royal canin adult
;odour blocker
;diets ur
;premium care mini
;large trio
;make up
;lasting
;nutella&go
;pro-flex
;fusion flexball
;large single
;tip-top racing
;a la perline
;stages power
;plan delicate
;lipton earl grey
;canin renal
;vet diet fortiflora
;merci
;camay magical
;rexona aloe
;biopoint
;pro plan housecat
;duracell basic aa
;canin urinary
;olay violet
;oral_b professional care
;touch of scent
;milky way
;platinum ultra night
;gillette sputnik
;pampers sleep
;summer fresh
;twix minis
;gel automat
;oral_b mickey for
;baby-dry
;oral-b pro-expert professional
;fortiflora
;special extreme white
;big size
;breesal aroma drops
;deliss new
;agail
;capsules touch of
;l'or espresso
;zone
;style
;nivea ultra
;proderma
;gourmet mon petit
;professional protection
;new baby sensitive
;deliss comfort
;pampers fresh
;venus spa breeze
;gillette moisturizing
;capsules
;duo delice
;veterinary diets
;super single
;tenderness normal single
;power&shine
;for my baby
;old spice champion
;top comfort
;simply 3 basic
;nivea sensitive
;dynamique grapefruit
;brooke bond
;sputnik stainless
;nivea men
;canin intense beauty
;spice bearglove
;diet fortiflora
;ultra super plus
;plan dental plus
;manuoki ultrathin s
;flexball
;camomile plus trio
;proexpert stages
;cooling
;lipton earl
;express n1
;senses
;naturella camomile light
;always ultra night
;free
;lipton strawberry mint
;deliss new car
;aussie aussome
;beads power rush
;jacobs monarch decaff
;felix agail
;perfect body
;diets en
;gillette fusion
;always platinum ultra
;pear chocolate
;oliva extra
;ultra sensitive super
;men +care
;wild cherry
;maximum
;cif power&shine
;arktur
;+care
;aussie colour
;mature
;ariel touch of
;wella pro series
;old spice bearglove
;beads
;camomile normal single
;led mr16
;plan duo
;max size
;d oriente
;axe dark temptation
;gillette fusion hydrating
;green milk
;baby-dry maxi
;pro plan optistart
;professional whitening medium
;denim
;visage
;ultrathin s
;danger zone
;spice strong swagger
;healthcare spa ginger
;lipton classic
;breeze multiform
;welladesign
;new york
;butterfly
;vizit
;hi-tech
;sisi microfibra
;camay french
;rubie
;head&shoulders supreme
;duracell aa
;kid's
;blendy mocha
;ultrathin l
;minimi tulle magico
;nivea make up
;ariel liquid capsules
;deo irresistible
;whitening medium
;goon cheerful
;takeshi
;conte anabel
;hunky dory
;rosanna
;bonjem
;fedora
;espresso
;proshield chill
;floss
;miracle moist
;cleanse&regenerate
;pants maxi
;sweat defense sport
;urban life
;milky oolong
;kosmostars
;naturella classic
;naturalle
;canin junior
;omsa velour
;athletic sensitive
;anabel
;gardex extreme
;palmbaby magic
;sweat
;sputnik
;comfort
;dove men
;power frozen
;oral-b precision clean
;palmbaby s
;hydra gel sensitive
;minute
;naturella classic camomile
;lipton yellow label
;palmbaby xxl
;fairy all in
;new car
;compak super duo
;oxi magic
;professional complete medium
;repair
;black night
;caffe ristretto
;stages power starwars
;gillette blue
;healthcare
;snow
;sport triumph
;sico n3
;my baby
;old spice whitewater
;venus & olay
;fairy platinum
;tampax pearl super
;multiform trio
;sisi miss
;simply 3 plus
;arko cool
;camay dynamique
;urinary care
;vet diet
;veterinary diets ur
;yellow label
;pro-expert
;deo water lily
;normal trio
;deliss romance
;omsa lasticlana
;brasilia
;turbomax
;oliva extra virgin
;diets dm
;naturella green tea
;la carte
;hanny nature
;l or original
;arctic ice
;plan housecat
;beads cool
