brand,alias
alta ground,алта гроунд
alta,алта
ground,гроунд
alta ground,альта гроунд
alta,альта
alta kesson,алта кессон
kesson,кессон
alta kesson,альта кессон
tank,танк
alta plast tuba,алта пласт туба
plast,пласт
tuba,туба
alta plast tuba,альта пласт туба
sensor,сенсор
pogreb,погреб
alta tank,алта танк
alta tank,альта танк
alta biolow,алта биолов
biolow,биолов
alta biolow,альта биолов
alta bio,алта био
bio,био
alta bio,альта био
alta pogreb or,алта погреб ор
alta pogreb or,альта погреб ор
alarm,аларм
alta ground master,алта гроунд мастер
master,мастер
alta ground master,альта гроунд мастер
control,контрол
alta biomax,алта биомах
biomax,биомах
alta biomax,альта биомакс
biomax,биомакс
eco membrana mega,эко мембрана мега
eco,эко
membrana,мембрана
mega,мега
alta tele,алта теле
tele,теле
alta tele,альта тел
tele,тел
doctor septik mega,доктор септик мега
doctor,доктор
septik,септик
alta tele plast,алта теле пласт
alta tele plast,альта тел пласт
master pro,мастер про
pro,про
kesson cs,кессон кс
alta bio lite,алта био лите
lite,лите
alta bio lite,альта био лит
lite,лит
alta connect,алта коннект
connect,коннект
alta connect,альта коннект
oil sensor,оил сенсор
oil,оил
pogreb or,погреб ор
alta control,алта контрол
alta control,альта контроль
control,контроль
alta group,алта гроуп
group,гроуп
alta group,альта гроуп
tele plast,теле пласт
tele plast,тел пласт
granata,граната
septik mega,септик мега
air master pro,аир мастер про
air,аир
air master pro,эйр мастер про
air,эйр
pack,пак
septik mega pack,септик мега пак
ground master,гроунд мастер
ground master,граунд мастер
ground,граунд
alta connect long,алта коннект лонг
long,лонг
alta connect long,альта коннект лонг
bio lite,био лите
bio lite,био лайт
lite,лайт
alta bioclean,алта биоклеан
bioclean,биоклеан
alta bioclean,альта биоклеан
level,левел
contact,контакт
alta air master,алта аир мастер
alta air master,альта аир мастер
wall,валл
wall,волл
alta rain,алта раин
rain,раин
alta rain,альта раин
wall connect,валл коннект
wall connect,волл коннект
eco membrana,эко мембрана
alta plast,алта пласт
alta plast,альта пласт
alta kns,алта кнс
kns,кнс
alta kns,альта кнс
level sensor,левел сенсор
plast tuba,пласт туба
connect long,коннект лонг
alta plast granata,алта пласт граната
alta plast granata,альта пласт граната
alta oil,алта оил
alta oil,альта оил
oil,оил
alta alarm,алта аларм
alta alarm,альта аларм
master low,мастер лоу
low,лоу
plast granata,пласт граната
doctor septik,доктор септик
alta pogreb,алта погреб
alta pogreb,альта погреб
alta oil sensor,алта оил сенсор
alta oil sensor,альта оиль сенсор
alta wall,алта валл
alta wall,альта волл
alta contact pro,алта контакт про
alta contact pro,альта контакт про
mega pack,мега пак
air master,аир мастер
air master,эйр мастер
alta air,алта аир
alta air,альта аир
alta level,алта левел
alta level,альта левель
level,левель
alta contact,алта контакт
alta contact,альта контакт
membrana mega,мембрана мега
alta level sensor,алта левел сенсор
alta level sensor,альта левель сенсор
contact pro,контакт про
alta wall connect,алта валл коннект
alta wall connect,альта волл коннект
