;plast proxima
;ekf proxima
;ekf expert
;ekf
;mapc 
;fort  
;ekf averes
;msn 
;ekf proxima
;ekf basic
;vector compact ekf
;quadro ekf proxima
;ef proxima
;kf proxima
;hyperion
;evo  
;slimbox  ekf
;master slx
;master ekf
;expert slx
;ekf proxim
;proima
;rvb-a
;ekf plast
;ekf aster
;compact  
;hyperion ekf
;bolt-on
;mgm  
;master phx
;mpc  
;propower ekf
;astra 
;ekf roxima
;mts 
;bolt-on mod
;rkf-s ekf proxima
;master pzx
;rio compact
;ekf master
;rj-phone 
;smt-p 
;unit ekf
;sos 
;unit 
;freetools
;kf simpl
;xx ekf
;compact 
;elp-a-led ekf proxima
;tower ekf proxima
;mts  
;expert pzx
;vector compact
;master ekf basic
;flex
;pro-relay ekf proxima
;compact
;map 
;compact ekf
;ekf professional
;pro-relay ekf
;compact
;ekf proima
;propower ekf proxima
;msc ekf expert
;twinblock ekf
;rvb-a ekf basic
;color
;plast
;astra
;quadro
;tower
;basic
;mas ekf expert
;ral
;propower
;proxima
;phone
;averes
;msn  
;apbb ekf proxima
;mse ekf expert
;trivia
;ek master
;modbus ekf proxima
;modbus
;expert ekf proxima
;pmcc ekf proxima
;flexlock proxima
;plast ekfproxima
;ekf simple
;master
;ipekf proxima
;maxima ekf
;hyperion ekf proxima
;quadro ekf
;unit ekf proxima
;compact ekf basic
;expert phx
;bolt-on 
;tower ekf
;masb ekf expert
;xx ekf proxima
;color ekf
;mw- ekf proxima
;master
;pro-relay
;expert sl.x
;vector ekf basic
;sat-p
;rvb-a ekf
;ekfproxima
;msb ekf expert
;led ekf proxima
;color ekf proxima
;map  
;twinblock
;slimbox
;flp-s proxima
;unit
;rio ekf proxima
;inox aisi
;ekf plast proxima
;swc ekf proxima
;twinblock ekf proxima
;proxima
;expert ekf
;maxima ekf proxima
;modbus ekf
;hiperion ekf
;professional
;plast ekf proxima.
;ekf ekf proxima
;unit  
;lock-shrn-ip ekf
;twinblock
;hiperion
;ral ekf proxima
;simple
;modbox 
;ekf basic
;lock-shrn-ip ekf proxima
;plast ekf proxima
;flexlock
;ed-vd ekf proxima
;slimbox 
;mss ekf expert
;pwd-led ekf proxima
;expert
;plast ekf
;sos  ekf
;bas ekf proxima
;masl ekf expert
;lock-shrn-ip
;modbox
;ekf 
;maxima
;streamline
;praxis 
;inox
;iimp 
