лореаль;loreal;True
лореал;loreal;True
про ю;pro you;True
про йоу;pro you;True
ледерс;leaders;True
леадерс;leaders;True
кератин комплекс;keratin complex;True
кератин комплех;keratin complex;True
биоладж;biolage;True
биолаге;biolage;True
ириск профешнал;irisk professional;True
ириск профессионал;irisk professional;True
ириск;irisk;True
медпил;medpeel;True
медпеел;medpeel;True
фабрик;fabrik;True
мезодерм;mesoderm;True
месодерм;mesoderm;True
силвер стар;silver star
годефрои;godefroy
годефрой;godefroy
катчер;catcher
др вилсз;dr wilsz
др вилсц;dr wilsz
интим органик;intime organique
интиме органикве;intime organique
домих грен профессионал;domix green professional
домикс грин профешнал;domix green professional
констант делигхт;constant delight
констант делайт;constant delight
лисап;lisap
лизап;lisap
лукас косметикс;lucas' cosmetics
люцас косметикс;lucas' cosmetics
симонсен;simonsen
сцен;scene
скене;scene
ссен;scene
хэйр;hair
хаир;hair
хейр;hair
ик беаути;iq beauty
ик бьюти;iq beauty
хаир бобблес хх симонсен;hair bobbles hh simonsen
тиджи;tigi
тиги;tigi
кармекс;carmex
кармех;carmex
цармеx;carmex
кутем;cutem
саона;saona
диксон;dikson
этр;etre
этре;etre
силвер;silver
сильвер;silver
ладис формула;lady's formula
беаутиблендер;beautyblender
бьютиблендер;beautyblender
клиникал;clinical
клинисал;clinical
ла франке;la france
ла франс;la france
еуростил;eurostil
евростил;eurostil
нанива;naniwa
бьюти;beauty
беаути;beauty
боти;beauty
беоути;beauty
ит с скин;it s skin
ит эс скин;it s skin
банила;banila
доктор дерм;doctor derm
холлайвуд эйр;hollywood air
холливоод аир;hollywood air
ля биостетик;la biosthetique
слеек;sleek
слик;sleek
фактор;factor
фаcтор;factor
версаче;versace
версаcе;versace
версейс;versace
кора;kora
джехвол;gehwol
гехвол;gehwol
далла пальма;dalla palma
далла палма;dalla palma
пруф;proof
протокератин;protokeratin
протокерейтин;protokeratin
ревиталаш;revitalash
зе мейкеап;the makeup
те макеуп;the makeup
греен профессионал;green professional
грин профешнал;green professional
салли;sally
солли;sally
биогена;biogena
мисс грасе;miss grace
мисс грейс;miss grace
бхм профессионал;bhm professional
бм профешнал;bhm professional
грин лайт;green light
греен лигхт;green light
эмбриолиссе;embryolisse
эмбрйолисс;embryolisse
фабрик косметологи;fabrik cosmetology
фабрик косметолоджи;fabrik cosmetology
мириам;miriam
шот;shot
матрих;matrix
матриx;matrix
матрикс;matrix
хлое;chloe
члое;chloe
чло;chloe
давинес;davines
дейвинес;davines
био начер;bio nature
био натуре;bio nature
мейкеап буллет;makeup bullet
макеуп буллет;makeup bullet
аурелиа;aurelia
ломбард;lombard
комптоир суд;comptoir sud
комптуар суд;comptoir sud
мелиген перформанке;meligen performance
мелижен перформанс;meligen performance
кейдир;kadir
кадир;kadir
китао;kitao
осмо;osmo
макеуп эрасер;makeup eraser
мейкеап эрейзер;makeup eraser
джунгл февер;jungle fever
джангл февер;jungle fever
др брандт;dr brandt
пуре пав пав;pure paw paw
пур пов пов;pure paw paw
пупа;pupa
корветте;corvette
лейнопирл;lanopearl
ланоперл;lanopearl
тегор;tegor
секси хэйр;sexy hair
сехи хаир;sexy hair
ибиза хаир;ibiza hair
севентен;seventeen
севентин;seventeen
кейпоус;kapous
капоус;kapous
капус;kapous
кристмас;crystal
cристал;crystal
кристал;crystal
хрусталь;crystal
кристаль;crystal
эстелейр;estelare
эстеларе;estelare
квеведо;quevedo
арделл;ardell
лок;lock
деклейр;declare
декларе;declare
арман;armand
арманд;armand
норел др. вилсц;norel dr. wilsz
норел др. вилсз;norel dr. wilsz
керейтин;keratin
кератин;keratin
биостетик;biosthetique
биостетикве;biosthetique
алессандро;alessandro
оник;oniq
хауте;haute
пов пов;paw paw
пав пав;paw paw
американ крью;american crew
америcан cрев;american crew
сурги;surgi
сюрджи;surgi
ладор;la'dor
лейдор;la'dor
ларт;larte
ларте;larte
наил тек;nail tek
нейл тек;nail tek
беаути имаге;beauty image
бьюти имаж;beauty image
системс;systems
гренланд;greenland
гринланд;greenland
греенланд;greenland
гринлэнд;greenland
медиcал;medical
медикал;medical
медицал;medical
медикаль;medical
медисал;medical
лок сток;lock stock
пуре;pure
пьюр;pure
пур;pure
хонма;honma
буллет;bullet
вивах;vivax
вивакс;vivax
солео;soleo
хаус;house
хоусе;house
хауз;house
хоуз;house
методе;methode
мезод;methode
клауд;cloud
cлоуд;cloud
клуд;cloud
бруш;brush
лайн;line
лине;line
лин;line
боутикле;bouticle
баутикл;bouticle
натуре с;nature s
гуам;guam
труфитт;truefitt
трьюфитт;truefitt
лореаль профешннел;loreal professionnel
лореал профессионнел;loreal professionnel
эстел хоут;estel haute
эстел хауте;estel haute
х аирспа;h airspa
эйч аирспа;h airspa
шварцкопф профессионал;schwarzkopf professional
шварзкопф профессионал;schwarzkopf professional
шварзкопф профешионал;schwarzkopf professional
марракеш;marrakesh
гкэйр глобал;gkhair global
гкхаир глобал;gkhair global
диего далла;diego dalla
лакме;lakme
лакм;lakme
га ма;ga ma
суд пасификве;sud pacifique
суд пакифик;sud pacifique
милано;milano
милейно;milano
хелсо;helso
коллагене 3д;collagene 3d
колладжен 3д;collagene 3d
касмара;casmara
доктор;doctor
доcтор;doctor
эрасер;eraser
эрейзер;eraser
андреа;andrea
марк;marc
холика;holika
санс соусис;sans soucis
санс сукис;sans soucis
бьюти стайл;beauty style
бьюти стиле;beauty style
беаути стиле;beauty style
сейлерм;salerm
салерм;salerm
ноллам;nollam
начер’с боунти;nature’s bounty
натуре’с боунти;nature’s bounty
холи;holy
холы;holy
моризо;morizo
норел др вилсз;norel dr wilsz
норел др вилсц;norel dr wilsz
нести;nesti
скин докторс;skin doctors
фейс шоп;face shop
фасе шоп;face shop
сукис;soucis
соусис;soucis
этре белле;etre belle
доубле даре омг;double dare omg!
дабл дейр омг;double dare omg!
косметологи;cosmetology
косметолоджи;cosmetology
бебилис;babyliss
бэбилис;babyliss
магикстрипес;magicstripes
магикштрипес;magicstripes
лине профессионал;line professional
лайн профешнал;line professional
хиноки;hinoki
сибел;sibel
джулиетт арманд;juliette armand
джульетт арманд;juliette armand
кил-гламоур;cil-glamour
сил-глеймоур;cil-glamour
ирушка рус;irushka rus
лотан;lotan
беренисе;berenice
беренайс;berenice
фитзгералд;fitzgerald
фитцгералд;fitzgerald
люцас;lucas
лусас;lucas
люкас;lucas
элчим;elchim
элким;elchim
макеуп револутион;makeup revolution
мейкеап револушен;makeup revolution
ревлон профессионал;revlon professional
ревлон профешнал;revlon professional
тина;teana
теана;teana
пальма;palma
палма;palma
тенд скин;tend skin
ливинг пруф;living proof
джоисо;joico
джоико;joico
стар;star
бар;star
эстиэйэр;star
др. кожеваткин;dr. kozhevatkin
скин;skin
велла сп;wella sp
косметикс;cosmetics
цосметицс;cosmetics
инспира косметикс;inspira cosmetics
фуртерер;furterer
нейчурал оил;natural oil
натурал оил;natural oil
санс;sans
норел;norel
далла палма профессионал;dalla palma professional
далла пальма профессиональ;dalla palma professional
шварзкопф;schwarzkopf
шварцкопф;schwarzkopf
мозарт хоусе;mozart house
мозарт хаус;mozart house
супер тан;super tan
рефектосил;refectocil
метцгер;metzger
метзгер;metzger
эмеральд;emerald
эмералд;emerald
йур;yu.r
юр;yu.r
глориа;gloria
глория;gloria
холливуд;hollywood
холлайвуд;hollywood
холливоод;hollywood
домих;domix
домикс;domix
селектайв;selective
селективе;selective
дри дри;dry dry
драй драй;dry dry
мозарт;mozart
моцарт;mozart
нук;nook
ноок;nook
диего далла палма;diego dalla palma
диего далла пальма;diego dalla palma
боттиер;bottier
боттир;bottier
сwисс;swiss
свисс;swiss
натуре с боунти;nature s bounty
начер эс боунти;nature s bounty
ибиза;ibiza
ибица;ibiza
макеуп;makeup
мейкеап;makeup
ниохин;nioxin
ниоксин;nioxin
лонда;londa
комптоир суд пасификве;comptoir sud pacifique
комптуар суд пакифик;comptoir sud pacifique
босс;boss
макадамия;macadamia
масадамиа;macadamia
макадамиа;macadamia
бриджитт боттир;brigitte bottier
бригитте боттиер;brigitte bottier
каипро;kaypro
кейпро;kaypro
беауте медисале;beaute medicale
бьют медикале;beaute medicale
джиджи;gigi
гиги;gigi
банила cо;banila co
банила ко;banila co
коллагене;collagene
колладжене;collagene
тринд;trind
далла;dalla
хемпс;hempz
хемпц;hempz
хемпз;hempz
токио;tokyo
кьюн;keune
кеуне;keune
оригхт;o'right
орайт;o'right
орофлуидо;orofluido
нов фоодс;now foods
нов фудс;now foods
домикс грин;domix green
домих греен;domix green
cрев;crew
медисале;medicale
медикейл;medicale
скин79;skin79
студио профессионал;studio professional
студио профешнал;studio professional
талго;thalgo
тхалго;thalgo
ф.дроп;ph.drop
мириам квеведо;miriam quevedo
рфбьюти;rfbeauty
рфбеаути;rfbeauty
алоэ;aloe
алое;aloe
ало;aloe
этуде;etude
этуд;etude
лакост;lacoste
лаcосте;lacoste
зе фейс шоп;the face shop
те фаcе шоп;the face shop
зе фэйс шоп;the face shop
фитомер;phytomer
файтомер;phytomer
гоод хаир;good hair
гуд хэйр;good hair
рунаил;runail
рюнаил;runail
каннаан;cannaan
карал;kaaral
каарал;kaaral
хаир бобблес хх;hair bobbles hh
рус косметикс;rus cosmetics
москино;moschino
мошино;moschino
хиноки клинисал;hinoki clinical
хиноки клиникал;hinoki clinical
коутуре;couture
каутур;couture
кутюр;couture
кутур;couture
сенситиве;sensitive
сенситив;sensitive
сенситайв;sensitive
зензитиве;sensitive
мах фаcтор;max factor
макс фактор;max factor
мах фактор;max factor
ревлон;revlon
бриджитте;brigitte
бригитте;brigitte
ало плейнет;aloe planet
алое планет;aloe planet
конад;konad
студио;studio
премиум;premium
хонма токио;honma tokyo
сипер;super
супер;super
сьюпер;super
зупер;super
бейрекс;barex
барех;barex
клауд найн;cloud nine
рьюзел;reuzel
реузел;reuzel
органих;organix
оргейникс;organix
органиx;organix
органикс;organix
депилеве;depileve
депилев;depileve
мавала;mavala
милв;milv
конштант;constant
констант;constant
cонстант;constant
пош;posh
эгоманиа;egomania
шоп;shop
крази колор;crazy color
крейзи колор;crazy color
левиссиме;levissime
коррес;korres
диего;diego
иодейз;iodase
иодасе;iodase
бвлгари;bvlgari
булгари;bvlgari
bulgari;bvlgari
бфлгари;bvlgari
солли хансен;sally hansen
салли хансен;sally hansen
марк джейкобс;marc jacobs
марк якобс;marc jacobs
марc йаcобс;marc jacobs
эстел хоут каутур;estel haute couture
эстел хауте коутуре;estel haute couture
ноллам лаб;nollam lab
оливиа гарден;olivia garden
остер;oster
ап фактори;up factory
уп фактори;up factory
фэктори;factory
фактэри;factory
фактори;factory
фаcтори;factory
хуго;hugo
хьюго;hugo
греен;green
гриин;green
грин;green
грен;green
органик;organic
органис;organic
оргейник;organic
авант ссен;avant scene
авант скене;avant scene
беаути конкепт;beauty concept
бьюти конкепт;beauty concept
тони;tony
тоны;tony
деар бирд;dear beard
деар беард;dear beard
солгар;solgar
триумф;triumph
профессионал;professional
профешнал;professional
макадамия нэйчрал ойл;macadamia natural oil
давинес спа;davines spa
гел-офф;gel-off
джел-офф;gel-off
элчим профессионал;elchim professional
эльчим профешнал;elchim professional
девал;dewal
деваль;dewal
дьюал;dewal
мезофарм;mesopharm
месофарм;mesopharm
сток баррел;stock barrel
доубле;double
дабл;double
дубль;double
кристина фицджеральд;christina fitzgerald
ларт дел белло;larte del bello
ларте дел белло;larte del bello
планет;planet
пленет;planet
плэнет;planet
плейнет;planet
брэндт;brandt
киепе;kiepe
алго;algo
инсайт;insight
каре;care
кейр;care
царе;care
кар;care
бобблес;bobbles
медикал колладжен 3д;medical collagene 3d
медисал коллагене 3д;medical collagene 3d
жюльетта;juliette
жюльетт;juliette
йулиетте;juliette
жулиетте;juliette
джулиетте;juliette
джульетта;juliette
хаберт;hubert
хуберт;hubert
хистомер;histomer
бобблес хх симонсен;bobbles hh simonsen
фивер;fever
февер;fever
диего далла палма профессионал;diego dalla palma professional
диего далла пальма профессиональ;diego dalla palma professional
бель;belle
белле;belle
боурджоис;bourjois
боурйоис;bourjois
орайхайро;orihiro
орихиро;orihiro
папов;papaw
папав;papaw
босли;bosley
бослей;bosley
ла беауте медисале;la beaute medicale
ла бьют медикале;la beaute medicale
аирспа;airspa
тангле;tangle
тангл;tangle
доппелхерц;doppelherz
доппельгерц;doppelherz
гоод;good
гуд;good
гууд;good
делайт;delight
делигхт;delight
хаир бобблес;hair bobbles
компани;company
компени;company
цомпаны;company
кампани;company
компейни;company
дрим катчер;dream catcher
дреам катчер;dream catcher
револушен;revolution
револутион;revolution
революцион;revolution
револашен;revolution
революшн;revolution
футлоджикс;footlogix
фотлогих;footlogix
тнл профессионал;tnl professional
тнл профешнал;tnl professional
скин гард;skin gard
хелен;helen
беард;beard
козхеваткин;kozhevatkin
козеваткин;kozhevatkin
саона косметикс;saona cosmetics
дри ру;dry ru
дабл дэр;double dare
доубле даре;double dare
профешннел;professionnel
профессионнел;professionnel
секси;sexy
сехи;sexy
дабл дейр омг;double dare omg
доубле даре омг;double dare omg
пуре пав;pure paw
пур пов;pure paw
га-де;ga-de
дерм;derm
холика холика;holika holika
вт методе;wt methode
вт мезод;wt methode
сток;stock
стейлекс;staleks
сталекс;staleks
беауте;beaute
бьюте;beaute
бьют;beaute
тефиа;tefia
гард;gard
редкен;redken
этуд оргейникс;etude organix
этуде органих;etude organix
др. кейдир;dr. kadir
др. кадир;dr. kadir
гкхаир;gkhair
гкхэйр;gkhair
баррел;barrel
баррель;barrel
бэррэл;barrel
бэррел;barrel
анна лотан;anna lotan
бейтист;batiste
батисте;batiste
батист;batiste
дьюал беоути;dewal beauty
девал беаути;dewal beauty
ййдк;jjdk
гучи;gucci
гуччи;gucci
гуccи;gucci
биодрога системс;biodroga systems
оливиа;olivia
игробьюти;igrobeauty
игробеаути;igrobeauty
зе фейс;the face
тхе фаце;the face
дермалогика;dermalogica
дермалогиса;dermalogica
алфейпарф;alfaparf
алфапарф;alfaparf
ателиер;atelier
ателир;atelier
комптоир;comptoir
комптуар;comptoir
девал профессионал;dewal professional
дьюал профешнал;dewal professional
оллин профессионал;ollin professional
оллин профешнал;ollin professional
алго лигхт;algo light
алго лайт;algo light
кокостар;kocostar
коcостар;kocostar
оргейник тай;organic tai
органик таи;organic tai
косима;cosima
ланкастер;lancaster
ланcастер;lancaster
норел др;norel dr
соломея;solomeya
соломиа;solomeya
труефитт хилл;truefitt hill
трьюфитт хилл;truefitt hill
косметиси;cosmetici
косметичи;cosmetici
хэйр дейс;hair days
хаир даис;hair days
франс;france
франсе;france
франце;france
франcе;france
франке;france
франче;france
севард;seward
сьюорд;seward
др кейдир;dr kadir
др кадир;dr kadir
концепт;concept
консепт;concept
cонcепт;concept
селективе профессионал;selective professional
селектайв профешнал;selective professional
йон ка;yon ka
пальма профессиональ;palma professional
палма профессионал;palma professional
ломбард кутлери;lombard cutlery
колор;color
цолор;color
cолор;color
арома;aroma
керастасе;kerastase
керастейз;kerastase
ирушка рус косметикс;irushka rus cosmetics
рубис;rubis
кельвин;calvin
кальвин;calvin
калвин;calvin
деар;dear
дир;dear
оризинг;orising
орисинг;orising
биодрога;biodroga
алголоджи;algologie
алгологие;algologie
эра минеральс;era minerals
эра минералс;era minerals
джангл;jungle
джунгл;jungle
йунгле;jungle
хилл;hill
хил;hill
масадамиа натурал;macadamia natural
макадамиа натураль;macadamia natural
йанссен;janssen
джанссен;janssen
комплекс;complex
комплех;complex
глобал;global
глобаль;global
кинетикс;kinetics
актив;active
эктив;active
активе;active
аcтиве;active
актайв;active
аравиа;aravia
беаугрен;beauugreen
боугреен;beauugreen
беаугрин;beauugreen
беауугрин;beauugreen
бьюгрин;beauugreen
беауугреен;beauugreen
фармавита;farmavita
хаир компани;hair company
хэйр компейни;hair company
вет бруш;wet brush
хуиларган;huilargan
лимони;limoni
ит’с скин;it’s skin
формула;formula
рене фуртерер;rene furterer
рен фуртерер;rene furterer
найн;nine
нине;nine
бе нейчурал;be natural
бе натурал;be natural
люцас папов;lucas papaw
лусас папав;lucas papaw
джаз;jazz
джазз;jazz
фудс;foods
фодс;foods
фоодс;foods
лебел;lebel
анна;anna
луна;anna
макадамиа профессиональ;macadamia professional
масадамиа профессионал;macadamia professional
примиа косметиси;primia cosmetici
примиа косметики;primia cosmetici
пасификве;pacifique
пакифик;pacifique
кристейлин;cristaline
cристалине;cristaline
медикал колладжен;medical collagene
медисал коллагене;medical collagene
ахейва;ahava
ахава;ahava
депилфлах;depilflax
депилфлакс;depilflax
эскада;escada
эскейда;escada
дейр омг;dare omg
даре омг;dare omg
фреш;fresh
фрэш;fresh
эмералд бай;emerald bay
эмералд бей;emerald bay
фейс;face
фэйс;face
фаcе;face
фасе;face
фаче;face
холи ланд;holy land
кисс;kiss
пейот;payot
паиот;payot
белло;bello
кокококо;cocochoco
cоcочоcо;cocochoco
натуре;nature
натюр;nature
натюре;nature
натур;nature
начур;nature
начер;nature
дейс;days
даис;days
дэйз;days
свисс лайн;swiss line
кельвин кляйн;calvin klein
cалвин клеин;calvin klein
калвин клеин;calvin klein
кельвил кляйн;calvin klein
калвин клейн;calvin klein
лок сток баррел;lock stock barrel
велла;wella
элизавецца;elizavecca
элизавеccа;elizavecca
элизавекка;elizavecca
др козхеваткин;dr kozhevatkin
др козеваткин;dr kozhevatkin
ла беауте;la beaute
ла бьют;la beaute
ливинг;living
инвизибоббл;invisibobble
инвисибоббле;invisibobble
мезолаб;mesolab
месолаб;mesolab
слеек макеуп;sleek makeup
слик мейкеап;sleek makeup
эс скин;s skin
с скин;s skin
сим сенситайв;sim sensitive
сим сенситиве;sim sensitive
космотерос профессионнел;kosmoteros professionnel
космотерос профешннел;kosmoteros professionnel
мелиджен;meligen
мелиген;meligen
баунти;bounty
боунти;bounty
фреш минералс;fresh minerals
элдан;eldan
хелен сьюорд;helen seward
хелен севард;helen seward
латиноил;latinoil
лейтиноил;latinoil
космотерос;kosmoteros
олаплекс;olaplex
асадемие;academie
акейдеми;academie
бобблес хх;bobbles hh
шейри;shary
шари;shary
ягуар;jaguar
йакобс;jacobs
йасобс;jacobs
якобс;jacobs
джейкобс;jacobs
солбианка;solbianca
сольбианка;solbianca
вимс8;wims8
орли;orly
депилика профессиональ;depilica professional
депилиса профессионал;depilica professional
ак ателир;ak atelier
ак ателиер;ak atelier
хх симонсен;hh simonsen
молай;moly
эмоуэльвай;moly
моли;moly
мизука;mizuka
гарден;garden
гардэн;garden
нардан;garden
кимс;kims
лерболейрио;lerbolario
лерболарио;lerbolario
дрим;dream
дреам;dream
реал тешниквес;real techniques
реал текникс;real techniques
реал течниквес;real techniques
лайт;light
лигхт;light
ирушка;irushka
теезер;teezer
тизер;teezer
люцас;lucas'
лусас;lucas'
стебланк;steblanc
арома джаз;aroma jazz
арома джазз;aroma jazz
лоуфвундер;laufwunder
лауфвундер;laufwunder
те макеуп буллет;the makeup bullet
зе мейкап буллет;the makeup bullet
ларте дел;larte del
ларт дел;larte del
ит эс;it s
ит с;it s
эс боунти;s bounty
с боунти;s bounty
органикве;organique
индола;indola
ладис;lady's
лейдис;lady's
авант;avant
дольче&габбана;dolce&gabbana
долcе энд габбана;dolce&gabbana
долс энд габбейна;dolce&gabbana
дольк энд габбана;dolce&gabbana
долке энд габбана;dolce&gabbana
нести данте;nesti dante
нести дант;nesti dante
лизап милейно;lisap milano
лисап милано;lisap milano
биоаква;bioaqua
титаниа;titania
титания;titania
мизон;mizon
чристина;christina
кристина;christina
интиме;intime
интайм;intime
лэнд;land
ланд;land
ленд;land
аймадж;image
имадж;image
имаге;image
бьюти бар;beauty bar
беаути бар;beauty bar
примиа;primia
матис;matis
мейтис;matis
доктор;doctors
докторс;doctors
нейл;nail
наил;nail
кутлери;cutlery
провок;provoc
куин;queen
квеен;queen
квин;queen
ла корветт;la corvette
гезатоне;gezatone
джезейтон;gezatone
натирал;natural
натурал;natural
натурэл;natural
нейчурал;natural
натураль;natural
нэчурал;natural
мейк ап фактори;make up factory
маке уп фактори;make up factory
гуд хэйр дейс;good hair days
гоод хаир даис;good hair days
хансен;hansen
месофарм профессионал;mesopharm professional
мезофарм профешнал;mesopharm professional
альфапарф милано;alfaparf milano
алфейпарф милейно;alfaparf milano
лонда профессиональ;londa professional
лонда профессионал;londa professional
перформанке;performance
перформанс;performance
перформанcе;performance
текникс;techniques
техникес;techniques
техникс;techniques
течниквес;techniques
тешниквес;techniques
эстель;estel
эстел;estel
крейзи;crazy
крази;crazy
маке уп;make up
мейк ап;make up
паеон;paeon
инспира;inspira
хаирвай;hairway
хэйрвей;hairway
мисс;miss
грейс;grace
грасе;grace
граце;grace
грак;grace
граче;grace
нью лайн;new line
нев лине;new line
данте;dante
дант;dante
сейлерм косметикс;salerm cosmetics
салерм косметикс;salerm cosmetics
альтерна;alterna
стайл;style
стуле;style
стыле;style
стиле;style
реал;real
риил;real
реаль;real
риал;real
рил;real
депилиса;depilica
депилика;depilica
американ;american
америcан;american
америкэн;american
америсан;american
маке;make
мейк;make
оллин;ollin
ласториа;lastoria
вилсц;wilsz
вилсз;wilsz
хуго босс;hugo boss
хьюго босс;hugo boss
тангл тизер;tangle teezer
тангле тезер;tangle teezer
тангле теезер;tangle teezer
дел белло;del bello
тони моли;tony moly
тони молу;tony moly
тенд;tend
шен;rene
рене;rene
руа;rene
жен;rene
рен;rene
клейн;klein
кляйн;klein
клеин;klein
квеен каре;queen care
квеен кар;queen care
минералс;minerals
китао косметикс;kitao cosmetics
эстел профессионал;estel professional
эстел профешнал;estel professional
даре;dare
дейр;dare
дэре;dare
нью лайн профешнал;new line professional
нев лине профессионал;new line professional
хауте коутуре;haute couture
хоут каутур;haute couture
др. брандт;dr. brandt
