;Фраза;Источник
;bentley;Suggests_Yandex
;bentley flying spur;Suggests_Yandex
;bentley flying spur 2019;Suggests_Yandex
;bentley for men black edition;Suggests_Yandex
;bentley flying spur v8 s;Suggests_Yandex
;bentley for men;Suggests_Yandex
;bentley for men intense bentley;Suggests_Yandex
;bentley авилон;Suggests_Yandex
;bentley авито;Suggests_Yandex
;bentley flying spur салон;Suggests_Yandex
;bentley for men absolute;Suggests_Yandex
;bentley бу;Suggests_Yandex
;bentley бентайга;Suggests_Yandex
;bentley бентли детский трехколесный велосипед;Suggests_Yandex
;bentley бентайгу;Suggests_Yandex
;bentley барвиха;Suggests_Yandex
;bentley бу купить;Suggests_Yandex
;bentley барвиха luxury village;Suggests_Yandex
;bentley белая;Suggests_Yandex
;bentley бентайга цена;Suggests_Yandex
;bentley бережковская;Suggests_Yandex
;bentley велосипед трехколесный;Suggests_Yandex
;bentley вакансии;Suggests_Yandex
;bentley в хронологическом порядке;Suggests_Yandex
;bentley в россии;Suggests_Yandex
;bentley в краснодаре;Suggests_Yandex
;bentley вики;Suggests_Yandex
;bentley википедия;Suggests_Yandex
;bentley внедорожник;Suggests_Yandex
;bentley внедорожник цена;Suggests_Yandex
;bentley все модели;Suggests_Yandex
;bentley грузовик;Suggests_Yandex
;bentley гельсингфорсская;Suggests_Yandex
;bentley где производят;Suggests_Yandex
;bentley гарантия;Suggests_Yandex
;bentley глушакова;Suggests_Yandex
;bentley голубой;Suggests_Yandex
;bentley где производство;Suggests_Yandex
;bentley гладильные доски;Suggests_Yandex
;bentley гоночная;Suggests_Yandex
;bentley город;Suggests_Yandex
;bentley джип;Suggests_Yandex
;bentley джип цена;Suggests_Yandex
;bentley дилер;Suggests_Yandex
;bentley дилер москва;Suggests_Yandex
;bentley джип фото;Suggests_Yandex
;bentley духи цена;Suggests_Yandex
;bentley духи;Suggests_Yandex
;bentley для city car driving;Suggests_Yandex
;bentley детский велосипед;Suggests_Yandex
;bentley джип фото цена;Suggests_Yandex
;bentley екатеринбург;Suggests_Yandex
;bentley е999кх;Suggests_Yandex
;bentley екатеринбург официальный сайт;Suggests_Yandex
;bentley turbo r;Suggests_Yandex
;bentley екатеринбург официальный дилер;Suggests_Yandex
;bentley е999кх инструкция;Suggests_Yandex
;bentley е777кх;Suggests_Yandex
;bentley е999кх масштаб;Suggests_Yandex
;bentley екатеринбург официальный;Suggests_Yandex
;bentley truck;Suggests_Yandex
;bentley жук;Suggests_Yandex
;bentley женева;Suggests_Yandex
;bentley жуковка;Suggests_Yandex
;бентли жизнь драмы;Suggests_Yandex
;бентли джип;Suggests_Yandex
;бентли жемчужины программирования;Suggests_Yandex
;бентли жигули тойоты как промасленные шпроты;Suggests_Yandex
;бентли жт континенталь;Suggests_Yandex
;бентли желтый;Suggests_Yandex
;бентли желтая фото;Suggests_Yandex
;bentley значок;Suggests_Yandex
;bentley знак;Suggests_Yandex
;bentley запчасти;Suggests_Yandex
;bentley значок фото;Suggests_Yandex
;bentley завод производство;Suggests_Yandex
;bentley значок на капоте;Suggests_Yandex
;bentley за 1 миллион;Suggests_Yandex
;bentley за репост;Suggests_Yandex
;bentley завод;Suggests_Yandex
;bentley за 20 миллионов;Suggests_Yandex
;bentley bentayga;Suggests_Yandex
;bentley bentayga цена;Suggests_Yandex
;bentley brooklands;Suggests_Yandex
;bentley bentayga тест драйв;Suggests_Yandex
;bentley bentayga 2;Suggests_Yandex
;bentley bentayga silver frost;Suggests_Yandex
;bentley bentayga характеристики;Suggests_Yandex
;bentley bentayga 2018 цена;Suggests_Yandex
;bentley bim моделирование;Suggests_Yandex
;bentley bentayga i;Suggests_Yandex
;bentley quto;Suggests_Yandex
;бентли йодер;Suggests_Yandex
;бентли q70;Suggests_Yandex
;бентли quto;Suggests_Yandex
;bentley купить;Suggests_Yandex
;bentley конфигуратор;Suggests_Yandex
;bentley кабриолет;Suggests_Yandex
;bentley кроссовер;Suggests_Yandex
;bentley красноярск;Suggests_Yandex
;bentley купить спб;Suggests_Yandex
;bentley каталог запчастей онлайн;Suggests_Yandex
;bentley краснодар;Suggests_Yandex
;bentley купе;Suggests_Yandex
;bentley купить в москве;Suggests_Yandex
;bentley логотип;Suggests_Yandex
;bentley krasnodar;Suggests_Yandex
;bentley key;Suggests_Yandex
;kadebostany castle in the snow bentley grey remix;Suggests_Yandex
;khia my neck my back bentley grey remix;Suggests_Yandex
;mirrors bentley grey nu disco remix natalia kills;Suggests_Yandex
;kiss me bentley grey remix;Suggests_Yandex
;kadebostany castle in the snow bentley grey nu disco remix;Suggests_Yandex
;kadebostany castle in the snow bentley grey nu disco rmx;Suggests_Yandex
;henry krinkle stay bentley grey nu disco remix;Suggests_Yandex
;bentley москва;Suggests_Yandex
;bentley москва официальный дилер;Suggests_Yandex
;bentley модельный ряд;Suggests_Yandex
;bentley москва третьяковский проезд;Suggests_Yandex
;bentley мебель официальный сайт;Suggests_Yandex
;bentley vag;Suggests_Yandex
;bentley модели;Suggests_Yandex
;bentley view;Suggests_Yandex
;bentley view v8i russian;Suggests_Yandex
;bentley view скачать;Suggests_Yandex
;bentley на гусеницах;Suggests_Yandex
;anya your voice bentley grey remix;Suggests_Yandex
;"youssou n&#39;dour neneh cherry 7 seconds bentley grey remix";Suggests_Yandex
;i still love you bentley grey remix;Suggests_Yandex
;your voice bentley grey remix;Suggests_Yandex
;youtube com 2018 mansory bentley bentayga black edition цена;Suggests_Yandex
;yuna lullabies bentley grey remix;Suggests_Yandex
;bentley официальный дилер;Suggests_Yandex
;bentley официальный сайт;Suggests_Yandex
;bentley официальный сайт в россии;Suggests_Yandex
;bentley официальный дилер москва;Suggests_Yandex
;bentley официальный сайт в россии цены;Suggests_Yandex
;bentley одежда;Suggests_Yandex
;bentley отзывы;Suggests_Yandex
;bentley ов build;Suggests_Yandex
;bentley отель москва;Suggests_Yandex
;bentley отзывы владельцев;Suggests_Yandex
;bentley grey i can;Suggests_Yandex
;bentley grey;Suggests_Yandex
;bentley перевод на русский;Suggests_Yandex
;bentley проектирование;Suggests_Yandex
;bentley genesis;Suggests_Yandex
;bentley gtx 700 4;Suggests_Yandex
;bentley grey i can скачать песню;Suggests_Yandex
;bentley grey nu disco remix;Suggests_Yandex
;bentley парфюм;Suggests_Yandex
;bentley по;Suggests_Yandex
;bentley россия;Suggests_Yandex
;bentley россия официальный сайт;Suggests_Yandex
;bentley hunaudieres;Suggests_Yandex
;bentley home;Suggests_Yandex
;bentley hotel официальный сайт;Suggests_Yandex
;bentley hub;Suggests_Yandex
;bentley home официальный сайт;Suggests_Yandex
;bentley hotel;Suggests_Yandex
;bentley hotel new york;Suggests_Yandex
;bentley hotel москва;Suggests_Yandex
;bentley с японским мотором валит только боком;Suggests_Yandex
;bentley салон;Suggests_Yandex
;bentley салон в москве;Suggests_Yandex
;bentley санкт петербург;Suggests_Yandex
;bentley стоимость;Suggests_Yandex
;bentley страна;Suggests_Yandex
;bentley страна производитель;Suggests_Yandex
;bentley спб;Suggests_Yandex
;bentley с японским мотором;Suggests_Yandex
;bentley сайт;Suggests_Yandex
;bentley тюнинг;Suggests_Yandex
;bentley туалетная вода мужская;Suggests_Yandex
;bentley трехколесный велосипед;Suggests_Yandex
;bentley ткань;Suggests_Yandex
;bentley ткань мебельная;Suggests_Yandex
;bentley тест драйв;Suggests_Yandex
;bentley такси;Suggests_Yandex
;bentley телефон;Suggests_Yandex
;bentley туалетная вода;Suggests_Yandex
;bentley туалетная вода for men;Suggests_Yandex
;bentley exp 10 speed 6;Suggests_Yandex
;bentley универсал;Suggests_Yandex
;bentley ул покровка 28 стр 3;Suggests_Yandex
;bentley утюг;Suggests_Yandex
;bentley украина;Suggests_Yandex
;bentley уфа;Suggests_Yandex
;bentley ул покровка 28\/6с3 москва;Suggests_Yandex
;bentley ул покровка 28\/6с3;Suggests_Yandex
;bentley ульяновск;Suggests_Yandex
;bentley e999кх;Suggests_Yandex
;bentley arnage;Suggests_Yandex
;bentley azure;Suggests_Yandex
;bentley autoplant;Suggests_Yandex
;bentley autopipe;Suggests_Yandex
;bentley arnage r;Suggests_Yandex
;bentley avilon;Suggests_Yandex
;bentley arnage запчасти купить;Suggests_Yandex
;bentley arnage цена;Suggests_Yandex
;bentley absolute;Suggests_Yandex
;bentley aecosim building designer;Suggests_Yandex
;bentley хэтчбек;Suggests_Yandex
;bentley характеристики;Suggests_Yandex
;bentley хорошавина;Suggests_Yandex
;bentley хорошавина аукцион;Suggests_Yandex
;bentley характеристика;Suggests_Yandex
;bentley хэтчбек цена;Suggests_Yandex
;бентли хорошавина;Suggests_Yandex
;бентли характеристики;Suggests_Yandex
;бентли хэтчбек;Suggests_Yandex
;бентли художник;Suggests_Yandex
;bentley цена;Suggests_Yandex
;bentley цена в россии;Suggests_Yandex
;bentley цены;Suggests_Yandex
;bentley цены на новые автомобили;Suggests_Yandex
;bentley цена в рублях;Suggests_Yandex
;bentley цвета кузова;Suggests_Yandex
;bentley цены в москве;Suggests_Yandex
;bentley центр москва;Suggests_Yandex
;bentley цена в москве;Suggests_Yandex
;bentley цены в россии;Suggests_Yandex
;bentley часы;Suggests_Yandex
;bentley чья марка;Suggests_Yandex
;bentley чей концерн;Suggests_Yandex
;bentley чья компания;Suggests_Yandex
;bentley часы официальный сайт;Suggests_Yandex
;bentley чип тюнинг;Suggests_Yandex
;bentley чья страна;Suggests_Yandex
;bentley чей бренд;Suggests_Yandex
;bentley челябинск;Suggests_Yandex
;bentley что это такое;Suggests_Yandex
;bentley openplant;Suggests_Yandex
;bentley organic официальный сайт;Suggests_Yandex
;bentley organic;Suggests_Yandex
;beamer benz or bentley;Suggests_Yandex
;beamer benz or bentley текст песни перевод;Suggests_Yandex
;lloyd banks beamer benz or bentley;Suggests_Yandex
;dierks bentley burning man ft brothers osborne;Suggests_Yandex
;somewhere on a beach dierks bentley;Suggests_Yandex
;каталог bentley online;Suggests_Yandex
;beamer benz or bentley скачать;Suggests_Yandex
;bentley international prostar цена;Suggests_Yandex
;bentley шильдик;Suggests_Yandex
;bentley шпора;Suggests_Yandex
;bentley international prostar;Suggests_Yandex
;bentley шария;Suggests_Yandex
;bentley шрифт;Suggests_Yandex
;bentley шах;Suggests_Yandex
;bentley шорт блок;Suggests_Yandex
;bentley infinite rush;Suggests_Yandex
;bentley intense for men;Suggests_Yandex
;bentley эмблема;Suggests_Yandex
;bentley это;Suggests_Yandex
;bentley это volkswagen;Suggests_Yandex
;bentley электромобиль;Suggests_Yandex
;bentley это vag;Suggests_Yandex
;bentley эмблема на капоте;Suggests_Yandex
;bentley электромобиль детский;Suggests_Yandex
;bentley электрика;Suggests_Yandex
;bentley электрокар;Suggests_Yandex
;bentley электромобиль купить;Suggests_Yandex
;bentley юрия антонова;Suggests_Yandex
;bentley ru;Suggests_Yandex
;bentley com;Suggests_Yandex
;бентли ютуб;Suggests_Yandex
;бентли юрия антонова;Suggests_Yandex
;бентли юа;Suggests_Yandex
;бентли юрий софин;Suggests_Yandex
;бентли юмор;Suggests_Yandex
;велик бентли ю трехколесный;Suggests_Yandex
;bentley яндекс авто;Suggests_Yandex
;bentley zagato;Suggests_Yandex
;bentley яндекс;Suggests_Yandex
;bentley яхта;Suggests_Yandex
;bentley z padoku;Suggests_Yandex
;bentley zoom;Suggests_Yandex
;bentley zolotaya imperiya;Suggests_Yandex
;bentley zurich;Suggests_Yandex
;zombie bentley grey serge remix the cranberries скачать;Suggests_Yandex
;zombie bentley grey serge remix;Suggests_Yandex
;bentley q;Suggests_Yandex
;bentley w12;Suggests_Yandex
;bentley wiki;Suggests_Yandex
;bentley walker tooway;Suggests_Yandex
;bentley wikipedia;Suggests_Yandex
;bentley wraith;Suggests_Yandex
;bentley w12 цена;Suggests_Yandex
;bentley watergems;Suggests_Yandex
;bentley wallpaper;Suggests_Yandex
;bentley w12 engine;Suggests_Yandex
;bentley walker;Suggests_Yandex
;bentley exp 10 speed;Suggests_Yandex
;bentley exp 10 speed 6 цена;Suggests_Yandex
;bentley exp 9 f;Suggests_Yandex
;bentley exp 10;Suggests_Yandex
;bentley exp 12;Suggests_Yandex
;bentley eight;Suggests_Yandex
;bentley exp;Suggests_Yandex
;bentley easy mix 2018;Suggests_Yandex
;bentley rhythm ace;Suggests_Yandex
;bentley russia;Suggests_Yandex
;bentley russia официальный сайт;Suggests_Yandex
;bentley race;Suggests_Yandex
;bentley repair manual e36;Suggests_Yandex
;bentley roy;Suggests_Yandex
;anya fool me bentley grey nu disco remix;Suggests_Yandex
;emeli sande hurts bentley grey remix скачать;Suggests_Yandex
;bentley trade мебель;Suggests_Yandex
;bentley t series;Suggests_Yandex
;bentley turbo rt;Suggests_Yandex
;bentley t2;Suggests_Yandex
;bentley tricycle;Suggests_Yandex
;bentley tints on fendi prints on;Suggests_Yandex
;bentley trade;Suggests_Yandex
;bentley turbo rt mulliner;Suggests_Yandex
;bentley usa;Suggests_Yandex
;bentley university;Suggests_Yandex
;bentley uk;Suggests_Yandex
;bentley university boston;Suggests_Yandex
;bentley university rankings;Suggests_Yandex
;bentley usa com;Suggests_Yandex
;bentley uae;Suggests_Yandex
;bentley university википедия;Suggests_Yandex
;bentley ua;Suggests_Yandex
;bentley uz;Suggests_Yandex
;bentley infinite intense;Suggests_Yandex
;bentley infinite;Suggests_Yandex
;bentley intense;Suggests_Yandex
;bentley instruments;Suggests_Yandex
;bentley international;Suggests_Yandex
;bentley instagram;Suggests_Yandex
;bentley phantom;Suggests_Yandex
;bentley projectwise;Suggests_Yandex
;bentley plain ткань;Suggests_Yandex
;bentley price;Suggests_Yandex
;bentley plain;Suggests_Yandex
;bentley prostar;Suggests_Yandex
;bentley prostructures torrent;Suggests_Yandex
;bentley perfume;Suggests_Yandex
;bentley powercivil;Suggests_Yandex
;bentley proconcrete начало работы youtube;Suggests_Yandex
;bentley systems;Suggests_Yandex
;bentley state limousine;Suggests_Yandex
;bentley systems в россии;Suggests_Yandex
;bentley s3 continental 1962 1965;Suggests_Yandex
;bentley select;Suggests_Yandex
;bentley synchro;Suggests_Yandex
;bentley systems бим о работе программы;Suggests_Yandex
;bentley speed six;Suggests_Yandex
;bentley staad pro;Suggests_Yandex
;bentley speed 6;Suggests_Yandex
;bentley dominator;Suggests_Yandex
;bentley dominator фото;Suggests_Yandex
;bentley descartes;Suggests_Yandex
;bentley descartes connect edition;Suggests_Yandex
;bentley dominator 1994;Suggests_Yandex
;bentley dubs;Suggests_Yandex
;bentley dubs рингтон скачать;Suggests_Yandex
;bentley dominator 1994 специальный заказ для султана брунея;Suggests_Yandex
;bentley dominator 2018;Suggests_Yandex
;bentley de;Suggests_Yandex
;bentley for men absolute eau de parfum отзывы;Suggests_Yandex
;bentley for men azure туалетная вода отзывы;Suggests_Yandex
;bentley g70;Suggests_Yandex
;bentley gold coast;Suggests_Yandex
;bentley grey superstar 4 38;Suggests_Yandex
;bentley gtc;Suggests_Yandex
;bentley home collection;Suggests_Yandex
;bentley home мебель;Suggests_Yandex
;bentley hotel london;Suggests_Yandex
;bentley jeep;Suggests_Yandex
;bentley jones;Suggests_Yandex
;bentley java;Suggests_Yandex
;bentley jeep стоимость;Suggests_Yandex
;"bentley jones devil&#39;s cry";Suggests_Yandex
;bentley jeep цена;Suggests_Yandex
;"bentley jones devil&#39;s cry перевод";Suggests_Yandex
;bentley jones parachutes starlyte remix;Suggests_Yandex
;bentley japan;Suggests_Yandex
;bentley jip;Suggests_Yandex
;kapa bentley есбол тасбаев;Suggests_Yandex
;bentley logo;Suggests_Yandex
;bentley limousine;Suggests_Yandex
;bentley lounge;Suggests_Yandex
;bentley lumenrt;Suggests_Yandex
;bentley logo png;Suggests_Yandex
;bentley little;Suggests_Yandex
;bentley logo vector;Suggests_Yandex
;bentley le mans;Suggests_Yandex
;bentley london;Suggests_Yandex
;bentley lounge ru;Suggests_Yandex
;каталка толокар bambi bentley z 326s купить;Suggests_Yandex
;бентли zaycev net pharaoh;Suggests_Yandex
;интерактивный робот собака гончая бентли zoomer spin master купить;Suggests_Yandex
;bentley xp10;Suggests_Yandex
;bentley xp10 speed 6;Suggests_Yandex
;bentley xp10 speed;Suggests_Yandex
;bentley xp10 speed 6 цена;Suggests_Yandex
;bentley xp10 speed цена;Suggests_Yandex
;bentley xp10 цена;Suggests_Yandex
;bentley x8;Suggests_Yandex
;bentley xanthic;Suggests_Yandex
;bentley xanthic small;Suggests_Yandex
;bentley continental gt;Suggests_Yandex
;bentley continental gt 2018;Suggests_Yandex
;bentley continental flying spur;Suggests_Yandex
;bentley continental gt 2018 цена;Suggests_Yandex
;bentley continental gt speed;Suggests_Yandex
;bentley continental gt цена;Suggests_Yandex
;bentley continental gtc;Suggests_Yandex
;bentley continental gt 2019;Suggests_Yandex
;bentley continental gt paragon 1\/18;Suggests_Yandex
;bentley continental 2010;Suggests_Yandex
;bentley vs rolls royce;Suggests_Yandex
;bentley viewer;Suggests_Yandex
;bentley v12;Suggests_Yandex
;bentley v8;Suggests_Yandex
;bentley volkswagen;Suggests_Yandex
;bentley volkswagen group;Suggests_Yandex
;bently nevada;Suggests_Yandex
;bently nevada 3500;Suggests_Yandex
;bentley nevada;Suggests_Yandex
;bentley nevada представительство в россии;Suggests_Yandex
;bentley new continental gt;Suggests_Yandex
;bentley navigator;Suggests_Yandex
;bentley new continental gt цена;Suggests_Yandex
;bentley newsroom;Suggests_Yandex
;bentley new 2017 трехколесный велосипед;Suggests_Yandex
;bentley new;Suggests_Yandex
;bentley mulsanne;Suggests_Yandex
;bentley motors;Suggests_Yandex
;bentley mulsanne цена;Suggests_Yandex
;bentley mulsanne 2018;Suggests_Yandex
;bentley moscow;Suggests_Yandex
;bentley media;Suggests_Yandex
;bentley meteor;Suggests_Yandex
;bentley microstation;Suggests_Yandex
;bentley microstation v8i;Suggests_Yandex
;bentley microstation скачать;Suggests_Yandex
;bentley 00907 ошибка;Suggests_Yandex
;bentley 09 2018;Suggests_Yandex
;04 12 anya fool me bentley grey nu disco remix;Suggests_Yandex
;клубная джижуха track 02 bentley easy mix 2018;Suggests_Yandex
;revell 07007 bentley 4 5l blower;Suggests_Yandex
;bentley microstation v8i 08 11 05 17 русская версия;Suggests_Yandex
;05 28 emma hewitt crucify bentley grey nu disco remix;Suggests_Yandex
;бентли 001 москва;Suggests_Yandex
;bentley 1930;Suggests_Yandex
;bentley 1960;Suggests_Yandex
;bentley 1970;Suggests_Yandex
;bentley 1980;Suggests_Yandex
;bentley 1990;Suggests_Yandex
;bentley 1 18;Suggests_Yandex
;bentley 1920;Suggests_Yandex
;bentley 1995;Suggests_Yandex
;bentley 1996;Suggests_Yandex
;bentley 1998;Suggests_Yandex
;bentley 2018;Suggests_Yandex
;bentley 2018 цена;Suggests_Yandex
;bentley 2017;Suggests_Yandex
;bentley 2019;Suggests_Yandex
;bentley 2000;Suggests_Yandex
;bentley 2006;Suggests_Yandex
;bentley 2005;Suggests_Yandex
;bentley 2008;Suggests_Yandex
;bentley 2004;Suggests_Yandex
;bentley 24 biz;Suggests_Yandex
;bentley 300;Suggests_Yandex
;bentley 300c;Suggests_Yandex
;bentley 3d проектирование;Suggests_Yandex
;bentley 300 цена;Suggests_Yandex
;bentley 3d;Suggests_Yandex
;bentley 300c цена;Suggests_Yandex
;bentley 3d model;Suggests_Yandex
;bentley 3l;Suggests_Yandex
;bentley 3d скачать торрент;Suggests_Yandex
;bentley 3uz;Suggests_Yandex
;bentley 4 1\/4 litre;Suggests_Yandex
;bentley 4x4;Suggests_Yandex
;bentley 4 5l;Suggests_Yandex
;bentley 4 дверный;Suggests_Yandex
;bentley 4 1\/2 litre blower;Suggests_Yandex
;bentley 4 1\/2 litre supercharged;Suggests_Yandex
;bentley 4 l;Suggests_Yandex
;bentley 4 5 litre;Suggests_Yandex
;bentley 4k;Suggests_Yandex
;bentley 5 дверей;Suggests_Yandex
;bentley 50 годов;Suggests_Yandex
;bentley 5 лучей;Suggests_Yandex
;bentley 50 cent;Suggests_Yandex
;bentley 501 рязань;Suggests_Yandex
;bentley 515 sofa;Suggests_Yandex
;gta 5 bentley;Suggests_Yandex
;gta 5 bentley bentayga;Suggests_Yandex
;golf 5 bentley;Suggests_Yandex
;bentley 610;Suggests_Yandex
;bentley 6 in 1;Suggests_Yandex
;bentley 6 салон;Suggests_Yandex
;bentley 6 in 1 convertible stroller trike;Suggests_Yandex
;bentley 6 5 l;Suggests_Yandex
;bentley 60 х годов;Suggests_Yandex
;bentley 6 1\/2 litre;Suggests_Yandex
;bentley 6 3\/4 litre;Suggests_Yandex
;bentley 6 in 1 trike;Suggests_Yandex
;bentley 777;Suggests_Yandex
;bentley 737;Suggests_Yandex
;bentley 737 гладильная система;Suggests_Yandex
;bentley 777 777;Suggests_Yandex
;bentley 7777;Suggests_Yandex
;cherry neneh 7 seconds bentley grey remix;Suggests_Yandex
;7 seconds bentley grey remix скачать;Suggests_Yandex
;bentley 8 litre;Suggests_Yandex
;bentley 8l;Suggests_Yandex
;bentley 8 litre 1931;Suggests_Yandex
;bentley 80 годов;Suggests_Yandex
;bentley 8 litre купить;Suggests_Yandex
;bentley 84 15895;Suggests_Yandex
;bentley 8 litre 1930 1932;Suggests_Yandex
;bentley 8 speed;Suggests_Yandex
;bentley 8 litre 1930;Suggests_Yandex
;bentley 999;Suggests_Yandex
;bentley 9f;Suggests_Yandex
;bentley mulsanne 1980 92;Suggests_Yandex
;бентли 90 х годов;Suggests_Yandex
;бентли 999 99;Suggests_Yandex
;бентли 90;Suggests_Yandex
;бентли 90 годов;Suggests_Yandex
;бентли 95;Suggests_Yandex
;bentley аренда;Suggests_Google
;bentley авто ру;Suggests_Google
;bentley аксессуары;Suggests_Google
;bentley академик;Suggests_Google
;bentley автомобили в наличии;Suggests_Google
;bentley автомобиль;Suggests_Google
;bentley алматы;Suggests_Google
;bentley авто;Suggests_Google
;bentley б/у;Suggests_Google
;bentley бентайга фото;Suggests_Google
;bentley бельцы;Suggests_Google
;bentley белый;Suggests_Google
;bentley бишкек;Suggests_Google
;bentley беларусь;Suggests_Google
;bentley в наличии;Suggests_Google
;bentley волга;Suggests_Google
;bentley внедорожник фото;Suggests_Google
;bentley валят только боком;Suggests_Google
;bentley вакансии москва;Suggests_Google
;bentley генезис;Suggests_Google
;бентли генезис;Suggests_Google
;бентли гринс;Suggests_Google
;бентли генезис цена;Suggests_Google
;бентли где производят;Suggests_Google
;бентли гринс фк;Suggests_Google
;bentley джип 2018 цена;Suggests_Google
;bentley диски;Suggests_Google
;bentley дилеры;Suggests_Google
;bentley дром;Suggests_Google
;bentley джип сколько стоит;Suggests_Google
;bentley двухдверный;Suggests_Google
;бентли екатеринбург цена;Suggests_Google
;бентли ехр 10;Suggests_Google
;бентли екатеринбург адрес;Suggests_Google
;бентли екб;Suggests_Google
;бентли екатеринбург вакансии;Suggests_Google
;бентли есть;Suggests_Google
;эмблема бентли;Suggests_Google
;е1 бентли;Suggests_Google
;бентли жук;Suggests_Google
;бентли жизнь драмы скачать;Suggests_Google
;бентли жемчужины программирования скачать;Suggests_Google
;бентли жт;Suggests_Google
;бентли жигули тойоты как промышленные шпроты;Suggests_Google
;бентли жердева;Suggests_Google
;bentley зонт;Suggests_Google
;бентли за репост;Suggests_Google
;бентли замена сальника;Suggests_Google
;бентли завод;Suggests_Google
;бентли за биткоины;Suggests_Google
;бентли за 20 миллионов;Suggests_Google
;бентли замена сальника коленвала;Suggests_Google
;bentley история;Suggests_Google
;bentley интересные факты;Suggests_Google
;bentley игрушечная машинка;Suggests_Google
;бентли или роллс ройс;Suggests_Google
;бентли история марки;Suggests_Google
;бентли и ролс ройс;Suggests_Google
;бентли из крайслера;Suggests_Google
;бентли иркутск;Suggests_Google
;бентли или крузер;Suggests_Google
;бентли инстаграм;Suggests_Google
;бентли йогурт;Suggests_Google
;bentley купе цена;Suggests_Google
;bentley кому принадлежит;Suggests_Google
;bentley концерн;Suggests_Google
;bentley купить б/у;Suggests_Google
;bentley лизинг;Suggests_Google
;bentley лимузин;Suggests_Google
;bentley литва;Suggests_Google
;bentley лимузин цена;Suggests_Google
;бентли литтл;Suggests_Google
;бентли литтл книги;Suggests_Google
;бентли лимузин;Suggests_Google
;бентли литтл дом;Suggests_Google
;бентли лого;Suggests_Google
;bentley машина;Suggests_Google
;bentley мебель;Suggests_Google
;bentley мульсан;Suggests_Google
;bentley машина сколько стоит;Suggests_Google
;bentley моторы;Suggests_Google
;bentley москва барвиха luxury village;Suggests_Google
;bentley мульсан фото;Suggests_Google
;bentley новый;Suggests_Google
;bentley на авито;Suggests_Google
;bentley на пешеходном переходе;Suggests_Google
;bentley на радиоуправлении;Suggests_Google
;bentley новости;Suggests_Google
;bentley на газ;Suggests_Google
;бентли невада;Suggests_Google
;бентли на прокат;Suggests_Google
;бентли невзорова;Suggests_Google
;bentley обои;Suggests_Google
;bentley обувь;Suggests_Google
;bentley обзор;Suggests_Google
;bentley одеколон;Suggests_Google
;bentley обслуживание;Suggests_Google
;bentley перевод;Suggests_Google
;bentley программа;Suggests_Google
;bentley последняя модель;Suggests_Google
;bentley продажа;Suggests_Google
;bentley прокат;Suggests_Google
;bentley производитель;Suggests_Google
;bentley паркетник;Suggests_Google
;bentley пожизненная гарантия;Suggests_Google
;bentley реклама;Suggests_Google
;bentley рестайлинг;Suggests_Google
;bentley разгон до 100;Suggests_Google
;bentley ростов;Suggests_Google
;bentley рублевка;Suggests_Google
;bentley расход топлива;Suggests_Google
;bentley руль;Suggests_Google
;bentley рекламная война;Suggests_Google
;bentley размер шин;Suggests_Google
;bentley седан;Suggests_Google
;bentley сапр;Suggests_Google
;bentley старые модели;Suggests_Google
;bentley тайга;Suggests_Google
;bentley технические характеристики;Suggests_Google
;бентли текст;Suggests_Google
;бентли трейд;Suggests_Google
;бентли тайга;Suggests_Google
;бентли тайга цена;Suggests_Google
;бентли универсал;Suggests_Google
;бентли уэс;Suggests_Google
;бентли уфа;Suggests_Google
;бентли украина купить;Suggests_Google
;бентли универсал цена;Suggests_Google
;бентли украина цена;Suggests_Google
;бентли университет;Suggests_Google
;bentley фото;Suggests_Google
;bentley фантом;Suggests_Google
;bentley фотографии;Suggests_Google
;bentley фура;Suggests_Google
;bentley фараон;Suggests_Google
;bentley форум;Suggests_Google
;bentley фараон скачать;Suggests_Google
;bentley футболист;Suggests_Google
;bentley фирма;Suggests_Google
;бентли фото;Suggests_Google
;bentley харьков;Suggests_Google
;бентли харьков;Suggests_Google
;бентли хахалевой;Suggests_Google
;bentley хахалева;Suggests_Google
;бентли хоум;Suggests_Google
;bentley цена 2018;Suggests_Google
;bentley цены автосалонах;Suggests_Google
;bentley цена бу;Suggests_Google
;bentley цена москва;Suggests_Google
;bentley цена в долларах;Suggests_Google
;bentley цена украина;Suggests_Google
;bentley цена в казахстане;Suggests_Google
;bentley цена 2017;Suggests_Google
;bentley чья машина;Suggests_Google
;бентли чей концерн;Suggests_Google
;бентли черный;Suggests_Google
;бентли челябинск;Suggests_Google
;бентли четырехдверный;Suggests_Google
;бентли чернильная машина;Suggests_Google
;бентли человек;Suggests_Google
;бентли черный цена;Suggests_Google
;бентли чушка жига пушка;Suggests_Google
;значок бентли;Suggests_Google
;бентли шария;Suggests_Google
;бентли шильдик;Suggests_Google
;бентли шерман;Suggests_Google
;бентли шуфрич;Suggests_Google
;бентли вейрон;Suggests_Google
;bentley шымкент;Suggests_Google
;бентли шоп;Suggests_Google
;bentley шарий;Suggests_Google
;бентли шымкент аренда;Suggests_Google
;бентли это;Suggests_Google
;бентли это фольксваген;Suggests_Google
;бентли это бмв;Suggests_Google
;бентли это ауди;Suggests_Google
;бентли электрокар;Suggests_Google
;бентли электромобиль;Suggests_Google
;бентли э жизнь драмы;Suggests_Google
;бентли это ваг;Suggests_Google
;бентли мульсан ютуб;Suggests_Google
;бентли бентайга ютуб;Suggests_Google
;тодд бентли ютуб;Suggests_Google
;бентли 777 ютуб;Suggests_Google
;бентли 2018 ютуб;Suggests_Google
;хейдельберг юнайтед бентли гринс;Suggests_Google
;бентли гринс аделаида юнайтед прогноз;Suggests_Google
;бентли гринс аделаида юнайтед;Suggests_Google
;bentley яндекс драйв;Suggests_Google
;бентли яга;Suggests_Google
;бентли ярославль;Suggests_Google
;бентли яхта;Suggests_Google
;бентли ягуар;Suggests_Google
;ярдрей бентли;Suggests_Google
;бентли с японским мотором;Suggests_Google
;mc bentley я ненавижу панков;Suggests_Google
;бентли с японским двигателем;Suggests_Google
;bentley queen;Suggests_Google
;bentley qiymeti 2018;Suggests_Google
;bentley qiymeti;Suggests_Google
;bentley qiymetleri;Suggests_Google
;bentley quora;Suggests_Google
;bentley queen elizabeth;Suggests_Google
;bentley qatar;Suggests_Google
;bentley quotes;Suggests_Google
;bentley quality;Suggests_Google
;bentley wheels;Suggests_Google
;bentley white;Suggests_Google
;bentley warszawa;Suggests_Google
;bentley wallpaper 4k;Suggests_Google
;bentley exp 12 speed 6e;Suggests_Google
;bentley e999kx;Suggests_Google
;bentley europe bv;Suggests_Google
;bentley europe;Suggests_Google
;bentley rotating display;Suggests_Google
;bentley records;Suggests_Google
;bentley r type;Suggests_Google
;bentley raceway and cable management;Suggests_Google
;bentley riga;Suggests_Google
;bentley rapier;Suggests_Google
;bentley red;Suggests_Google
;bentley rst;Suggests_Google
;bentley taiga;Suggests_Google
;bentley tesonaso;Suggests_Google
;bentley turbo r купить;Suggests_Google
;bentley turbo r характеристики;Suggests_Google
;bentley turbo r цена;Suggests_Google
;bentley yerevan;Suggests_Google
;bentley youtube;Suggests_Google
;bentley yellow;Suggests_Google
;bentley yii;Suggests_Google
;bentley yoder now;Suggests_Google
;bentley year in infrastructure;Suggests_Google
;bentley year in infrastructure 2018;Suggests_Google
;bentley yoder;Suggests_Google
;bentley yellow car;Suggests_Google
;bentley yacht;Suggests_Google
;bentley urus;Suggests_Google
;bentley university acceptance rate;Suggests_Google
;bentley university niche;Suggests_Google
;bentley us;Suggests_Google
;bentley university unipage;Suggests_Google
;bentley university campus;Suggests_Google
;bentley uk configurator;Suggests_Google
;bentley interior;Suggests_Google
;bentley international prostar купить;Suggests_Google
;bentley offroad;Suggests_Google
;bentley official site;Suggests_Google
;bentley organic купить;Suggests_Google
;bentley organic отзывы;Suggests_Google
;bentley ottmann algorithm c;Suggests_Google
;bentley old;Suggests_Google
;bentley onyx цена;Suggests_Google
;bentley parts;Suggests_Google
;bentley patt текст;Suggests_Google
;bentley patt;Suggests_Google
;bentley p1923;Suggests_Google
;bentley plaxis;Suggests_Google
;bentley arnage t;Suggests_Google
;bentley auto ru;Suggests_Google
;bentley avito;Suggests_Google
;bentley suv;Suggests_Google
;bentley speed 8;Suggests_Google
;bentley systems россия;Suggests_Google
;bentley sport;Suggests_Google
;bentley speed;Suggests_Google
;bentley spur;Suggests_Google
;bentley sedan;Suggests_Google
;bentley drom;Suggests_Google
;bentley designs;Suggests_Google
;bentley diesel;Suggests_Google
;bentley david;Suggests_Google
;bentley drift;Suggests_Google
;bentley drive2;Suggests_Google
;bentley downloads;Suggests_Google
;bentley flying spur цена;Suggests_Google
;bentley flying spur 2018;Suggests_Google
;bentley flying spur 2018 цена;Suggests_Google
;bentley flying;Suggests_Google
;bentley flying spur w12 цена;Suggests_Google
;bentley furniture;Suggests_Google
;bentley flying spur характеристики;Suggests_Google
;bentley gt;Suggests_Google
;bentley gt 2018;Suggests_Google
;bentley genesis цена;Suggests_Google
;bentley gt continental;Suggests_Google
;bentley gt3;Suggests_Google
;bentley gt цена;Suggests_Google
;bentley hotel south beach;Suggests_Google
;bentley house zurs austria;Suggests_Google
;bentley hunaudieres;Suggests_Google
;bentley house;Suggests_Google
;bentley hot wheels;Suggests_Google
;bentley jeep price;Suggests_Google
;bentley jeep 2018;Suggests_Google
;bentley jip 2018;Suggests_Google
;bentley jeans;Suggests_Google
;bentley jobs;Suggests_Google
;bentley kz;Suggests_Google
;bentley kyiv;Suggests_Google
;bentley kaufen;Suggests_Google
;bentley kaina;Suggests_Google
;bentley kolesa;Suggests_Google
;bentley komet;Suggests_Google
;bentley konfigurator;Suggests_Google
;bentley kendal chair;Suggests_Google
;bentley lumenrt connect edition;Suggests_Google
;bentley luxury;Suggests_Google
;bentley los angeles;Suggests_Google
;bentley london hotel;Suggests_Google
;bentley znak;Suggests_Google
;bentley zurich;Suggests_Google
;bentley z padoku pedigree;Suggests_Google
;bentley zagato gtz;Suggests_Google
;bentley zionsville;Suggests_Google
;bentley zhao;Suggests_Google
;bentley zoom pic;Suggests_Google
;bentley xp12;Suggests_Google
;bentley xs 7000 battery charger;Suggests_Google
;bentley continental;Suggests_Google
;bentley x10;Suggests_Google
;bentley x 10 speed 6;Suggests_Google
;bentley continental цена;Suggests_Google
;bentley continental supersports;Suggests_Google
;bentley continental gt купить;Suggests_Google
;bentley vin decoder;Suggests_Google
;bentley vertu;Suggests_Google
;bentley vin;Suggests_Google
;bentley vintage;Suggests_Google
;bentley bentayga 2018;Suggests_Google
;bentley bentayga купить;Suggests_Google
;bentley bentayga mulliner;Suggests_Google
;bentley bentley;Suggests_Google
;bentley blower;Suggests_Google
;bentley bentayga w12;Suggests_Google
;bentley new york;Suggests_Google
;bentley naim;Suggests_Google
;bentley new model;Suggests_Google
;bentley name;Suggests_Google
;bentley norway;Suggests_Google
;bentley nuoma;Suggests_Google
;bentley newmarket tan;Suggests_Google
;bentley mulliner;Suggests_Google
;bentley mulsanne speed;Suggests_Google
;bentley mansory;Suggests_Google
;bentley 0001;Suggests_Google
;bentley 007;Suggests_Google
;bentley 01583;Suggests_Google
;bentley 01826;Suggests_Google
;bentley 0 60 times;Suggests_Google
;bentley 00668;Suggests_Google
;bentley 0 100;Suggests_Google
;bentley 0 60;Suggests_Google
;bentley 08;Suggests_Google
;bentley 089;Suggests_Google
;bentley 18 года;Suggests_Google
;bentley 1940;Suggests_Google
;bentley 1992;Suggests_Google
;bentley 1926;Suggests_Google
;bentley 2018 года;Suggests_Google
;bentley 2010;Suggests_Google
;bentley 2007;Suggests_Google
;bentley 3d model free;Suggests_Google
;bentley 3 litre;Suggests_Google
;bentley 3d modelling software;Suggests_Google
;bentley 3d viewer;Suggests_Google
;bentley 4 door;Suggests_Google
;bentley 4 1/2 litre supercharged;Suggests_Google
;bentley 4 1/4 litre;Suggests_Google
;bentley 4 1/2 litre;Suggests_Google
;bentley 4wd;Suggests_Google
;bentley 40s;Suggests_Google
;bentley 53 billion pixel;Suggests_Google
;bentley 51 series;Suggests_Google
;bentley 5 door;Suggests_Google
;bentley 500;Suggests_Google
;bentley 53 billion pixel dubai;Suggests_Google
;bentley 50s;Suggests_Google
;bentley's 57 7 gigapixel ad;Suggests_Google
;bentley 5106g;Suggests_Google
;bentley 53 billion pixel pic;Suggests_Google
;bentley 6 75 v8;Suggests_Google
;bentley 6 0 twin turbo;Suggests_Google
;bentley 6 1/2 litre;Suggests_Google
;bentley 6 in 1 tricycle;Suggests_Google
;bentley 60 years;Suggests_Google
;bentley 60s;Suggests_Google
;bentley 6 75 v8 engine;Suggests_Google
;bentley 6 in 1 baby stroller;Suggests_Google
;bentley 6 litre;Suggests_Google
;bentley 7 seater;Suggests_Google
;bentley 700hp;Suggests_Google
;bentley 7 seater price;Suggests_Google
;bentley 737 trouser press;Suggests_Google
;bentley 70s;Suggests_Google
;бентли 777;Suggests_Google
;бентли 7777 минск;Suggests_Google
;bentley 7 seat;Suggests_Google
;bentley 8 liter;Suggests_Google
;bentley 8 litre forza;Suggests_Google
;bentley 80;Suggests_Google
;bentley 800 hp;Suggests_Google
;bentley 8 litre forza horizon 4;Suggests_Google
;bentley 999 md;Suggests_Google
;bentley 90s;Suggests_Google
;bentley 921;Suggests_Google
;bentley 98;Suggests_Google
;bentley 99;Suggests_Google
;bentley 95;Suggests_Google
;bentley 96;Suggests_Google
