пресс;brass
комплекс;complex
демикс;demix
тенниса;tennis
теннис;tennis
форма;form
тренинг;training
тениса;tennis
ласты;last
маска;mask
брюки;brake
термит;termit
пенни;penny
пресса;press
тенты;tent
доска;disk
бокса;bax
спорта;sport
саломон;salomon
торнео;torneo
кобра;cobra
дэмикс;demix
сандалии;sandal
баскетбол;basketball
футзала;futsal
ремень;remain
степпер;stepper
кардио;cardio
сноуборд;snowboard
самбо;sambo
гольфы;golf
крюки;krok
баскетбола;basketball
грудь;grid
стирки;strk
баланса;balance
ремни;remain
пилатеса;pilates
тенис;tennis
стерн;stern
трекер;trekker
серфинга;surfing
стиль;satila
молтен;molten
меркуриал;mercurial
бордо;board
протеин;protein
суппорт;sport
спорт;sport
спины;spine
баланс;balance
круизер;cruiser
вынос;vans
карман;karmen
велик;volk
темпо;tiempo
соломон;salomon
грифы;graf
трекинг;trekking
парки;parka
грифа;graf
смарт;smart
эверласт;everlast
спина;spine
мирелли;mirella
анарак;anorak
футзал;futsal
борды;board
сандали;sandal
компрессионое;compression
деймикс;demix
карете;crete
найки;niki
ракет;reakt
круизёр;cruiser
баскет;basket
пилатес;pilates
пенка;pink
саламон;salomon
деймакс;demix
динамо;dynamo
платформа;platform
борда;board
супорт;support
компрессионые;compression
зенит;zenit
спартак;spartak
оутвентур;outventure
боксёра;boxer
трекинга;trekking
парка;parka
боард;board
кроссфита;crossfit
стёрн;stern
дунамик;dynamic
бандана;bandana
стеллс;stells
неймара;neymar
кетлер;kettler
баболат;babolat
гиант;giant
кроссфит;crossfit
диски;disk
арена;arena
струн;stern
роллеры;roller
лонгборд;longboard
проем;prem
формы;form
мизуна;mizuno
турист;tourist
стелс;stells
фокус;focus
туриста;tourist
даймикс;demix
глисад;glissade
атеми;atemi
боксинг;boxing
найка;nika
бирка;parka
вилка;volk
степер;stepper
софтшелл;softshell
манчестер;manchester
сервис;service
выбор;vapor
лонгборды;longboard
эксис;axis
динамик;dynamic
банан;banana
анарок;anorak
суппорты;support
атлант;atlant
треккер;trekker
робот;robot
плеер;player
дмикс;demix
ролеры;roller
стэрн;stern
стирка;stark
оьувь;uv
бауер;bauer
лонгборда;longboard
лидер;lider
спирт;sport
аляска;alaska
боксер;boxer
темпы;tiempo
еверласт;everlast
кросфит;crossfit
протест;protest
метрополис;metropolis
зебра;zebra
роллер;roller
кеттлер;kettler
антифог;antifog
капри;capri
минни;mini
вилки;volk
синие;sinai
дастерс;dusters
анорака;anorak
бомбер;bomber
шимано;shimano
платформы;platform
зенита;zenit
тента;tent
микро;micro
торное;torneo
кортез;cortez
анораки;anorak
браво;bravo
дрифт;drift
спиннер;spinner
демих;demi
глиссад;glissade
карра;kyra
профиль;profile
анорак;anorak
стресс;stress
суппорта;support
стрит;street
лагуна;laguna
пенну;penny
боболат;babolat
сторон;stern
боксеры;boxer
стига;stiga
торрес;tires
торес;tires
боррд;board
мотор;motor
спорти;sport
сибирь;sibir
стэлс;stells
стирк;stark
грузы;crazy
форест;first
треккинга;trekking
тиемпо;tiempo
трэкер;trekker
оригинал;original
марвел;marvel
парку;parka
тернео;torneo
предатор;predator
росес;roces
сабли;sable
карго;cargo
мизуно;mizuno
демекс;demix
бауэр;bauer
дюмекс;demix
венто;vento
полиэстер;polyester
пилотеса;pilates
торено;torneo
пилатаса;pilates
фингер;finger
пэнни;penny
мотион;motion
скале;scale
пенне;penny
треккинг;trekking
муские;muscle
болье;polo
боксера;boxer
стейлс;stells
экстрим;extreme
боксу;box
буьсы;bosu
деним;denim
аскона;ascona
монодом;monodome
челси;chelsea
аэрофит;aerofit
нейлон;nylon
магиста;magista
супорта;sport
доник;donic
колеман;coleman
сёрфинга;surfing
компрес;compress
саппорт;support
бород;board
мирель;mirella
велки;volk
ретро;retro
оксело;oxelo
микаса;mikasa
панни;penny
полиэстера;polyester
отвентуре;outventure
амастер;amaster
боксы;box
зинит;zenit
дакайне;dakine
торне;torneo
тистер;twister
баскетболл;basketball
обудь;abudo
тренер;trainer
найке;nike
массаж;massage
деникс;denix
визор;visor
маики;mike
боксе;bax
саломоны;salomon
преста;presta
кетллер;kettler
марелли;mirella
металлик;metallic
легенд;legend
мистик;mystic
легенды;legend
инита;inita
димикс;demix
баболаты;babolat
страйк;strk
супрт;sport
кинвара;kinvara
пении;penny
графит;craft
круисер;cruiser
атомик;atomic
мульти;multi
смарта;smarta
торнеу;torneo
бомберы;bomber
мезуно;mizuno
гортекс;goretex
стелсс;stells
глиссада;glissade
ппилатеса;pilates
скаут;skate
монтана;montana
тритон;tritan
гризли;grizzly
накат;naked
брюка;brake
хокке;hike
спинер;spinner
полиэстр;polyester
софтшел;softshell
сирена;siren
увекс;uvex
триал;trail
формат;format
адвентуре;adventure
демис;deimos
хипервеном;hypervenom
вилок;volk
орегон;oregon
бэтмен;batman
феста;festa
полло;pull
траининг;training
кортес;cortez
альпинизм;alpinisme
оутвентуре;outventure
хупервенум;hypervenom
рокси;roxy
старт;start
стула;satila
юнион;union
кетлера;kettler
грифф;graf
прогрессор;progressor
стирок;stark
отвентура;outventure
дален;dalen
тэмпо;tiempo
спартака;spartak
рокер;rocker
канвас;canvas
пилатса;pilates
волки;volk
раптор;raptor
стиле;satila
коррера;carrera
валки;volk
пилатоса;pilates
торнадо;tornado
индиго;indigo
турне;torneo
ленсы;lens
ларсен;larsen
альта;alta
платформу;platform
полипропилен;polypropylene
бабалат;babolat
ювекс;uvex
демакс;demix
боксёр;boxer
понни;penny
меркурил;mercurial
торонто;toronto
компрессионно;compression
стретч;stretch
нэймара;neymar
умбро;umbria
литра;ltr
альпина;alpina
пилатесу;pilates
оутвентюр;outventure
титаниум;titanium
романа;romana
мекаса;mikasa
пилатесса;pilates
бостон;boston
спалдинг;spalding
пеенни;penny
невада;nevada
байка;back
мерино;merino
пенные;penny
деймекс;demix
арктик;arctic
мерлин;marlin
леинсы;lens
патрол;patrol
рукка;rukka
спринт;sprint
аполло;apollo
лонгборт;longboard
компакт;compact
атлетико;atletico
меркуриэл;mercurial
тарнео;torneo
глиссаде;glissade
бенни;penny
бмикс;bmx
кипста;kipsta
дендер;dender
стрки;stark
баскетболь;basketball
маркер;marker
парке;parka
крафт;craft
мерки;merc
пеени;penny
фибер;fiber
трекеры;trekker
оутвентура;outventure
шарика;shark
пинни;penny
веста;festa
клинч;clinch
дауншифтер;downshifter
федерер;federer
бельо;polo
мольтен;molten
олексо;alex
тирекс;trx
носеи;nos
интех;int
миллер;miler
боксаа;box
зиние;zone
неймар;neymar
альпинистик;alpinistik
динама;dynamo
пилитесь;pilates
бордд;board
супермен;superman
футсал;futsal
маркете;market
атлет;atlet
скетч;sketch
тигуан;tiguan
сторн;stern
милитари;military
кньки;niki
астро;astro
спринтер;sprinter
бомпер;bomber
боорд;board
бемикс;bmx
миркуриал;mercurial
пилитес;pilates
компрессион;compression
эверлест;everlast
стирен;stern
домиус;domyos
карэте;crete
кеттлера;kettler
найкъ;neck
рапид;rapid
деммикс;demix
суька;ski
росигнол;rossignol
микас;mikasa
спортс;sports
феррари;ferrari
солярис;solaris
тотем;totem
терно;torneo
аутвентур;outventure
микасса;mikasa
тревел;travel
россигнол;rossignol
евоспид;evospeed
мелер;miler
макси;mx
бэмикс;bmx
стерна;stern
стелз;stells
меллер;miler
старк;stark
демиксы;demix
компресс;compress
шумано;shimano
промакс;promax
ньютон;newton
бймикс;bmx
парках;parka
просто;presta
татонка;tatonka
марвелл;marvel
чикаго;chicago
торесс;tires
актион;action
сидас;sidas
бандо;panda
карбон;carbon
кипаста;kipsta
пенно;penny
реактион;reaction
медиум;medium
риана;riana
сёрфинг;surfing
микасо;mikasa
рипстоп;ripstop
бимикс;bmx
моултен;molten
макиса;mikasa
компрессионне;compression
рианна;riana
мастерс;masters
пинне;penny
стерну;stern
стёрна;stern
глисада;glissade
зинита;zenit
арсенала;arsenal
арсенал;arsenal
дэимикс;demix
боксёры;boxer
кобура;cobra
ферари;ferrari
стиркиъ;stark
пилатиса;pilates
харда;hard
торнэо;torneo
темит;temit
демокс;demix
найкэ;nike
супорты;support
термиит;termit
берген;bergen
деймих;demi
кортекс;cortex
шредер;schrader
спине;spine
шифтеры;shifter
дэмекс;demix
вансы;vans
разор;razor
ссупорт;support
милер;miler
компрессионы;compression
серфинг;surfing
отвентуры;outventure
грипа;grip
глисадо;glissade
варио;vario
суппорот;support
панну;penny
кроссер;crosser
карбона;carbon
бертон;burton
терекс;trx
флекс;flex
райсер;racer
бборд;board
комби;combi
летоэ;leto
оксела;oxelo
стилс;stells
фортекс;fortex
мемори;memory
ппенни;penny
брумер;brumer
футзалы;futsal
симба;samba
увэкс;uvex
арина;arena
балерина;ballerina
вибрам;vibram
ларсон;larsen
термитт;termit
адмирал;admiral
борду;board
дресс;dress
полоо;polo
эверлэст;everlast
полиспорт;polisport
панно;penny
тундра;toundra
кетлеръ;kettler
лотос;lotos
пиллатеса;pilates
трэвел;travel
бетмен;batman
марлин;marlin
пейнн;penny
туристи;tourist
трамп;tramp
лилиана;liliana
монодоме;monodome
престиж;prestige
магисты;magista
бэндс;bands
бендс;bands
меркуреал;mercurial
бемыкс;bmx
суьки;ski
димакс;demix
мерседес;mercedes
простое;presto
дакота;dakota
даунхилл;downhill
тредмил;treadmill
метеор;meteor
альпинистки;alpinistik
легнсы;lens
боксмастер;boxmaster
стрик;stark
антишок;antishock
боарды;board
мирел;mirella
стран;stern
полатеса;pilates
кинексиб;kinexib
спрот;sport
барбел;barbell
сотерн;stern
петроль;patrol
фреди;freddy
супарт;sport
капуста;kipsta
ьрюки;rukka
престо;presta
манчестр;manchester
пилтеса;pilates
нордман;nordman
траск;trask
ммини;mini
суппарт;support
секонд;second
компрессионн;compression
секунд;second
дастер;duster
наимар;neymar
ранер;runner
ордем;ordem
мирэль;mirella
трейл;trail
носуи;nos
аутвентура;outventure
микассо;mikasa
вибрум;vibram
тирмит;termit
кратэ;crete
денима;denim
демкс;demix
аверлэст;everlast
вента;vento
лазить;last
демексы;demix
лакрос;lakers
дессент;descente
следы;soleday
компрессионна;compression
дэймиксы;demix
теримит;termit
стерен;stern
слинг;sling
аляски;alaska
магизта;magista
витим;vitim
ботин;btwin
неумар;neymar
хортен;horten
гласс;class
детройт;detroit
треннинг;training
полиартек;polartec
честер;chester
нарвик;narvik
оьуви;uv
меркете;market
спортальм;sportalm
термиты;termit
пилатос;pilates
меркурыал;mercurial
турнео;torneo
юмбро;umbria
демиксъ;demix
тритан;tritan
гросс;grozz
адреан;adrian
боксё;bax
оутвентер;outventure
манчестере;manchester
турбодаун;turbodown
термитэ;termit
поинт;pant
дёмикс;demix
барбелл;barbell
полартек;polartec
адвентур;adventure
мезуна;mizuno
меркуриалы;mercurial
бомбакс;bombax
таронто;toronto
магисте;magista
цунами;tsunami
магистакс;magistax
стерм;storm
артенго;artengo
вортекс;vortex
демос;domyos
сайки;ski
дэймикс;demix
микасаа;mikasa
венсы;vans
овергрип;overgrip
пенна;penny
бмиксы;bmx
лекерс;lakers
пегасус;pegasus
урбан;urban
суупорт;support
шарка;shark
пилатесс;pilates
новатур;novatour
тиэмпо;tiempo
меркуриол;mercurial
компакта;compacta
триборт;tribord
бокси;bax
велкл;volkl
трикс;trx
комбо;combo
арпеназ;arpenaz
демюкс;demix
рокеры;rocker
пынни;penny
неимар;neymar
каиши;kaishi
монтано;montana
кроссъфита;crossfit
алекс;alex
адвентура;adventure
боруссии;borussia
тэрмит;termit
оутвентр;outventure
пэйни;penny
дамикс;demix
аутвентуре;outventure
демиксч;demix
ктлер;kettler
отвентур;outventure
каленжи;kalenji
пегни;penny
шолль;shell
спайн;spin
саламоны;salomon
брюеи;bauer
новотур;novatour
тембо;tiempo
мегавент;megavent
отвинтуре;outventure
оксэлло;oxelo
адванс;advance
демихкс;demix
монтреаль;montreal
дмекс;demix
адвентюре;adventure
арснал;arsenal
прималофт;primaloft
димекс;demix
космо;cosmo
оригиналс;originals
суеды;suede
полох;polo
росигнолы;rossignol
реплика;replica
темпа;tiempo
ювикс;uvex
орена;arena
микки;mike
смайл;small
торгнео;torneo
спортак;spartak
меркурал;mercurial
пилитеса;pilates
борусси;borussia
бакса;box
глиссе;gloss
молден;molten
торос;tires
деемикс;demix
дуймикс;demix
дймикс;demix
ангел;angel
стирке;stark
пейни;penny
хопервенум;hypervenom
спида;spedo
сьюды;suede
деммкс;demix
тдемикс;demix
покет;pocket
демах;demi
комба;combi
хупервеном;hypervenom
флюксы;flex
боксах;box
суппрт;support
титаном;titanium
стрим;storm
вэнсы;vans
капрон;kiprun
полиестер;polyester
проликс;prolix
спинор;spinner
еверлест;everlast
парко;parka
хапервеном;hypervenom
совтшелл;softshell
онарак;anorak
наймар;neymar
хапервенум;hypervenom
лидеры;lider
кабана;cabana
уилсон;wilson
дэмих;demi
боксаъ;box
глисаде;glissade
кетлерр;kettler
кристал;crystal
мадшус;madshus
глиссед;glissade
гортэкс;goretex
ббауерр;bauer
спорты;sport
глисады;glissade
торэс;tires
боксаэ;box
спорталм;sportalm
аляску;alaska
сопрт;sport
хипстеры;hipster
монреаль;monreal
еварласт;everlast
сабля;sable
каретэ;crete
покса;box
люмен;lemon
пэнии;penny
сатила;satila
фредди;freddy
спелдинг;spalding
мервел;marvel
борусии;borussia
текника;tecnica
хупервоном;hypervenom
волкл;volkl
мадчус;madshus
салминг;salming
вариус;varius
фелкл;volkl
адвэнтур;adventure
тисса;tisa
термт;termit
графт;craft
пилатас;pilates
атами;atemi
муркуриал;mercurial
войлок;volk
графф;graf
сноборд;snowboard
верона;verona
имнии;omni
аутвинтурэ;outventure
буртон;burton
протек;protec
компрессионны;compression
минии;mini
пение;penny
мерелин;marlin
сапорт;support
николь;nicole
соломоны;salomon
бауре;bauer
миени;mini
адель;adele
краки;krok
тарнадо;tornado
кармен;karmen
росиньол;rossignol
ротофелла;rottefella
турние;tornio
клиссадо;glissade
отвентюр;outventure
снойборд;snowboard
отвентюре;outventure
босса;bosu
вёлки;volk
мирели;mirella
сабле;sable
маркера;marker
боукса;box
структуры;structure
савона;savona
паркка;parka
боссу;bosu
бауры;bauer
пелатеса;pilates
зейнер;ziener
орден;orden
магус;magus
ротефелла;rottefella
баура;bauer
юнекс;yonex
юникс;unix
атомики;atomic
виста;festa
трешер;trasher
клисаде;glissade
борде;board
хайкер;hiker
радикал;radical
революшион;revolution
ридер;rider
пилотес;pilates
клиссаде;glissade
шелтер;shelter
фишира;fisher
сатилла;satila
полые;polo
сппорт;support
анорек;anorak
клиньч;clinch
дэймакс;demix
пилатэса;pilates
боокса;box
кобры;cobra
раннер;runner
трининг;training
тсунами;tsunami
десенте;descente
дентон;denton
сенатор;senator
алляска;alaska
бертан;burton
зинер;ziener
роттефелла;rottefella
нордсетер;nordseter
бёртон;burton
меркириал;mercurial
панны;penny
аксель;oxelo
тронео;torneo
самрт;smart
мадшуз;madshus
барка;parka
татанка;tatonka
аксела;oxelo
леенсы;lens
адвинтуре;adventure
деимикс;demix
спидмакс;speedmax
мэдшуз;madshus
лаваль;laval
атэми;atemi
атема;atemi
глиссат;glissade
бэнды;band
пеннии;penny
хаусфит;housefit
седас;sidas
флюкс;flux
торен;torneo
пилатесаэ;pilates
роусес;roces
сууппорт;support
россигнолы;rossignol
кастом;custom
трэшер;trasher
поликарбонат;polycarbonate
вулкано;volcano
крате;crete
скинни;skinny
пролинк;prolink
увикс;uvex
лангборд;longboard
структура;structure
кечуа;quechua
демекси;demix
аргон;argon
боксо;box
бимбо;bimbo
софтшелла;softshell
полистер;polyester
трейнинг;training
кемпингаз;campingaz
пенеи;penny
вауде;vaude
торно;torneo
ледис;ladies
бравата;bravata
футуро;future
молтон;molten
кайши;kaishi
руннер;runner
деймихкс;demix
хупервэйном;hypervenom
клифф;cliff
кписта;kipsta
хепервеном;hypervenom
науке;nike
софтшолл;softshell
мерккриал;mercurial
норвик;narvik
термита;termit
онетрак;onetrak
пилаттес;pilates
венси;vans
полои;polo
домеос;domyos
боарт;board
демиос;domyos
грифаъ;graf
аласка;alaska
мизунно;mizuno
боррт;board
оитвентур;outventure
росер;racer
ларсин;larsen
гелые;gel
валос;falls
оригон;oregon
рактион;reaction
дайтона;daytona
гротекс;goretex
солерс;solers
риактион;reaction
пирка;parka
калеман;coleman
терамит;termit
нелли;neill
пигасы;pegas
торрс;tires
магисто;magista
оутвентуры;outventure
филди;fold
демиксе;demix
хайкинг;hiking
торренто;torrent
соламон;salomon
мекас;mikasa
неумара;neymar
бмыкс;bmx
совтшел;softshell
гревел;gravel
мизуны;mizuno
доминатор;dominator
конверты;convert
мизуне;mizuno
пирамид;pyramid
атими;atemi
рассер;racer
тооронто;toronto
манчестре;manchester
стиго;stiga
тиемпох;tiempo
нэймар;neymar
примитиво;primitivo
ленисы;lens
анарек;anorak
инвизибл;invisible
тимпо;tiempo
нитро;nitro
регата;regatta
полоъ;polo
торрент;torrent
дэймекс;demix
инпут;input
меркуруал;mercurial
дээмикс;demix
вайнс;vans
оитвентуре;outventure
ванссы;vans
триборд;tribord
ракка;rukka
софтшела;softshell
зефал;zefal
скече;sketch
индоор;indoor
демиу;demi
керете;crete
термить;termit
кёттлер;kettler
иноватион;innovation
уимблдон;wimbledon
пелатос;pilates
пилатэсса;pilates
деймикса;demix
ддемикс;demix
спартаке;spartak
меркуриул;mercurial
демид;temit
теримт;termit
термид;termit
бауерр;bauer
милетари;military
дисковери;discovery
демио;demi
филда;field
стерны;stern
суппорту;support
иабор;ibr
ббокса;box
бобалат;babolat
скэтч;sketch
мейзуно;mizuno
капра;capra
патрул;patrol
меркуриаль;mercurial
соломн;salomon
антифаг;antifog
дймакс;demix
нютон;newton
карис;karis
альпенистик;alpinistik
монреал;monreal
эргон;argon
теемпо;tiempo
тьемпо;tiempo
ордемы;ordem
оверлок;overlook
хупервенуум;hypervenom
мадчусы;madshus
труора;truora
мегиста;magista
термет;termit
сэлли;cell
роттофелла;rottefella
лотти;lotty
пилаьтеса;pilates
футзало;futsal
трэйнинг;training
ббокс;bax
грозз;grozz
саваж;savage
мультон;molten
клиссад;glissade
мадчюс;madshus
глюссад;glissade
аутвентури;outventure
трэшир;trasher
демикса;demix
армандо;armando
анурек;anorak
боксерыы;boxer
наики;nike
зайнер;ziener
россигнел;rossignol
велке;volk
атлетеко;atletico
трмит;termit
мольтон;molten
мезуни;mizuno
мекасса;mikasa
ттермит;termit
баксе;bax
пилетеса;pilates
маестра;maestra
тотонка;tatonka
микасс;mikasa
бровата;bravata
вельке;volk
техникс;denix
платеса;pilates
оутвентере;outventure
марела;mirella
ммкаса;mikasa
вариоус;varius
торнеое;torneo
одвентуре;outventure
зиенер;ziener
постон;boston
демиксэ;demix
клинчь;clinch
тесса;tisa
еисбар;eisbaer
вольк;volk
бостн;boston
панне;penny
россес;roces
глассад;glissade
демиакс;demix
домиос;domyos
супермэн;superman
аутвентюр;outventure
софтшил;softshell
бертн;burton
аренаа;arena
ныйки;niki
крузано;cruzano
отвентюра;outventure
тремит;termit
вансс;vans
кипст;kipsta
таигер;tiger
сноукросс;snowcross
адвентури;adventure
форуард;forward
россиньоль;rossignol
соломона;salomon
деймкс;demix
фиширы;fisher
сиенер;ziener
бартон;burton
дайкин;dakine
глессад;glissade
леодар;leader
саппорты;support
зениит;zenit
аннапурна;annapurna
стрэтч;stretch
зенер;ziener
ластт;last
марвэл;marvel
дмэкс;demix
рокки;rocky
хпенни;penny
гардамоде;gardamode
тээмбо;tiempo
темпох;tiempo
адели;adele
футзалл;futsal
вёлке;volk
повод;pivot
тимберлейки;timberlake
нейке;nike
медшус;madshus
ротафелла;rottefella
бобби;bobby
микаси;mikasa
филды;fold
матшус;madshus
эйсбар;eisbaer
танжун;tanjun
росинол;rossignol
ёнекс;yonex
глисса;gloss
перки;parka
дайнезе;dainese
баауэр;bauer
бравота;bravata
бровота;bravata
саломона;salomon
маркуриал;mercurial
термите;termit
бюокса;box
кьники;nike
индур;indoor
страик;strike
софтшель;softshell
оверласт;everlast
карэтэ;crete
рукко;rukka
россиньел;rossignol
глиссадд;glissade
глусаде;glissade
бёрдон;burton
баеер;bauer
носаъ;nis
трилиум;trillium
компри;compr
волке;volk
россиньол;rossignol
сенсо;sns
мэдшус;madshus
фишара;fisher
торрнео;torneo
салаамон;salomon
фичер;fisher
тиемпокс;tiempox
кампингаз;campingaz
филлис;falls
меверик;maverick
стрен;stern
геонат;geonaute
кортэз;cortez
сламон;salomon
теслин;teslin
кетлео;kettle
стипп;steppe
салто;salto
тармак;tarmak
велок;volk
арон боди;iron body
грин хилл;green hill
ролл фитнеса;royal fitness
грен хил;green hill
грен хилл;green hill
грин хил;green hill
нова тур;nova tour
рол фитнеса;royal fitness
нью эра;new era
суки ко;ski go
смарт баланс;smart balance
спорт фитнес;spirit fitness
триумф норд;triumph nord
ролл фиттнеса;royal fitness
ред фокс;red fox
ново тур;nova tour
ролл фитнесса;royal fitness
грин холл;green hill
лапы спорт;lp support
старт ап;start up
стар трек;star trac
пни бренд;no brand
стрит серфинг;street surfing
мыть рук;mad rock
роль фитнеса;royal fitness
на бренд;no brand
на бренды;no brand
анти фон;and fun
гренн хилл;green hill
под стопу;pit stop
смарт бол;smart pool
рол фитнес;royal fitness
пота стоп;pit stop
эва фитнеса;evo fitness
бинты спорта;bondy sport
могу спорта;mogo sport
пульса фитнеса;pulse fitness
бинты спорота;bondy sport
ск ки;ski go
пик перформанс;peak performance
из рога;ice rock
боди солид;body solid
ката ие;cat eye
греен хил;green hill
по фитносу;bh fitness
по фитнесу;bh fitness
на лук;neya llc
санта круз;santa cruz
блек деймонд;black diamond
стрит сёрфинг;street surfing
рол фитнесса;royal fitness
спорт фитнеса;spirit fitness
карбон фитнес;carbon fitness
старт уп;start up
смрд бол;smart pool
нью ера;new era
мега спорт;mogo sport
смарт болл;smart pool
ски гоу;ski go
на аро;new era
боди скульптур;body sculpture
пит стоп;pit stop
ирон боди;iron body
санто круз;santa cruz
бинты спорт;bondy sport
по фитнеса;bh fitness
на лгу;neya llc
не бренд;no brand
гриин хил;green hill
зисо зао;ziso zao
баболат вес;babolat vs
грэн хил;green hill
ролл фитнес;royal fitness
из рук;ice rock
под стопы;pit stop
гренн хил;green hill
аб кастер;ab coaster
смарт боль;smart pool
гринн хилл;green hill
греен хилл;green hill
эфе сауны;eva sun
гринн хил;green hill
спорт фитнесса;spirit fitness
нова тоур;nova tour
авеx;avex
кхе;khe
сивера;sivera
дистрибоу;distribou
моратти;moratti
нет;net
торговыи;torgovyi
цресси;cressi
стартлине;startline
афа;afa
ибаланце;ibalance
моунтфиелд;mountfield
демиx;demix
роцес;roces
x-соцкс;x-socks
таке;take
гемини;gemini
црафт;craft
хеад;head
аццесс;access
феррино;ferrino
виполе;vipole
дивисион;division
моото чампион;mooto champion
йоыор;joyor
ерговита;ergovita
даытона;daytona
нпо;npo
громе;grome
маxисцоо;maxiscoo
wаыфлеx;wayflex
пулсе;pulse
вицфун;vicfun
легендгым;legendgym
ропефлеx;ropeflex
инмотион;inmotion
сцулптуре;sculpture
роалд;roald
тоталбоx;totalbox
наномаx;nanomax
тилт;tilt
еурофит;eurofit
херцулес;hercules
баффин;baffin
уллис;ullis
x-биониц;x-bionic
азимут;azimut
алеx;alex
ски;ski
завод игрового;zavod igrovogo
конг;kong
теx;tex
склз;sklz
луxол;luxol
фяллравен;fjallraven
ховербот;hoverbot
йохнсон;johnson
к2;k2
салмо;salmo
wеидер;weider
инву;invu
брунтон;brunton
мб;mb
сервице;service
аце;ace
дустерс;dusters
миронфит;mironfit
соле;sole
униx;unix
нордwаы;nordway
ковеа;kovea
велоциферо;velocifero
бланц;blanc
ы&т;y&t
бонды;bondy
тхерм-а-рест;therm-a-rest
полыгроуп;polygroup
натион;nation
реалстицк;realstick
интенза;intenza
мидзуми;midzumi
бацкцоунтры;backcountry
лосракетос;losraketos
wнq;wnq
цлосе йоинт-стоцк;close joint-stock
стоп;stop
елите;elite
стреет;street
арамитх;aramith
з-уп;z-up
юнгле;jungle
пит;pit
фрост;frost
лоwе;lowe
реацтион;reaction
инесис;inesis
фреемотион;freemotion
хаппы;happy
манкофф;mankoff
анатомицо;anatomico
кугоо;kugoo
моретан;moretan
суунто;suunto
грангерс;grangers
туба-дуба;tuba-duba
бЬтwин;b'twin
лифеспан;lifespan
робенс;robens
плате;plate
инеx;inex
ип копицов;ip kopitsov
лорпен;lorpen
дпс;dps
армада;armada
моото;mooto
орокс;oroks
динамо;dinamo
еидер;eider
монт;mont
самокхи;samokhi
гуы;guy
царwалк;carwalk
мср;msr
одло;odlo
пенны;penny
цресси-суб;cressi-sub
баx;bax
упс;ups
цардиопоwер;cardiopower
сноw;snow
вс;vs
америцан мотион;american motion
про-тец;pro-tec
баилих;bailih
цыцлотеч;cyclotech
кхан;khan
тернуа;ternua
спортелит;sportelit
прице-леадер;price-leader
аирwоол;airwool
ицепеак;icepeak
оптимус;optimus
мовемент;movement
насон;nason
берг;berg
трацк;track
цеп;cep
ханг;hang
шоес;shoes
спортоп;sportop
аммиты;ammity
цирцле;circle
доохан;doohan
сwиx;swix
алеxика;alexika
хамаx;hamax
гыроx;gyrox
миллет;millet
пацктоwл;packtowl
панатта;panatta
хуман;human
wилсон;wilson
изе;ize
индустриал;industrial
неыа;neya
заг;zag
мад;mad
спидертеч;spidertech
мого;mogo
йосс;joss
wаллбарз;wallbarz
кедр;kedr
е-тwоw;e-twow
яцксон;jackson
е-цасе;e-case
раб;rab
блацк;black
салеwа;salewa
протраин;protrain
клеефер;kleefer
йетбоил;jetboil
мармот;marmot
корри;korri
суфиx;sufix
лифегеар;lifegear
юлбо;julbo
круконоги;krukonogi
проски;proski
лето;leto
гелеx;gelex
еxотица;exotica
гыроор;gyroor
wолы;woly
каленйи;kalenji
цлифф;cliff
моове;moove
субеа;subea
рапала;rapala
супериорплаысыстемс;superiorplaysystems
приде;pride
трац;trac
веда;veda
суперwеигх;superweigh
тоурист;tourist
в-мотион;v-motion
елтрецо;eltreco
ендуранце;endurance
нормал;normal
зисо;ziso
траинер;trainer
граф;graf
инспире;inspire
галафит;galafit
течнисуб;technisub
хоист;hoist
пацсафе;pacsafe
хаwк;hawk
блоцк;block
дониц;donic
ните;nite
новатоур;novatour
оЬнеилл;o'neill
самбит;sambit
санта;santa
иронмастер;ironmaster
профигым;profigym
фунтомаск;funtomask
комперделл;komperdell
метолиус;metolius
солоwаве;solowave
проxима;proxima
аирwхеел;airwheel
йома;joma
америцан;american
оптицал;optical
центурион;centurion
вплаб;vplab
сеаллине;sealline
тхуле;thule
евоц;evoc
кеен;keen
пêчеур;pêcheur
русс;russ
моове анд;moove and
счwинн;schwinn
нормарк;normark
чили;chili
цолеман;coleman
завод;zavod
вицторыфит;victoryfit
зао;zao
свенссон боды;svensson body
ванс;vans
ыошионыx;yoshionyx
блендер;blender
кампфер;kampfer
еффорт;effort
цо;co
бца;bca
счwалбе;schwalbe
смитх;smith
итиwит;itiwit
скс;sks
йобстицк;jobstick
марцы;marcy
турис;turis
wедЬзе;wed'ze
дынафит;dynafit
мункеес;munkees
оуцхоцк;outshock
ип копицов сергеы;ip kopitsov sergey
парамоунт;paramount
терн;tern
цаперлан;caperlan
еделрид;edelrid
лацы;lacy
топеак;topeak
ру воллеыбалл;ru volleyball
дфц;dfc
лию;liju
сперры;sperry
дами;dami
хоусефит;housefit
рзр;rzr
бодытоне;bodytone
гымстицк;gymstick
реыес;reyes
лп;lp
геологиц;geologic
игрового;igrovogo
счоффел;schoffel
цоастер;coaster
енерплеx;enerplex
qуечуа;quechua
фирст;first
беал;beal
халтен;halten
исг;isg
тхиртытwо;thirtytwo
проформ;proform
аллвега;allvega
хардман;hardman
арва;arva
лауфстеин;laufstein
платыпус;platypus
копицов;kopitsov
аб;ab
имаге;image
боттле;bottle
в;v
нутритион;nutrition
дунлоп;dunlop
шкура;shkura
ип трубина;ip trubina
цамп;camp
роцкридер;rockrider
иновик;inovik
ентрепренеур;entrepreneur
тобе;tobe
цоты беауты;coty beauty
о3;o3
цебе;cebe
орао;orao
уп;up
царбон;carbon
ел-спорт;el-sport
дисq;disq
сурфинг;surfing
цлинч;clinch
нуо;nuo
сото;soto
харроwс;harrows
сергеы;sergey
сл;sl
зива;ziva
цорниллеау;cornilleau
трамполине;trampoline
гиро;giro
бца бацкцоунтры;bca backcountry
цамелбак;camelbak
мx;mx
слазенгер;slazenger
ллц корри;llc korri
нз;nz
буттонс;buttons
алпззоне;alpzzone
спортива;sportiva
нике;nike
баск;bask
спорцарт;sportsart
елвис;elvis
свенссон;svensson
аторка;atorka
боды;body
xтерра;xterra
воллеыбалл;volleyball
специал;special
нортх;north
тева;teva
фредды;freddy
раы;ray
пкф усадба;pkf usadba
оутдоор;outdoor
биллард;billard
ру;ru
инотец;inotec
сламм;slamm
алпина-еыеwеар;alpina-eyewear
хардwеар;hardwear
лерадо;lerado
с;s
гарегин;garegin
град;grad
ццм;ccm
цасада;casada
неwфеел;newfeel
апплегате;applegate
прецор;precor
сунрисе;sunrise
диамонд;diamond
роxы;roxy
ескхата;eskhata
еастон;easton
йоинт-стоцк;joint-stock
греенхермит;greenhermit
фулл;full
туффстуфф;tuffstuff
оцтане;octane
2;2
кооллацес;koollaces
олаиан;olaian
поwеруп;powerup
сеатосуммит;seatosummit
арцтерыx;arcteryx
старфит;starfit
шуа;shua
монтбелл;montbell
торговыи дом;torgovyi dom
и-юмп;i-jump
енергон;energon
меиндл;meindl
такасима;takasima
цампингаз;campingaz
беиерсдоорф;beiersdoorf
еxпед;exped
спхере;sphere
тапе;tape
хорзе;horze
медица;medica
лонгони;longoni
берганс;bergans
евернеw;evernew
киwано;kiwano
сунфлеx;sunflex
зиппо;zippo
мир;mir
атомиц;atomic
wоол;wool
оффлоад;offload
цоты;coty
еxxтасы;exxtasy
йет;jet
тендон;tendon
арцтица;arctica
рестпро;restpro
ип;ip
лоцкяw;lockjaw
россискаыа;rossiskaya
хоп;hop
еqуипемент;equipement
бестwаы;bestway
qнт;qnt
поwертравеллер;powertraveller
ортовоx;ortovox
йw;jw
дом;dom
туса;tusa
тецница;tecnica
еделwеисс;edelweiss
тwинс;twins
харпер;harper
холменкол;holmenkol
фортеx;fortex
тиса;tisa
броокс-ранге;brooks-range
скыбоард;skyboard
гофит;gofit
симонд;simond
аптониа;aptonia
ыоустеел;yousteel
ус;us
цлето;cleto
мотус;motus
оспреы;osprey
x-тренд;x-trend
ецодрифт;ecodrift
смобы;smoby
флеx;flex
енергетицс;energetics
поwертец;powertec
наутилус;nautilus
помоца;pomoca
примус;primus
сарган;sargan
фореман;foreman
кинеxиб;kinexib
ника;nika
хумминбирд;humminbird
ортлиеб;ortlieb
кофлач;koflach
перформанце;performance
хамптон;hampton
цассин;cassin
цыбеx;cybex
севылор;sevylor
ассаулт;assault
сингинг;singing
тхермацелл;thermacell
цл;tsl
даинесе;dainese
форцлаз;forclaz
дынамиц;dynamic
атеми риболовниы;atemi ribolovniy
пкф;pkf
дакине;dakine
боwфлеx;bowflex
еастон моунтаин;easton mountain
гилберт;gilbert
беауты;beauty
баланце;balance
скыфит;skyfit
бх;bh
усадба;usadba
суппорт;support
татверк;tatverk
инфинити;infiniti
гардамодеспорт;gardamodesport
транго;trango
абс;abs
гре;gre
тхе нортх;the north
фунтек;funtek
ллц;llc
роцк;rock
доломите;dolomite
играград;igragrad
биолите;biolite
продуцц;products
патагониа;patagonia
л.а;l.a
сwоллен;swollen
децатхлон;decathlon
цоцоон;cocoon
онерун;onerun
фрит;frit
ижимио;izhimio
антхрон;anthron
риболовниы;ribolovniy
цруз;cruz
сцарпа;scarpa
ево;evo
риболов;ribolov
озоне;ozone
еисбаер;eisbaer
йохнс;johns
набаийи;nabaiji
деутер;deuter
хока;hoka
аqуалунг;aqualung
ева;eva
глобол;globol
ыартон;yarton
бергхаус;berghaus
инов-8;inov-8
скис;skis
хасттингс;hasttings
йобе;jobe
ленз;lenz
центуры;century
фишка;fishka
чалленгер;challenger
ыонеx;yonex
цонтоур;contour
wмотион;wmotion
ред;red
цолл;coll
петзл;petzl
даыу;dayu
фитнесс еqуипемент;fitness equipement
импулсе;impulse
миллымаллы;millymally
трубина;trubina
wатерровер;waterrover
оxыген;oxygen
реусч;reusch
оxело;oxelo
огио;ogio
крок;krok
стренгтх;strength
фит.тоолс;fit.tools
нордицтрацк;nordictrack
кингсонг;kingsong
анд;and
цразыстуфф;crazystuff
мицо;mico
десценте;descente
монтура;montura
тхерм-иц;therm-ic
каабо;kaabo
оптифит;optifit
ицеwхеел;icewheel
фишбаит;fishbait
хоризон;horizon
трибе;tribe
дфит;dfit
еxйе;exje
фиxе;fixe
амудсен;amudsen
норрона;norrona
слытеч;slytech
даытон;dayton
минимоторс;minimotors
пхениx;phenix
асоло;asolo
но;no
цоунтры;country
ыамагучи;yamaguchi
нессфитwорлд;nessfitworld
роцктапе;rocktape
дхз;dhz
г3;g3
труе;true
пx-спорт;px-sport
спирит;spirit
ефси;efsi
фитеx;fitex
фаце;face
замберлан;zamberlan
дегрее;degree
еые;eye
ресеарч;research
тыролиа;tyrolia
спраы;spray
пиепс;pieps
аерофит;aerofit
еволв;evolv
мадгуы;madguy
абус;abus
нинебот;ninebot
оаклеы;oakley
фоуганза;fouganza
чинг-чинг;ching-ching
увеx;uvex
домыос;domyos
хипер;hiper
ханwаг;hanwag
аирхоле;airhole
цлосе;close
г-плате;g-plate
палплаы;palplay
домсен;domsen
трx;trx
сологнац;solognac
wдx;wdx
дц;dc
копицов сергеы;kopitsov sergey
4фун;4fun
геонауте;geonaute
бонтрагер;bontrager
профифит;profifit
гривел;grivel
цлеар;clear
заxбоард;zaxboard
фире-мапле;fire-maple
цуетец;cuetec
