насоматто;nasomatto;True
ла прайрие;la prairie;True
ла праирие;la prairie;True
комм дес гарконс;comme des garcons;True
комме дес гарконс;comme des garcons;True
баси;basi;True
оргейникс;organics;True
органикс;organics;True
эсс стрикес зе;esse strikes the;True
эссе стрикес те;esse strikes the;True
бородист;borodist;True
жеанн пиауберт;jeanne piaubert;True
йеанне пиауберт;jeanne piaubert;True
ви канто;v canto;True
в канто;v canto;True
грейл;greyl;True
греил;greyl;True
фор эвер;for ever;True
джиардино;giardino;True
гиардино;giardino;True
новексперт;novexpert;True
новехперт;novexpert;True
эстетик;esthetic;True
кристиано;cristiano;True
солли эс;sally s;True
салли с;sally s;True
фас;fath;True
фат;fath;True
ми дерма;mi derma;True
магиали;maghiali;True
магхиали;maghiali;True
зе мерчант;the merchant;True
те мерчант;the merchant;True
солли’с бокс;sally’s box;True
салли’с бох;sally’s box;True
тизиана терензи;tiziana terenzi;True
старк;starck;True
клайв;clive;True
кливе;clive;True
смашбокс;smashbox;True
смашбох;smashbox;True
вельтон;welton;True
велтон;welton;True
гарконс;garcons;True
мейвейла свитзерланд;mavala switzerland;True
мавала свитзерланд;mavala switzerland;True
маори;maori;True
конопкас;konopka's;True
эли;elie;True
элие;elie;True
кавалли;cavalli;True
тоус;tous;True
ортиа;orthia;True
мацушима;matsushima;True
матсушима;matsushima;True
эссие;essie;True
аткинсонс;atkinsons;True
жакквес фат;jacques fath;True
йакквес фат;jacques fath;True
никс профешнал мейк ап;nyx professional make up;True
них профессионал маке уп;nyx professional make up;True
тизиана;tiziana;True
диор бакштаге;dior backstage;True
диор бакстаге;dior backstage;True
ноникейр;nonicare;True
нонисаре;nonicare;True
бейу;beyu;True
беиу;beyu;True
нейл лук;nail look;True
наил лоок;nail look;True
орто париси;orto parisi;True
декей;decay;True
десай;decay;True
эвиденс;evidens;True
эва мозаик;eva mosaic;True
эва мосаик;eva mosaic;True
мкквеен;mcqueen;True
профешнал мейк;professional make;True
профессионал маке;professional make;True
джиардино бенессере;giardino benessere;True
гиардино бенессере;giardino benessere;True
делейкоурт;delacourte;True
деласоурте;delacourte;True
эль орил профешннел;l oreal professionnel;True
л ореал профессионнел;l oreal professionnel;True
масаки мацушима;masaki matsushima;True
масаки матсушима;masaki matsushima;True
грен мама;green mama;True
греен мама;green mama;True
орил профешннел;oreal professionnel;True
ореал профессионнел;oreal professionnel;True
эксселланс москов;excellance moscow;True
эхкелланке москов;excellance moscow;True
гламглов;glamglow;True
эстел лейборейтори;estel laboratory;True
эстел лаборатори;estel laboratory;True
силвейн;sylvaine;True
силваине;sylvaine;True
демидофф;demidoff;True
парма;parma;True
чарлес ворзингтон;charles worthington;True
чарлес вортингтон;charles worthington;True
зе айсланд;the iceland;True
те иселанд;the iceland;True
бобби;bobbi;True
номенклачер;nomenclature;True
номенклатуре;nomenclature;True
никс профешнал;nyx professional;True
них профессионал;nyx professional;True
тони&гуи;toni&guy;True
тони&гуй;toni&guy;True
хаушка;hauschka;True
рейбанн;rabanne;True
рабанне;rabanne;True
эвиденс де бьют;evidens de beaute;True
эвиденс де беауте;evidens de beaute;True
еази спа;easy spa;True
еаси спа;easy spa;True
эва эстетик;eva esthetic;True
ди парма;di parma;True
ми стори;mi story;True
канто;canto;True
ателир кологн;atelier cologne;True
ателиер кологне;atelier cologne;True
юнитед колорс;united colors;True
унитед колорс;united colors;True
мерчант оф венайс;merchant of venice;True
мерчант оф венисе;merchant of venice;True
фреш лайн;fresh line;True
фреш лине;fresh line;True
гоурмандайз;gourmandise;True
гоурмандисе;gourmandise;True
метод жеанн пиауберт;methode jeanne piaubert;True
методе йеанне пиауберт;methode jeanne piaubert;True
менефит;manefit;True
манефит;manefit;True
эли сааб;elie saab;True
элие сааб;elie saab;True
л’орил профешннел;l’oreal professionnel;True
л’ореал профессионнел;l’oreal professionnel;True
леонор;leonor;True
мерчант оф;merchant of;True
фредерик молл;frederic malle;True
фредерик малле;frederic malle;True
профусен;profusion;True
профусион;profusion;True
ориджинс;origins;True
оригинс;origins;True
зе мерчант оф;the merchant of;True
те мерчант оф;the merchant of;True
изейби;isabey;True
исабей;isabey;True
жейджун;jayjun;True
йаийун;jayjun;True
лоурент исл;laurent ysl;True
лаурент исл;laurent ysl;True
др. конопкас;dr. konopka's;True
мияк;miyake;True
мияке;miyake;True
ли стаффорд;lee stafford;True
лее стаффорд;lee stafford;True
акква ди;acqua di;True
антонио крос;antonio croce;True
антонио кросе;antonio croce;True
прэйри;prairie;True
праирие;prairie;True
рубинштейн;rubinstein;True
рубинстеин;rubinstein;True
силвейн делейкоурт;sylvaine delacourte;True
силваине деласоурте;sylvaine delacourte;True
адидас ориджинал;adidas original;True
адидас оригинал;adidas original;True
шлессер;schlesser;True
бакштаге;backstage;True
бакстаге;backstage;True
вельтон лондон;welton london;True
велтон лондон;welton london;True
эс бокс;s box;True
с бох;s box;True
ворзингтон;worthington;True
вортингтон;worthington;True
эсс стрикес зе нотес;esse strikes the notes;True
эссе стрикес те нотес;esse strikes the notes;True
солли эс бокс;sally s box;True
салли с бох;sally s box;True
боттега;bottega;True
юнитед колорс оф;united colors of;True
унитед колорс оф;united colors of;True
комм дес;comme des;True
комме дес;comme des;True
сааб;saab;True
стаффорд;stafford;True
масаки;masaki;True
кутрин;cutrin;True
колорс оф бенеттон;colors of benetton;True
оф венайс;of venice;True
оф венисе;of venice;True
шт.мориц;st.moriz;True
ст.мориз;st.moriz;True
ап фор эвер;up for ever;True
уп фор эвер;up for ever;True
ми мори;mi mori;True
л’акшен;l’action;True
л’актион;l’action;True
лейди роз;lady rose;True
лади росе;lady rose;True
евтопи;eutopie;True
еутопие;eutopie;True
селлмен;cellmen;True
келлмен;cellmen;True
бенессере;benessere;True
адопт;adopt;True
париси;parisi;True
дес гарконс;des garcons;True
орто;orto;True
херрера;herrera;True
эсс стрикес;esse strikes;True
эссе стрикес;esse strikes;True
авейлон оргейникс;avalon organics;True
авалон органикс;avalon organics;True
роналдо;ronaldo;True
л’орил пейрис;l’oreal paris;True
л’ореал парис;l’oreal paris;True
арчитект демидофф;architect demidoff;True
никс профешнал мейк;nyx professional make;True
них профессионал маке;nyx professional make;True
авейлон;avalon;True
авалон;avalon;True
мольто бен;molto bene;True
молто бене;molto bene;True
зе нотес;the notes;True
те нотес;the notes;True
мерчант;merchant;True
молинард;molinard;True
эль акшен;l action;True
л актион;l action;True
адопт’;adopt’;True
др хаушка;dr hauschka;True
максклиник;maxclinic;True
махклиник;maxclinic;True
эрменеджилдо;ermenegildo;True
эрменегилдо;ermenegildo;True
пиауберт;piaubert;True
кологн;cologne;True
кологне;cologne;True
ивес сейнт лоурент (исл);yves saint laurent (ysl);True
ивес саинт лаурент (исл);yves saint laurent (ysl);True
стрикес зе нотес;strikes the notes;True
стрикес те нотес;strikes the notes;True
боеллис;boellis;True
альфа хомм;alpha homme;True
алфа хомме;alpha homme;True
маори коллекшен;maori collection;True
маори коллектион;maori collection;True
венета;veneta;True
файв элементс;five elements;True
фиве элементс;five elements;True
др. хаушка;dr. hauschka;True
эвиденс де;evidens de;True
сейнт лоурент исл;saint laurent ysl;True
саинт лаурент исл;saint laurent ysl;True
профешнал мейк ап;professional make up;True
профессионал маке уп;professional make up;True
медифейс;mediface;True
медифасе;mediface;True
мезод джинн;methode jeanne;True
методе йеанне;methode jeanne;True
стрикес зе;strikes the;True
стрикес те;strikes the;True
ла мер;la mer;True
свитзерланд;switzerland;True
велла профешналс;wella professionals;True
велла профессионалс;wella professionals;True
исси;issey;True
иссей;issey;True
оф бенеттон;of benetton;True
би килиан;by kilian;True
др конопкас;dr konopka's;True
