гош;gosh
скин;skin
кларинс;clarins
де маан;de man
де ман;de man
де мауни;de man
де моне;de man
дэ муан;de man
cристиано роналдо;cristiano ronaldo
кристиано роналдо;cristiano ronaldo
лиу джо;liu jo
лиу йо;liu jo
лиу жо;liu jo
индола;indola
кисс;kiss
провост;provost
каудали;caudalie
каудалие;caudalie
цаудалие;caudalie
коудейли;caudalie
пьюр;pure
пуре;pure
пур;pure
лакме;lakme
лакм;lakme
хелена;helena
элена;helena
пако;paco
адидас;adidas
доубле;double
дабл;double
дубль;double
свисс смайл;swiss smile
лумене;lumene
люмен;lumene
арман;armand
арманд;armand
томми;tommy
пари;paris
парис;paris
пэрис;paris
пейрис;paris
мах фаcтор;max factor
макс фактор;max factor
мах фактор;max factor
кинетикс;kinetics
вальмонт;valmont
мэзон;maison
мезон;maison
маисон;maison
мейсон;maison
монтале;montale
ланвин;lanvin
ив сен лоран;yves saint laurent
ив сен лорен;yves saint laurent
бьюти бар;beauty bar
беаути бар;beauty bar
дабл дэр;double dare
доубле даре;double dare
фреш;fresh
боттега венета;bottega veneta
прада;prada
фриеда;frieda
фрида;frieda
кроче;croce
ангел;angel
энджел;angel
анхель;angel
анджел;angel
эйнлжел;angel
тина;teana
теана;teana
геомар;geomar
эскейда;escada
эскада;escada
браун;brown
бровн;brown
лутенс;lutens
лютенс;lutens
эссе;esse
ессе;esse
эсэ;esse
талго;thalgo
тхалго;thalgo
стикс;styx
эстел;estel
эстель;estel
cачарел;cacharel
качейрел;cacharel
кашарель;cacharel
ап фор;up for
уп фор;up for
маргела;margiela
леонор грейл;leonor greyl
лаудер;lauder
лодер;lauder
беаутифул;beautiful
бьютифул;beautiful
ланкастер;lancaster
ланcастер;lancaster
вивиенн;vivienne
вивиенне;vivienne
вивьен;vivienne
вивинн;vivienne
александр;alexander
александер;alexander
алехандер;alexander
ноуба;nouba
нуба;nouba
юрбан;urban
урбан;urban
салли;sally
солли;sally
антонио;antonio
джорджио;giorgio
гиоргио;giorgio
джиорджио;giorgio
дольче;dolce
долс;dolce
долке;dolce
дольк;dolce
херджофф;xerjoff
ксерджофф;xerjoff
лондон;london
бандерас;banderas
беаутифул минд;beautiful mind
бьютифул майнд;beautiful mind
нивеа;nivea
де бьют;de beaute
де беауте;de beaute
калвин;calvin
кельвин;calvin
кальвин;calvin
марк джейкобс;marc jacobs
марc йаcобс;marc jacobs
марк якобс;marc jacobs
риччи;ricci
рикки;ricci
диптикве;diptyque
диптик;diptyque
бруно;bruno
колорс;colors
cолорс;colors
хомме;homme
хомм;homme
селкосмет;cellcosmet
йорк;york
уорк;york
ыорк;york
альпха;alpha
альфа;alpha
алфа;alpha
секси хэйр;sexy hair
сехи хаир;sexy hair
керастасе;kerastase
керастейз;kerastase
ангел шлессер;angel schlesser
соспиро;sospiro
бурдин;burdin
масадамиа;macadamia
макадамиа;macadamia
юнайтед калорс оф бенеттон;united colors of benetton
юнайтед колорс оф бенеттон;united colors of benetton
юнитед колорс оф бенеттон;united colors of benetton
зе мерчант оф венис;the merchant of venice
элементс;elements
банани;banani
хэйр;hair
хаир;hair
хейр;hair
колорама;colorama
клив кристиан;clive christian
нина риччи;nina ricci
нина риccи;nina ricci
элена рубинштей;helena rubinstein
мейдес косметикс;mades cosmetics
мадес косметикс;mades cosmetics
джиорджио армейни;giorgio armani
гиоргио армани;giorgio armani
джорджо армани;giorgio armani
джорджио армани;giorgio armani
мама;mama
исадора;isadora
изейдора;isadora
викторинокс;victorinox
виcторинох;victorinox
джон фрида;john frieda
йохн фриеда;john frieda
сен лоран;saint laurent
сен лорен;saint laurent
саинт лаурент;saint laurent
саинт лоурент;saint laurent
планета;planeta
даре;dare
дэре;dare
дейр;dare
браккиалини;braccialini
брассиалини;braccialini
браччиалини;braccialini
эксцентрик молекула;escentric molecules
миссони;missoni
арманд бейзи;armand basi
арманд баси;armand basi
шайк;shaik
мошино;moschino
москино;moschino
дезигуал;desigual
дезигуаль;desigual
джакквес;jacques
урбан дикей;urban decay
ком;comme
иcеберг;iceberg
айсберг;iceberg
данте;dante
дант;dante
нотес;notes
серж лютен;serge lutens
хилфигер;hilfiger
актион;action
акшен;action
экшн;action
аcтион;action
мэйк ап фор эвер;make up for ever
джилет;gillette
жилет;gillette
джилетт;gillette
джиллетт;gillette
жиллет;gillette
гиллетте;gillette
гиллетт;gillette
джиллетте;gillette
нина;nina
алайя;alaia
версаcе;versace
версейс;versace
версаче;versace
марк;marc
феррари;ferrari
форд;ford
форт;ford
дкни;dkny
ди кей эн уай;dkny
дкну;dkny
редкен;redken
органица;organica
органика;organica
органиса;organica
малоне;malone
мейлон;malone
эстее;estee
эсте;estee
нарцисо родригес;narciso rodriguez
пейот;payot
паиот;payot
мейк ап;make up
маке уп;make up
орли;orly
томми хилфигер;tommy hilfiger
томми хилфиджер;tommy hilfiger
эль орил;l oreal
л ореал;l oreal
гьюсс;guess
гуесс;guess
гесс;guess
лаборатори;laboratory
лейборейтори;laboratory
грин;green
грен;green
греен;green
гриин;green
бенеттон;benetton
флор де;flor de
флор ди;flor de
лаурент;laurent
лоран;laurent
лорен;laurent
лоурент;laurent
наил;nail
нейл;nail
орил;oreal
ореал;oreal
коллекшн;collection
коллексьон;collection
коллектион;collection
коллекшен;collection
цоллецтион;collection
cоллеcтион;collection
нарчизо;narciso
роберто кавалли;roberto cavalli
роберто cавалли;roberto cavalli
бейтист;batiste
батисте;batiste
батист;batiste
родригес;rodriguez
родригуез;rodriguez
родригьюз;rodriguez
лайн;line
лине;line
лин;line
джанеке;janeke
ханеке;janeke
янеке;janeke
сисли;sisley
сислей;sisley
лонда профессиональ;londa professional
лонда профессионал;londa professional
роберто;roberto
ивес;yves
мекскс;mexx
мехх;mexx
мекс;mexx
мавала;mavala
реплей;replay
реплэй;replay
риплэй;replay
шарль;charles
чарлес;charles
чарльз;charles
шарлес;charles
биоре;biore
biora;biore
биора;biore
биор;biore
флор;flor
молеcулес;molecules
молекулес;molecules
риммел;rimmel
хуго;hugo
хьюго;hugo
фриенвита;frienvita
фринвита;frienvita
боурджоис;bourjois
боурйоис;bourjois
сиберика;siberica
сибирика;siberica
сайберика;siberica
сибериса;siberica
хаск;hask
холика;holika
пупа;pupa
сен;saint
сэн;saint
сент;saint
сэнт;saint
саинт;saint
веледа;weleda
матриx;matrix
матрикс;matrix
матрих;matrix
планета органик;planeta organica
планета органика;planeta organica
планета органиса;planeta organica
терензи;terenzi
профессионалс;professionals
профешналс;professionals
килиан;kilian
мейк ап фор;make up for
маке уп фор;make up for
эскентриc;escentric
эссентрик;escentric
деклейр;declare
декларе;declare
сеттуа;cettua
кеттуа;cettua
мосаиc;mosaic
мосаик;mosaic
мозейк;mosaic
акуа;acqua
аскуа;acqua
ацква;acqua
сериес;series
серис;series
сириез;series
сириес;series
сериез;series
серьес;series
вен;when
вхен;when
каролина;carolina
поличе;police
полисе;police
полайс;police
полис;police
полиcе;police
ореал парис;oreal paris
орил пейрис;oreal paris
гивенчи;givenchy
дживенчи;givenchy
дживанши;givenchy
живанши;givenchy
др йарт;dr.jart
др джарт;dr.jart
др.джарт;dr.jart
др ярт;dr.jart
доктор ярт;dr.jart
сабо;sabo
джо малоне;jo malone
йо малоне;jo malone
леди;lady
лади;lady
лейди;lady
муглер;mugler
дольче & габбана;dolce & gabbana
долче энд габбана;dolce & gabbana
долс энд габбейна;dolce & gabbana
долcе энд габбана;dolce & gabbana
флор де ман;flor de man
калвин клеин;calvin klein
cалвин клеин;calvin klein
калвин клейн;calvin klein
кельвин кляйн;calvin klein
кельвил кляйн;calvin klein
бьюти;beauty
беаути;beauty
беоути;beauty
боти;beauty
экселанс;excellance
габбана;gabbana
байредо;byredo
юнайтед;united
юнитед;united
унитед;united
лаcосте;lacoste
лакост;lacoste
аква ди парма;acqua di parma
хермес;hermes
гермес;hermes
эрме;hermes
херм;hermes
эрмес;hermes
натура;natura
нейтура;natura
бобби браун;bobbi brown
иссей мияке;issey miyake
исси мияк;issey miyake
джинн;jeanne
йеанне;jeanne
ажмал;ajmal
росе;rose
роз;rose
роза;rose
розе;rose
роуз;rose
рош;rose
гарньер;garnier
гарнир;garnier
гарниер;garnier
кензо;kenzo
свисс лайн;swiss line
дорко;dorco
селкосмет & селмен;cellcosmet & cellmen
карвен;carven
гуерлаин;guerlain
гьюрлаин;guerlain
герлен;guerlain
лаб сериес;lab series
майсон маргела;maison margiela
александер макквин;alexander mcqueen
александр маккуин;alexander mcqueen
алехандер мcквен;alexander mcqueen
александер мкквеен;alexander mcqueen
александер мквин;alexander mcqueen
виктор&рольф;viktor&rolf
шварцкопф профессионал;schwarzkopf professional
шварзкопф профессионал;schwarzkopf professional
шварзкопф профешионал;schwarzkopf professional
фиве;five
фив;five
файв;five
эфайвии;five
ит эс;it s
ит с;it s
пов пов;paw paw
пав пав;paw paw
маибеллине нев йорк;maybelline new york
мейбеллайн нью йорк;maybelline new york
лимони;limoni
серге;serge
серж;serge
сердж;serge
лоок;look
лук;look
ит’с скин;it’s skin
эс скин;s skin
с скин;s skin
амуаж;amouage
хуго босс;hugo boss
хьюго босс;hugo boss
рексона;rexona
рехона;rexona
иcеланд;iceland
айсланд;iceland
иселанд;iceland
дерма;derma
дирма;derma
эгоманиа;egomania
кристиан;christian
чристиан;christian
история;story
стори;story
шакира;shakira
шейкира;shakira
черрути;cerruti
cеррути;cerruti
серутти;cerruti
нью йорк;new york
нев йорк;new york
валентино;valentino
вейлентино;valentino
мейдес;mades
мадес;mades
эсте лоудер;estee lauder
эсте лаудер;estee lauder
сехи;sexy
секси;sexy
ателиер;atelier
ателир;atelier
ит с скин;it s skin
ит эс скин;it s skin
эрменегильдо зенья;ermenegildo zegna
эрменеджильдо дзенья;ermenegildo zegna
армани;armani
армейни;armani
эвер;ever
блаб;b.lab
сенсай;sensai
шисейдо;shiseido
маибеллине;maybelline
мейбеллин;maybelline
мейбелин;maybelline
ивес саинт;yves saint
йвес саинт;yves saint
пуре пав;pure paw
пур пов;pure paw
диор;dior
малле;malle
холика холика;holika holika
кински;kinski
дзенья;zegna
вивиенне сабо;vivienne sabo
вивьен сабо;vivienne sabo
нести данте;nesti dante
нести дант;nesti dante
хансен;hansen
ла коллин;la colline
москоу;moscow
лонда;londa
миу миу;miu miu
котик;miu miu
гуам;guam
клейн;klein
кляйн;klein
клеин;klein
ориджинал;original
ориджинл;original
оригинал;original
орижинал;original
оригиналь;original
ориджинол;original
босс;boss
звиллинг;zwilling
зуилинг;zwilling
дарфин;darphin
велла;wella
мегрхитм;megrhythm
мегризм;megrhythm
мегритм;megrhythm
нести;nesti
пуре пав пав;pure paw paw
пур пов пов;pure paw paw
профешннел;professionnel
профессионнел;professionnel
пако рабанне;paco rabanne
маке;make
мейк;make
бене;bene
биотерм;biotherm
венис;venice
том форд;tom ford
блитхе;blithe
близ;blithe
блите;blithe
мириам кеведо;miriamquevedo
бруно банани;bruno banani
беауте;beaute
бьюте;beaute
бьют;beaute
маибеллине нев;maybelline new
мейбеллайн нью;maybelline new
фредерик;frederic
натура сиберика;natura siberica
натур сиберика;natura siberica
натур сибирика;natura siberica
натура себерика;natura siberica
натура себирика;natura siberica
натура сибирика;natura siberica
натура сибериса;natura siberica
cаролина херрера;carolina herrera
каролина херрера;carolina herrera
каролина эррера;carolina herrera
косметикс;cosmetics
цосметицс;cosmetics
свисс;swiss
сwисс;swiss
чанел;chanel
чейнел;chanel
шанель;chanel
джон;john
джохн;john
йохн;john
жохн;john
метод;methode
методе;methode
мезод;methode
смаил;smile
смиле;smile
смайл;smile
л ореал парис;l oreal paris
эль орил пейрис;l oreal paris
клиник;clinique
cлиникве;clinique
йакобс;jacobs
якобс;jacobs
джейкобс;jacobs
йасобс;jacobs
мори;mori
фаcтор;factor
фактор;factor
давидофф;davidoff
дейвидофф;davidoff
давыдофф;davidoff
минд;mind
майнд;mind
архитект;architect
арчитецт;architect
гуччи;gucci
гуccи;gucci
гучи;gucci
солли хансен;sally hansen
салли хансен;sally hansen
стрикес;strikes
молто;molto
ланcоме;lancome
ланком;lancome
еаси;easy
изи;easy
еази;easy
антонио бандерас;antonio banderas
члое;chloe
чло;chloe
хлое;chloe
профессионал;professional
профешнал;professional
кейнебо;kanebo
канебо;kanebo
лулулун;lululun
колине;colline
коллине;colline
манкера;mancera
шварзкопф;schwarzkopf
шварцкопф;schwarzkopf
3лаб;3lab
колорс оф;colors of
