raw_word;trans;
labrador;лабрадор;en
labrador;лабрейдор;en
holistic blend;холистиc бленд;en
holistic blend;холистик бленд;en
almo nature;алмо натуре;en
almo nature;алмо начур;en
edel cat;эдел cат;en
edel cat;эдел кат;en
edel cat;эдел cат;en
edel cat;эдел кат;en
cat chow;cат чов;en
cat chow;кат чов;en
pro plan;про план;en
almo nature;алмо натуре;en
almo nature;алмо начур;en
happy cat;хаппи cат;en
happy cat;хаппи кат;en
purina pro plan;пурина про план;en
clauder's;cлаудерс;en
clauder's;клоудерс;en
diets;диетс;en
diets;дитс;en
belcando;белcандо;en
belcando;белкандо;en
stronghold;стронгхолд;en
stronghold;стронголд;en
out;оут;en
out;аут;en
diet;диет;en
diet;дит;en
wobble wag;воббле ваг;en
wobble wag;воббл ваг;en
almo;алмо;en
giggle;гиггле;en
giggle;джиггл;en
wobble;воббле;en
wobble;воббл;en
bolfo;болфо;en
vet;вет;en
vitaline;виталине;en
vitaline;витейлин;en
pi-pi;пи-пи;ita
purina pro;пурина про;en
rolf club;ролф cлуб;en
rolf club;ролф клуб;en
pro plan vet;про план вет;en
earth;еарт;en
earth;ирт;en
nature's miracle;натурес мираcле;en
nature's miracle;начурс миракл;en
coodle;cодле;en
coodle;кудл;en
catzone;cатзоне;en
catzone;катзон;en
golosi;голоси;ita
rolf;ролф;en
orijen;орийен;en
orijen;ориджен;en
meradog;мерадог;en
meradog;мерейдог;en
protection;протеcтион;en
protection;протекшен;en
gigwi;гигви;en
gigwi;джигви;en
dinner;диннер;en
plan vet;план вет;en
vectra;веcтра;en
vectra;вектра;en
prestige versele;престиге верселе;en
prestige versele;престидж версел;en
wc for;вc фор;en
wc for;вк фор;en
foresto;форесто;en
royal canin vet;роял cанин вет;en
royal canin vet;роял кейнин вет;en
oops;опс;en
oops;упс;en
wahre;вахре;en
wahre;вахр;en
frutty;фрутти;en
prac-tic;праc-тиc;en
prac-tic;прак-тик;en
alders;алдерс;en
zolux;золух;fra
zolux;золюкс;fra
nerf;нерф;en
farmina;фармина;en
flyber;флибер;en
flyber;флайбер;en
mi-mi;ми-ми;ita
dr elsey;др элсей;en
dr elsey;др элси;en
canin vet;cанин вет;en
canin vet;кейнин вет;en
pussy-cat;пусси-cат;en
pussy-cat;пусси-кат;en
milbemax;милбемах;en
milbemax;милбемакс;en
leonardo;леонардо;en
wag;ваг;en
prolife;пролифе;en
prolife;пролиф;en
versele;верселе;en
versele;версел;en
elsey;элсей;en
elsey;элси;en
paws;павс;en
paws;повс;en
schesir;шесир;ger
schesir;шезир;ger
puller;пуллер;en
doglemi;доглеми;en
laga;лага;ita
sanabelle;санабелле;ita
bent;бент;en
