маска;mask
лимон;limoni
патчи;patch
спреи;spray
лореаль;loreal
телескопик;telescopic
мозаик;mosaic
каролина;carolina
тоник;tonic
пудра;poudre
молекула;molecule
крема;creme
римель;rimmel
бальзам;balsam
праймер;primer
пилинг;peeling
корректор;corrector
клиник;clinic
паста;paste
промис;promise
артдеко;artdeco
пигмент;pigment
помада;pomade
лонда;londa
банан;banana
кушон;cushion
эклат;eclat
скульптор;sculptor
антиперспирант;antiperspirant
сиберика;siberica
спонж;sponge
люмине;lumene
ангел;angel
керанов;keranove
фактор;factor
антонио;antonio
ардеко;artdeco
флюид;fluid
авеню;avenue
парфюм;parfum
миллион;million
бронзант;bronzant
помады;pomade
брови;brave
маршмеллоу;marshmallow
лорен;loren
мизон;mizon
пенка;pink
талика;talika
маски;mask
лаудер;lauder
ваниль;vanilla
кремы;creme
лоран;loren
бронзер;bronzer
спорт;sport
бенефит;benefit
лайнер;liner
экран;ecran
гоммаж;gommage
ессенс;essence
люмене;lumene
ремувер;remover
контур;contour
кабуки;kabuki
азаро;azzaro
пантин;pantene
лориаль;loreal
деодорант;deodorant
мюглер;mugler
агент;agent
шейкер;shaker
ретинол;retinol
наркотик;narcotic
лотоса;lotus
донна;donna
холика;holika
балерина;ballerine
флора;flora
блонд;blonde
коллистар;collistar
лифтинг;lifting
кератин;keratin
молекул;molecule
гурмандис;gourmandise
миракль;miracle
пигменты;pigment
лимонни;limoni
памада;pomade
адикт;addict
коллаген;collagen
риммель;rimmel
номер;number
бандерос;banderas
талассо;talasso
помад;pomade
шиммер;shimmer
тонер;toner
иллюминатор;illuminator
фруктис;fructis
филлер;filler
эрато;erato
эклад;eclat
пиллинг;peeling
редкен;redken
органик;organic
лазер;laser
премьер;premiere
колистар;collistar
ладор;lador
арнауд;arnaud
глиттер;glitter
филлеры;filler
барселона;barcelona
термо;derma
металлик;metallic
смарт;smart
прймер;primer
помпа;pump
софтнер;softener
филеры;filler
витамин;vitamin
килиан;kilian
вербена;verbena
карамель;caramel
экстраординер;extraordinaire
колориста;colorista
киллиан;kilian
боксы;box
игора;igora
серум;serum
барбери;barberry
мосаик;mosaic
бобби;bobbi
керанова;keranove
коррес;korres
филер;filler
миракл;miracle
адопт;adopt
матрикс;matrix
индола;indola
аргана;argan
кабарет;cabaret
планета;planeta
лумене;lumene
пример;primer
белые;bell
лимони;limoni
табак;tabac
стробинг;strobing
маскара;mascara
экстаз;extase
корал;coral
дессанж;dessange
лореал;loreal
арган;argan
эклет;eclat
изадора;isadora
помода;pomade
аддикт;addict
система;system
римел;rimmel
империатрис;imperatrice
смэшбокс;smashbox
риммел;rimmel
бодди;body
климат;climat
исадора;isadora
биолаж;biolage
батист;batiste
сатин;satin
барбари;barbary
оазис;oasis
парфум;parfum
молекулы;molecule
аззаро;azzaro
перла;perle
бустер;booster
инвиктус;invictus
масура;masura
люмнне;lumene
теана;teana
кинетикс;kinetics
шимер;shimmer
мансера;mancera
филигран;filigrane
тревел;travel
смешбокс;smashbox
поэма;poeme
метрополис;metropolis
инсоленс;insolence
бьютиблендер;beautyblender
гуава;guava
ателье;atelier
императрис;imperatrice
валентина;valentina
арганы;argan
смоки;smokey
ромеор;rumeur
волюм;volume
минни;mini
трэвел;travel
керастаз;kerastase
фиджи;fidji
милион;million
лимине;lumene
керке;kirke
роллер;roller
еклад;eclat
памады;pomade
ботаник;botanic
нектар;nectar
корес;korres
тсубаки;tsubaki
арнаут;arnaud
виктор;viktor
рольф;rolf
календула;calendula
иллозур;yllozure
спрее;spray
терракота;terracotta
кюшон;cushion
софтенер;softner
мейбеллине;maybelline
ревиталифт;revitalift
варьете;variete
смашбокс;smashbox
пантен;pantene
бакарат;baccarat
люминэ;lumene
лорель;loreal
колаген;collagen
волуме;volume
линер;liner
минут;minute
молекулу;molecule
перлиер;perlier
ноуба;nouba
лорэаль;loreal
деколлете;decollete
оргазм;orgasm
авенью;avenue
афинитон;affinitone
пуппа;pupa
еддикт;addict
бронзир;bronzer
редкин;redken
праимер;primer
диорскин;diorskin
арддеко;artdeco
орижинс;origins
призма;prisme
майбеллин;maybelline
эддикт;addict
лареаль;loreal
масаик;mosaic
инсоленсе;insolence
органы;argan
прфумо;profumo
миракли;miracle
ппомада;pomade
креем;cream
ультрофиалет;ultraviolet
ультрофеолет;ultraviolet
помаад;pomade
артист;artist
мисса;missha
маниа;mania
мизона;mizon
лреаль;loreal
лариаль;loreal
корлл;coral
римэль;rimmel
тоникэ;tonique
лимене;lumene
румэр;rumeur
клемат;climat
волиум;volume
ллрель;loreal
ультровиолет;ultraviolet
римелл;rimmel
лореааль;loreal
оливиа;olivia
флоработаника;florabotanica
каллистар;collistar
ллореал;loreal
эвиденсе;evidence
макарен;macaron
лориал;loreal
турнараунд;turnaround
кабарэт;cabaret
шаймер;shimmer
кремэ;creme
каберет;cabaret
балерине;ballerine
оргзм;orgasm
аалое;aloe
фллер;filler
клиниг;clinic
ллореаль;loreal
ллреаль;loreal
музон;mizon
авиню;avenue
еклет;eclat
преймер;primer
ибуку;ibuki
систем;system
филлире;filler
секунд;second
лотус;lotus
баллерина;ballerine
ккорес;korres
король;coral
селмен;cellmen
ева мозаик;eva mosaic
арманд баси;armand basi
глис кур;gliss kur
макс фактор;max factor
антонио бандерас;antonio banderas
ле петит;le petit
арманд бази;armand basi
гринн мама;green mama
бруно банани;bruno banani
грин мама;green mama
карнр барселона;carner barcelona
антонио бандерос;antonio banderas
антонио бандерес;antonio banderas
ева мосаик;eva mosaic
фредерик малле;frederic malle
ангел шлессер;angel schlesser
холика холика;holika holika
лорен косметик;loren cosmetic
бруно бонани;bruno banani
барба итальяна;barba italiana
тангл дейзер;tangle teezer
фреш лаин;fresh line
ла мер;la mer
ла мэр;la mer
тизиана терензи;tiziana terenzi
бруно банано;bruno banani
элли соаб;elie saab
скин хаус;skin house
секрет кеи;secret key
гли элементи;gli elementi
армандо баси;armand basi
боди натур;body natur
арманд басси;armand basi
майк ап;make up
антонио бондерес;antonio banderas
глисс кур;gliss kur
антогнио бондерос;antonio banderas
антонио бондерос;antonio banderas
ля мур;la mer
сэлли хансэн;sally hansen
бруно банана;bruno banani
макс фактрр;max factor
глисс ку0р;gliss kur
кэт бирки;kat burki
элли сааб;elie saab
салли хансен;sally hansen
тангл тизер;tangle teezer
ню ёрк;new york
глиз кур;gliss kur
арманд бас;armand basi
ангел шлюссер;angel schlesser
вивиен сабо;vivienne sabo
мерчант оф венис;merchant of venice
фреш лине;fresh line
тизиана теренси;tiziana terenzi
мольто бене;molto bene
бруно бананни;bruno banani
ля мер;la mer
енви ми;envy me
сали хенсон;sally hansen
фредерик маль;frederic malle
хаус оф уд;house of oud
антонио бандэрас;antonio banderas
елие сааб;elie saab
арманди баси;armand basi
тангл тиззер;tangle teezer
колор маск;color mask
масаки матсушима;masaki matsushima
антонио бандераас;antonio banderas
ди парма;di parma
салли хенсен;sally hansen
перфект мусс;perfect mousse
мольто бен;molto bene
де орс;d orsay
дифферент компани;different company
антонио бондерас;antonio banderas
ангел шлиссер;angel schlesser
натюр муа;nature moi
антонио бендерас;antonio banderas
енви ме;envy me
вивиено сабо;vivienne sabo
гриин мама;green mama
супер тон;super tan
масаки мацушима;masaki matsushima
фредерик мале;frederic malle
ева масаик;eva mosaic
антонио бандерс;antonio banderas
антони бандерас;antonio banderas
армант баси;armand basi
мин нью;min new
антонио бандероса;antonio banderas
барба италиана;barba italiana
фри ойл;frei ol
эль коразон;el corazon
пипи куку;pipi cucu
ели сааб;elie saab
ал маска;all mask
петал фреш;petal fresh
лоран косметик;loren cosmetic
те бет;de beaut
сайли хенсон;sally hansen
пьер пау пау;pure paw paw
адидас оригинал;adidas original
вивиьен сабо;vivienne sabo
альфред данхил;alfred dunhill
арменд баси;armand basi
антонио бандерус;antonio banderas
антони бандерос;antonio banderas
оу дэ;a t
эль сааб;elie saab
де марли;de marly
арган ойл;argan oil
натюр моа;nature moi
ель сааб;elie saab
ау де;a t
еле сааб;elie saab
армандо басси;armand basi
бруно банане;bruno banani
ля мэр;la mer
пау пау;paw paw
л\ ореаль;l oreal
диар роуз;dear rose
де парма;di parma
мкс фактор;max factor
тэнгл тизер;tangle teezer
леди роз;lady rose
сали хансен;sally hansen
бруно банан;bruno banani
три степ;dr stopa
елие соаб;elie saab
дс лабараторис;ds laboratories
салли хенсон;sally hansen
макс фоктор;max factor
евы мозаик;eva mosaic
парфюм сара;parfum sur
ангел шлеессер;angel schlesser
еау де;a t
бруна банани;bruno banani
антониа бандерос;antonio banderas
супер тени;super tan
секси хаер;sexy hair
ангела шлессер;angel schlesser
эли сааб;elie saab
бруни бонани;bruno banani
арманд босси;armand basi
ангел шлесер;angel schlesser
ли сьтаффорд;lee stafford
кэт бурки;kat burki
институт арнауд;institut arnaud
ми дерма;mi derma
эли саб;elie saab
арманд басс;armand basi
ли стафорд;lee stafford
франсис куркджан;francis kurkdjian
ле петит оливье;le petit olivier
ти фокс;t fox
ли стаффорд;lee stafford
антони\ бандерас;antonio banderas
брунно банани;bruno banani
ди фарма;de farme
тизиана терензе;tiziana terenzi
клис кур;gliss kur
тизионо терензи;tiziana terenzi
салли хэнсен;sally hansen
петаль фреш;petal fresh
или маски;all mask
лорэн косметик;loren cosmetic
алое маска;all mask
масаки мцушима;masaki matsushima
акуа ди;acqua di
этюд хаус;etude house
антонио бандэрос;antonio banderas
антониио бандерас;antonio banderas
тизино терензи;tiziana terenzi
оу де;a t
елли сааб;elie saab
агуа де;acqua di
моде зеро;mode zero
арманд бэси;armand basi
антонио бандерас-;antonio banderas
институт арнаут;institut arnaud
ла маре;la mer
мини на;min new
еи ди;a t
альфред данхилл;alfred dunhill
хаус оф;house of
зе шу;sue show
де мани;de man
др вранжес;dr vranjes
эвиденс де;evidens de
ап фор эвер;up for ever
оро голд;oro gold
фрагранс кичен;fragrance kitchen
хаус оф ауд;house of oud
калорс оф;colors of
эвиденс де бьют;evidens de beaut
эвиденс де беаут;evidens de beaut
бьютифул майнд;beautiful mind
колорс оф;colors of
приманаилс;primanails
токико;tokiko
наумов;naumov
шоулдерс;shoulders
нирвел профессионал;nirvel professional
беаут;beaut
хенна;henna
степхание;stephanie
луцас;lucas
цосрx;cosrx
тхе скин;the skin
лиqуидес;liquides
артдецо;artdeco
профессионнел;professionnel
пуребесс;purebess
евиденс;evidens
малоне;malone
домиx греен профессионал;domix green professional
уп;up
беаутиx;beautix
о.б.;o.b.
илламасqуа;illamasqua
роотрее;rootree
соспиро;sospiro
тоо цоол;too cool
луцкыцосметицс;luckycosmetics
цлеан &;clean &
др.ярт+;dr.jart+
лутенс;lutens
им;im
тангле;tangle
еос;eos
цлееф;cleef
банила;banila
л ореал;l oreal
цологне-затион;cologne-zation
реарар;rearar
пиауберт;piaubert
маке уп фор;make up for
роцкнаилстар;rocknailstar
бандерас;banderas
лет;let
ецотоолс;ecotools
рыое;ryoe
луцкыгифт;luckygift
цоллистар;collistar
сааб;saab
заркоперфуме;zarkoperfume
цооп;coop
тхе мерчант оф;the merchant of
блистеx;blistex
долце &;dolce &
ст.мориз;st.moriz
маке;make
гуардиан;guardian
мер;mer
енвы;envy
деопроце;deoproce
цнд;cnd
аткинсонс;atkinsons
неwыорк;newyork
новеxперт;novexpert
мерчант;merchant
францис;francis
саем;saem
еxперт;expert
сабо;sabo
маыбеллине неw;maybelline new
симоне;simone
медибеау;medibeau
мавала;mavala
тхе хоусе оф;the house of
профумум;profumum
молы;moly
беыонце;beyonce
12 парфумеурс;12 parfumeurs
цосметиц;cosmetic
провоцатеур;provocateur
мисслын;misslyn
тхе хисторы;the history
поле;pole
лаб;lab
ониq;oniq
италwаx;italwax
керанове;keranove
елизавецца;elizavecca
фром;from
монтагне;montagne
рене;rene
ацqуа;acqua
машимаро;mashimaro
цутрин;cutrin
лЬацтион;l'action
блисе;blise
хисторы оф;history of
есцентриц;escentric
танг;tang
бqан;bqan
чадо;chado
т;t
барцелона;barcelona
палетте;palette
ыамано;yamano
царолина;carolina
роxы;roxy
wелцос;welcos
ингарден;ingarden
тхе хоусе;the house
ныце;nyce
боx;box
стате;state
оллин;ollin
со-мен;so-men
ми;mi
монами;monami
фитофорце;fitoforce
х2о+;h2o+
хеелеы;heeley
чопард;chopard
табац;tabac
ремеqуе;remeque
бене;bene
сарах йессица;sarah jessica
меишоку;meishoku
артеx;artex
лунарис;lunaris
родригуез;rodriguez
аберцромбие;abercrombie
доубле;double
бабор;babor
хеад &;head &
нести;nesti
смитх;smith
аирнаилс;airnails
косе;kose
мороццан;moroccan
муглер;mugler
шангхаи;shanghai
лет ме;let me
бацкстаге;backstage
привиа;privia
фитч;fitch
цаллицос;callicos
фаце;face
игробеауты;igrobeauty
еутопие;eutopie
транс-дермал®;trans-dermal®
ловелы;lovely
стопа;stopa
труефитт &;truefitt &
гунзбург;gunzburg
медихеал;mediheal
ливинг;living
херрера;herrera
суншине;sunshine
л`ореал;l`oreal
стицк;stick
целлнцо;cellnco
риц;ric
пройецт;project
цаудалие;caudalie
пассион;passion
маргиела;margiela
цанто;canto
нцла;ncla
миами;miami
пупа;pupa
ресеарч;research
парфумерие;parfumerie
йеанне;jeanne
ессие;essie
блуескы;bluesky
лоттие;lottie
рыо;ryo
кеы;key
мстар;mstar
скинфоод;skinfood
впрове;vprove
цулти;culti
еигхт;eight
проранце;prorance
но:хй;no:hj
граттол;grattol
авотте;avotte
естеларе;estelare
цлеамы;cleamy
йессица;jessica
аттар;attar
счоол;school
ыоко;yoko
фацторы;factory
ит;it
донгбанг;dongbang
аспасиа;aspasia
коелф;koelf
соап;soap
атопалм;atopalm
наыада;nayada
саинт;saint
ладамер;ladamer
суе;sue
барлет;barlet
хаштаг;hashtag
аыоуме;ayoume
сенс;sens
пнб;pnb
парфум сур;parfum sur
формулас;formulas
21;21
цуццио;cuccio
рабанне;rabanne
езфлоw;ezflow
тхе спирит оф;the spirit of
хелен;helen
бал;bal
рубинстеин;rubinstein
канебо;kanebo
молто;molto
гирлс;girls
цристиано;cristiano
мисша;missha
лиоеле;lioele
ипкн;ipkn
дива;diva
роxы наил;roxy nail
сwисспуре;swisspure
робин;robin
парма;parma
иссеы;issey
функы;funky
ореал;oreal
япан;japan
цаннес;cannes
даенг ги мео;daeng gi meo
целлмен;cellmen
цомме;comme
хоусе;house
пипи;pipi
н.1;n.1
ессентиел;essentiel
профи;profi
марлиес;marlies
нотхинг;nothing
мüхле;mühle
амоуроуд;amouroud
бурнер;burner
мои;moi
сиберица;siberica
даенг ги;daeng gi
фрагранце;fragrance
ныx профессионал маке;nyx professional make
ферре;ferre
херве;herve
лоок;look
йеунессе;jeunesse
блуесеа наил;bluesea nail
кингслеы;kingsley
цливе;clive
йиготт;jigott
маxцлиниц;maxclinic
даенг;daeng
милв;milv
упд;upd
елседа;elseda
хуго;hugo
терры;terry
флоу;flou
тхе фаце;the face
с;s
ерменегилдо;ermenegildo
пантене;pantene
гиоргио;giorgio
цреативе наил;creative nail
цлеан;clean
биц;bits
кинетицс;kinetics
реасонс;reasons
бруийн -;bruijn -
степхание де;stephanie de
децаы;decay
броwн;brown
маникüре;maniküre
епил;epil
ева;eva
моремо;moremo
мад;mad
елиокап;eliokap
дифферент;different
наил десигн;nail design
медицал;medical
xерйофф;xerjoff
гуам натура био;guam natura bio
ыу.р;yu.r
фуртерер;furterer
ентиты;entity
петит;petit
симпле;simple
генты;genty
сеxы;sexy
плант;plant
евиденс де;evidens de
рио профи;rio profi
мео;meo
фиве;five
чристиан;christian
мдоц;mdoc
ван;van
спирит оф;spirit of
цастилло;castillo
ги;gi
д&б;d&b
ну_бе;nu_be
хисторы;history
ултимате;ultimate
наил;nail
маы;may
сторы;story
г.арт;g.art
вов;vov
ломбок;lombok
био;bio
блумарине;blumarine
беррисом;berrisom
миелле;mielle
лады;lady
ф.о.x;f.o.x
органиx;organix
йоы;joy
елие;elie
молтобене;moltobene
еуныул;eunyul
ланеиге;laneige
лланг;llang
матриx;matrix
масаки;masaki
wинx;winx
цй;cj
целл-плус;cell-plus
12;12
фармстаы;farmstay
беауты;beauty
фее;fee
моде;mode
бруийн - парфум;bruijn - parfum
профессионалс;professionals
годефроы;godefroy
феррагамо;ferragamo
алеxандер;alexander
цуцу;cucu
йиммы;jimmy
11;11
фоот;foot
рамосу;ramosu
майда;majda
диринон;dirinon
хаусчка;hauschka
фреи;frei
молинард;molinard
цорине де;corine de
орс;ors
ледибелле;ledibelle
цартнеы;cartney
орлане;orlane
зингер;zinger
фреш;fresh
биомаx;biomax
гамбс;gambs
огx;ogx
тоо цоол фор;too cool for
боб;bob
авецмои;avecmoi
карадиум;karadium
арабиа;arabia
маори;maori
баылис&хардинг;baylis&harding
дунхилл;dunhill
лингер;linger
бар;bar
шоw;show
саеыанг;saeyang
сергеы;sergey
естее;estee
бородист;borodist
традитионс;traditions
ил;il
смитх &;smith &
профессионал маке;professional make
неонаил;neonail
ыамамото;yamamoto
маисон францис;maison francis
упдате;update
силвер стар;silver star
беаутыблендер;beautyblender
францк;franck
гирлс енвы;girls envy
арманд;armand
инноватор;innovator
мораз;moraz
ибд;ibd
парфумс;parfums
досе оф;dose of
граымелин;graymelin
скинеые;skineye
глисс;gliss
минние;minnie
смашбоx;smashbox
юстессенце;justessence
тов;tov
саллы;sally
оуд;oud
паул;paul
сун;sun
аффинессенце;affinessence
тхалго;thalgo
паw;paw
елементи;elementi
децларе;declare
мирацле;miracle
нелтес;neltes
органиц натураллы;organic naturally
ныx профессионал;nyx professional
перрицоне;perricone
петер;peter
институт;institut
тампаx;tampax
уно;uno
мд;md
скин79;skin79
соыул;soyul
нцла лос;ncla los
пуорелла;puorella
еттанг;ettang
скин;skin
старцк;starck
кисс;kiss
яцqуес;jacques
теезер;teezer
карл;karl
чахонг;chahong
лифт;lift
лабиотте;labiotte
ечоице;echoice
мары;mary
еверыбоды;everybody
нихило;nihilo
рубелли;rubelli
ныx;nyx
серге;serge
генерале;generale
боурйоис;bourjois
дашинг дива;dashing diva
оро;oro
хистоирес;histoires
иопе;iope
цоразон;corazon
ги мео;gi meo
зоо;zoo
рулес;rules
кумано;kumano
делакруа;delakrua
парфумс д;parfums d
тоофруит;toofruit
поныброwн;ponybrown
франце;france
даы;day
гуам натура;guam natura
мороццан арган;moroccan argan
гелиш;gelish
цоы;coy
ливси;livsi
аЬпиеу;a'pieu
хеад;head
оил;oil
хыпносе;hypnose
гарцонс;garcons
базаар;bazaar
стелла;stella
риченна;richenna
фредериц;frederic
медицал беауты;medical beauty
росе;rose
реистилл;reistill
wхен;when
wиннер;winner
цомме дес;comme des
чарлес;charles
мин неw;min new
qвс;qvs
цамеллиа;camellia
аловиви;alovivi
царол;carol
хилл;hill
буеар;buear
хармоны гелиш;harmony gelish
тхе фрагранце;the fragrance
феатхер;feather
имрус;imrus
юкохби;jukohbi
циате;ciate
бенеттон;benetton
мацадамиа натурал;macadamia natural
китчен;kitchen
царол йоы;carol joy
леонор;leonor
муст-хаве;must-have
беккали;bekkali
натура;natura
вилхелм;vilhelm
виллаге;village
блитхе;blithe
био-оил;bio-oil
досе;dose
сеxылашес;sexylashes
фрапин;frapin
чристина;christina
й;j
таттоос;tattoos
парфумс бдк;parfums bdk
хоусе оф;house of
спирит;spirit
фатх;fath
ноте;note
минд;mind
додо;dodo
цлеар;clear
бнбг;bnbg
депилфлаx;depilflax
месуре;mesure
терры де;terry de
емилиен;emilien
цулт;cult
тиффаны &;tiffany &
еисенберг;eisenberg
орлы;orly
гентле;gentle
цоцо;coco
биостхетиqуе;biosthetique
ыоу;you
мацушима;matsushima
поиыан;poiyan
ессем;essem
тан;tan
манефит;manefit
ангелес;angeles
фрудиа;frudia
макинг оф;making of
иннисфрее;innisfree
арчдале;archdale
цанни;canni
й.ф;j.f
бленд-а-мед;blend-a-med
беауа;beaua
принцесс;princess
ултимате мороццан арган;ultimate moroccan argan
петитфее;petitfee
макинг;making
рефецтоцил;refectocil
нивеола;niveola
маыбеллине;maybelline
бергамо;bergamo
оригинал;original
францаис;francais
тханк ыоу;thank you
маск;mask
мацадамиа;macadamia
роалд;roald
проуд;proud
шакира;shakira
хансен;hansen
беыу;beyu
фацтор;factor
х.аир;h.air
ысл;ysl
демидофф;demidoff
цооцла;coocla
дашинг;dashing
куркдйиан;kurkdjian
дисцреет;discreet
елеменц;elements
мцqуеен;mcqueen
кодомо;kodomo
зензиа;zenzia
йие;jie
б;b
натур;natur
рицци;ricci
елите;elite
амундсен;amundsen
прооф;proof
органица;organica
стронг;strong
боеллис;boellis
боды;body
урбан;urban
тизиана;tiziana
3w;3w
боттега;bottega
насоматто;nasomatto
милатте;milatte
цоспхарм;cospharm
стате оф;state of
катани;katani
аетхер;aether
пацо;paco
ол;ol
имнаил;imnail
провост;provost
фармер;farmer
пхилип;philip
ыадах;yadah
рунаил;runail
хелена;helena
шары;shary
ессенце;essence
чабауд;chabaud
грацефул;graceful
цоппола;coppola
пуф;puf
деве;deve
целлцосмет &;cellcosmet &
вивиенне;vivienne
цреативе наил десигн;creative nail design
тартисо;tartiso
артнаилс;artnails
нирвел;nirvel
лулулун;lululun
баекоксен;baekoksen
ай;aj
снп;snp
данте;dante
милк;milk
но.9;no.9
треец;treets
лашем;lashem
унион;union
де бруийн;de bruijn
алл;all
натура био;natura bio
орто;orto
ентел;entel
маке уп;make up
анскин;anskin
раинбирд;rainbird
унитед;united
париси;parisi
хаск;hask
исабеы;isabey
сериес;series
мбр;mbr
хыпе;hype
алфред;alfred
метзгер;metzger
сунгбо;sungbo
ыохйи;yohji
нарис;naris
беновы;benovy
парфумс де;parfums de
- парфум сур;- parfum sur
наилс;nails
паыот;payot
тоус;tous
новелла;novella
моыоу;moyou
коди;kodi
гоурмандисе;gourmandise
еыенлип;eyenlip
ывес саинт;yves saint
лос;los
стаффорд;stafford
левиссиме;levissime
юно;juno
шелим;shelim
профвмо;profvmo
моуссе;mousse
инофаце;inoface
роналдо;ronaldo
конад;konad
нишане;nishane
wортхингтон;worthington
цандлес;candles
ателиер дес;atelier des
- парфум;- parfum
диптыqуе;diptyque
парфумеурс;parfumeurs
сеантрее;seantree
ыумммы;yummmy
цнд цреативе наил;cnd creative nail
солео;soleo
фриенвита;frienvita
бруийн;bruijn
wелтон;welton
унитед цолорс;united colors
номенцлатуре;nomenclature
диафорце;diaforce
тоо;too
тнл профессионал;tnl professional
рута;ruta
оригинс;origins
аxе;axe
мори;mori
ателиер;atelier
рио;rio
цо;co
ускуси;uskusi
дес;des
дали;dali
скцом;skcom
бурки;burki
ри;ri
маисон;maison
растасе;rastase
унитед цолорс оф;united colors of
нине;nine
ченг;cheng
ицеланд;iceland
степхание де бруийн;stephanie de bruijn
вранйес;vranjes
галион;galion
сwаровски;swarovski
хомме;homme
цлоуд;cloud
алысон;alyson
цлиниц;clinic
счwарзкопф;schwarzkopf
лебелаге;lebelage
заб;zab
блуесеа;bluesea
мерчант оф;merchant of
флор;flor
wхоо;whoo
готи;goti
цнд цреативе;cnd creative
беаутифул;beautiful
петал;petal
батисте;batiste
тханк;thank
лазартигуе;lazartigue
релент;relent
сецрет;secret
милано;milano
италиана;italiana
майда беккали;majda bekkali
хдфреза;hdfreza
веет;veet
еигхт &;eight &
мосаиц;mosaic
санта;santa
унwаш;unwash
цолорс оф;colors of
алеx;alex
граце;grace
ацqуа ди;acqua di
нарцисо;narciso
силвер;silver
симплы;simply
куре;kure
пуре паw;pure paw
мукунгхwа;mukunghwa
юл;jul
цосметицс;cosmetics
мин;min
варватос;varvatos
метходе йеанне;methode jeanne
арделл;ardell
деар;dear
беауты-фрее;beauty-free
тони&гуы;toni&guy
дива наил;diva nail
сотхыс;sothys
глов;glov
аурелиа;aurelia
нила;nila
тхе мерчант;the merchant
мемо;memo
ыезиху;yezihu
дессанге;dessange
гате;gate
мр;mr
профумо;profumo
натураллы;naturally
ит с;it s
фитзгералд;fitzgerald
клио;klio
делацоурте;delacourte
фарме;farme
йесснаил;jessnail
боцлет;boclet
тхе дифферент;the different
-;-
й цат;j cat
в;v
естхетиц;esthetic
фоур;four
дорцо;dorco
ывес;yves
арнелле;arnelle
роя;roja
фриеда;frieda
итЬс;it's
лабораториес;laboratories
мицротеч;microtech
юл ет;jul et
натураверде;naturaverde
ормонде;ormonde
чристопхе;christophe
шоп;shop
салваторе;salvatore
нарс;nars
етуде;etude
цубаки;tsubaki
мосцоw;moscow
хакен;haken
манцера;mancera
праирие;prairie
наоми;naomi
роублофф;roubloff
тнл;tnl
уп фор;up for
хаир;hair
аромасе;aromase
миыаке;miyake
стелла мц;stella mc
бонацуре;bonacure
епоуx;epoux
орсаы;orsay
премиере;premiere
домиx;domix
имкосметик;imkosmetik
имагинаирес;imaginaires
парис;paris
юст;just
счлессер;schlesser
инстагирл;instagirl
црысталлизед;crystallized
пелицан;pelican
хистоирес де;histoires de
цолаб;colab
фоодахолиц;foodaholic
коцостар;kocostar
блумеи;blumei
осис+;osis+
но;no
гош;gosh
ыеон;yeon
терензи;terenzi
цоллине;colline
дерма;derma
греен профессионал;green professional
цирацле;ciracle
бдк;bdk
мисо;miso
ортхиа;orthia
молецулес;molecules
малле;malle
сода;soda
боучерон;boucheron
царнер;carner
100%;100%
де бруийн -;de bruijn -
балм;balm
кобо;kobo
таттоо;tattoo
ре;re
натуре;nature
антхоны;anthony
наилтес;nailtes
цоол фор;cool for
дубаи;dubai
лацомчир;lacomchir
wелла;wella
хакуичи;hakuichi
мадес;mades
редтера;redtera
магхиали;maghiali
ванедо;vanedo
даре;dare
тхе вагабонд;the vagabond
аткинсонс лондон;atkinsons london
дЬбеауцер;d'beaucer
бослеы;bosley
лунаил;lunail
аццессоры;accessory
к;k
ханил;hanil
фарм;farm
неwген;newgen
яыюн;jayjun
1799;1799
гли;gli
алл маск;all mask
виллаге 11;village 11
харуыама;haruyama
аравиа;aravia
ецопуре;ecopure
фор;for
ахц;ahc
чоо;choo
адмиранда;admiranda
кат;kat
оф;of
греыл;greyl
сарах;sarah
сур;sur
ет;et
инсиде;inside
оливиер;olivier
барба;barba
л;l
бонд;bond
лоок наил;look nail
убу;ubu
старт;start
труефитт;truefitt
мама;mama
тхе спирит;the spirit
цорине;corine
бавипхат;baviphat
геомар;geomar
ыз;yz
марлы;marly
енпрани;enprani
целл;cell
саллыЬс;sally's
цологне;cologne
баси;basi
тхе хисторы оф;the history of
домиx греен;domix green
голден лине;golden line
у;u
папаw;papaw
олдоини;oldoini
лм;lm
кур;kur
шара;shara
лабаы;labay
лиу;liu
гламглоw;glamglow
органиц;organic
моыоу лондон;moyou london
лианаил;lianail
елиша;elisha
басе;base
рире;rire
еx;ex
рохто;rohto
сылваине;sylvaine
мийин;mijin
северина;severina
йо;jo
ноницаре;nonicare
ман;man
ултимате мороццан;ultimate moroccan
хаыари;hayari
тхе плант;the plant
аберцромбие &;abercrombie &
лцн;lcn
тхиерры;thierry
а т;a t
евер;ever
керастасе;kerastase
сwитзерланд;switzerland
старпил;starpil
харизма;harizma
метходе;methode
бартх;barth
охе;ohe
яыне;jayne
венета;veneta
