хосе куэрво;jose cuervo;True
хосе куерво;jose cuervo;True
ка ди;g d;True
енисели;eniseli;True
херберт;herbert;True
паул ябоулет;paul jaboulet;True
луис фелипе едwардс;luis felipe edwards;True
роы-троцард;roy-trocard;True
томбаццо;tombacco;False
барберо;barbero;False
аурелио;aurelio;True
виллегеорге;villegeorge;True
ерсте;erste;True
зонин;zonin;False
ландлуст;landlust;False
ехрманнс;ehrmanns;True
ет де ла;et de la;True
пигоудет;pigoudet;False
социетà цооператива;società cooperativa;True
брауереи гмдх;brauerei gmdh;True
натале;natale;True
урсула;ursula;True
чаис де саинт;chais de saint;True
чампагне йм;champagne jm;True
qуе винос;que vinos;True
пато;pato;True
гиара;giara;True
нв;nv;True
цоуфран;coufran;True
с.л.;s.l.;True
цристо ди;cristo di;True
чалет;chalet;True
кхаус;khaus;True
боря;borja;True
ноаиллац;noaillac;True
qуинтас;quintas;True
алеяндро;alejandro;True
пеллада;pellada;True
чатеау бастор;chateau bastor;True
а.-ф.грос;a.-f.gros;True
лес фререс;les freres;True
цацерес;caceres;True
бадет;badet;True
анд ц интернатионал;and c international;True
дуруп пере ет;durup pere et;True
агуас де солан;aguas de solan;True
хует;huet;True
чатеау гранд-пуы;chateau grand-puy;True
годет;godet;False
гwс;gws;False
гиустиниана;giustiniana;True
баррамунди;barramundi;True
цонтини;contini;False
гвг сц ду;gvg sc du;True
царолан;carolan;True
счрöдер;schröder;True
лес цавес;les caves;True
ла цаве дес;la cave des;True
кенигсберг;kenigsberg;True
бруциата ди;bruciata di;True
лустау;lustau;False
тенута гуадо ал;tenuta guado al;True
цомпагние виницоле барон;compagnie vinicole baron;True
цавицчиоли;cavicchioli;True
валандрауд;valandraud;True
валса;valsa;True
йеан-цлауде;jean-claude;True
луртон;lurton;True
гранд вин де;grand vin de;True
чаис;chais;True
цантабриа;cantabria;True
аултморе;aultmore;False
марйолет;marjolet;False
чурчиллЬс;churchill's;False
тенименти;tenimenti;True
цирсус;cirsus;True
бротхерс анд;brothers and;True
бодегас ел;bodegas el;True
амброгио е гиованни;ambrogio e giovanni;True
саинт-éмилион гранд;saint-émilion grand;True
монтепулциано;montepulciano;True
харды;hardy;False
золотаыа;zolotaya;True
црос;cros;True
уберацкер;uberacker;True
цомин;comin;True
лариос;larios;False
барбанера;barbanera;False
пичат;pichat;True
с.а де;s.a de;True
драппиер;drappier;True
реичсрат;reichsrat;True
цристо де;cristo de;True
зарате;zarate;False
ханс;hans;True
гиттон пере ет;gitton pere et;True
виницола де;vinicola de;True
хегер;heger;True
молино ди;molino di;True
ы винедос де;y vinedos de;True
бруциата ди царло;bruciata di carlo;True
пигнолетто;pignoletto;False
унд;und;True
ыеаландс фамилы;yealands family;True
домдечант;domdechant;True
орментино;ormentino;False
сегуин;seguin;True
ыллера;yllera;True
болеро анд;bolero and;True
гераци;geraci;True
барефоот;barefoot;False
оливе лине;olive line;True
вигнерос де;vigneros de;True
денис;denis;True
сцавино;scavino;True
ядот;jadot;True
винеыард марлбороугх;vineyard marlborough;True
чâтеауx;châteaux;True
теqуилера лос;tequilera los;True
вицторианас;victorianas;False
й гарциа;j garcia;True
дублин;dublin;True
футаиллес;futailles;True
wитхер хиллс винеыард;wither hills vineyard;True
оф гоод;of good;True
цомпагние виницоле;compagnie vinicole;True
сартори;sartori;False
сабоурин;sabourin;True
мартенс;martens;False
баиллы;bailly;True
сторк;stork;True
доминиц;dominic;True
мунчен;munchen;True
сченк;schenk;True
пампас дел;pampas del;True
теqуилеро;tequilero;True
цармес;carmes;True
мадеира wине;madeira wine;True
масчито;maschito;True
мурганхеира;murganheira;False
маиол;maiol;True
ваилларт;vaillart;True
трес;tres;True
моррис;morris;True
винс ду;vins du;True
лес чаис де;les chais de;True
стелленвиеw;stellenview;True
ластоурс;lastours;True
бадет цлемент ет;badet clement et;True
аргентиера;argentiera;True
стонестреет;stonestreet;True
вилла дегли;villa degli;True
алварез;alvarez;True
цоопéративе виницоле;coopérative vinicole;True
чатеау цанон;chateau canon;True
мондо дел;mondo del;True
лугны;lugny;True
аллрам;allram;True
лЬермитаге цостиерес дес;l'ermitage costieres des;True
хаза;haza;True
строззи;strozzi;True
барботаине;barbotaine;True
педро родригуез е;pedro rodriguez e;True
бонацчи;bonacchi;True
ницола;nicola;True
бодегас цруз де;bodegas cruz de;True
глендалоугх;glendalough;False
верцоопе;vercoope;False
цецчи;cecchi;False
цоопéративе;coopérative;True
минерали;minerali;True
де сãо мигуел;de são miguel;True
минералес;minerales;True
дуемани;duemani;False
греене;greene;True
фиорензо;fiorenzo;True
продуцтион;production;True
фоод цо;food co;True
массето;masseto;False
билбао;bilbao;True
пазо;pazo;True
пепсицо;pepsico;False
арабарте;arabarte;False
ил;il;True
чоцолатерие;chocolaterie;True
явиллиер;javillier;True
цооператива агрицола цантина;cooperativa agricola cantina;True
грандес виносы винедос;grandes vinosy vinedos;True
инвермен;invermen;True
чâтеау ваилларт ла;château vaillart la;True
мдццx;mdccx;True
масет;maset;True
сантеро;santero;False
виницоле;vinicole;True
магдалена;magdalena;True
беауцлаир;beauclair;True
антониоло;antoniolo;False
азиенда агрицола цасцина;azienda agricola cascina;True
чâтеау тоур;château tour;True
типици деллЬ;tipici dell';True
фелинес;felines;True
агрицола ди;agricola di;True
тинел-блонделет;tinel-blondelet;True
цампиано;campiano;True
перриере;perriere;True
ду виеуx;du vieux;True
арлот;arlot;True
пèре;père;True
моунт;mount;True
табордет;tabordet;True
й.лассалле;j.lassalle;False
салапарута;salaparuta;True
ваисинерие;vaisinerie;True
крохн;krohn;False
индеал;indeal;False
цомпагние де;compagnie de;True
каикен;kaiken;False
социéтé цоопéративе виницоле;société coopérative vinicole;True
браухаус;brauhaus;True
фамилы латин;family latin;True
медици;medici;True
пивовар;pivovar;True
ларосе;larose;True
тутунйиан wине брандс;tutunjian wine brands;True
верга;verga;True
оле;ole;True
винеx;vinex;True
цастилла;castilla;True
цаллиа;callia;False
леонино;leonino;True
фриманча;frimancha;True
моунтаин винеыардс;mountain vineyards;True
цамполарго;campolargo;True
баилеыс;baileys;False
брунехаут;brunehaut;False
виносы;vinosy;True
миккеллер;mikkeller;False
брецкин;breckin;True
соуса;sousa;True
роттиерс;rottiers;True
цаЬ дел;ca' del;True
гиацомо спероне;giacomo sperone;True
бодегас диос;bodegas dios;True
брауереи фрух;brauerei fruh;True
селецционес;selecciones;True
цартхаге;carthage;True
срл;srl;True
цомпанхиа;companhia;True
фазер чоцолатес;fazer chocolates;True
продуцтос финос;productos finos;True
таково;takovo;False
тенута ла;tenuta la;True
фрателли бранца;fratelli branca;True
тандем;tandem;True
йм гобиллард;jm gobillard;True
филлиерс;filliers;False
диехл;diehl;True
магреди;magredi;True
хартwалл;hartwall;False
лондон алцохол;london alcohol;True
гроуп ц.в.ц соц;group c.v.c soc;True
циу;ciu;True
делорд;delord;True
венете;venete;True
виницоле бестхеим;vinicole bestheim;True
раыас;rayas;True
вигноблес хенри;vignobles henri;True
пупилле;pupille;True
wиллиам грант;william grant;True
принципи;principi;True
чâтеау;château;True
ланг бротхерс;lang brothers;True
бодегас фернандо;bodegas fernando;True
келт;kelt;False
пиоппето;pioppeto;True
вивиани;viviani;False
цоелхеира;coelheira;True
чатеау павиллон де;chateau pavillon de;True
фаврауд;favraud;False
мигуел;miguel;True
целлер балагуер и;celler balaguer i;True
лунае;lunae;True
социета агрицола;societa agricola;True
зифар;zifar;True
гил;gil;True
кеттмеир;kettmeir;True
галициа;galicia;True
мас мартинет витицулторс;mas martinet viticultors;True
ангове;angove;True
гоедверwачт;goedverwacht;True
етаблиссеменц;etablissements;True
цреатива;creativa;True
с.а дес еауx;s.a des eaux;True
ресервас;reservas;True
миесзко;mieszko;False
порго;porgo;False
античи;antichi;True
годе;gode;True
цастелло делла сала;castello della sala;True
финландиа водка;finlandia vodka;True
дублин либертиес;dublin liberties;True
арганза;arganza;True
деwар анд;dewar and;True
сéнилхац;sénilhac;True
брассерие ду;brasserie du;True
цоломбиер;colombier;True
вина гинеса;vina ginesa;True
wине цомпаны;wine company;True
доминио дел;dominio del;True
чоцолатес ван;chocolates van;True
дуффтоwн;dufftown;True
цоустаут ла;coustaut la;True
монталто;montalto;True
ецосмос;ecosmos;False
агрицола цасцина бруциата;agricola cascina bruciata;True
фигини;figini;True
цлос ду виеуx;clos du vieux;True
со.ви.со;so.vi.so;True
фонсеца;fonseca;False
носса;nossa;True
сое;soe;False
е гиованни;e giovanni;True
сте дес еауx;ste des eaux;True
чапоутиер;chapoutier;True
чатеау павиллон;chateau pavillon;True
цастареде;castarede;False
роццоло;roccolo;True
реичсрат вон;reichsrat von;True
цол;col;True
др.саломон;dr.salomon;True
аретини;aretini;True
дубреил;dubreil;True
цорнер;corner;True
абецассис;abecassis;True
дел атрио с.л;del atrio s.l;True
фалкенстеин;falkenstein;True
ленцо;lenco;False
анецооп;anecoop;False
болзано;bolzano;False
чиара ди;chiara di;True
бласс;blass;True
дартигалонгуе;dartigalongue;False
оригинал дринкс;original drinks;True
перусини;perusini;False
минералqуелле;mineralquelle;True
цавес де;caves de;True
йоует;jouet;True
пабст унд ричарз;pabst und richarz;True
чâтеау дес;château des;True
цасанова;casanova;True
агуирре;aguirre;True
гулфи;gulfi;False
пессац-леогнан;pessac-leognan;False
дес грандс црус;des grands crus;True
агрицола поггио сан;agricola poggio san;True
гроуп оф;group of;True
марбузет;marbuzet;True
белгиан чоцолате гроуп;belgian chocolate group;True
кнауф ди;knauf di;True
аргуесо;argueso;True
сантос;santos;True
армандо гуиллермо;armando guillermo;True
супериеур;superieur;True
ломиси;lomisi;True
баерен;baeren;True
гуигнард;guignard;True
ебербач;eberbach;True
цаса да фонте;casa da fonte;True
инвестменц;investments;True
фрице;frice;True
гуилхермино;guilhermino;True
гонет-медевилле;gonet-medeville;True
рамон;ramon;True
суррау;surrau;False
авантис;avantis;True
винос;vinos;True
аппиано;appiano;True
цовидес;covides;False
хердаде;herdade;True
агрицола цасцина;agricola cascina;True
арагонесас;aragonesas;True
еуровинс;eurovins;True
хигхланд херитаге;highland heritage;True
агрíцола;agrícola;True
бардет;bardet;True
виñедос ерразуриз;viñedos errazuriz;True
минуты;minuty;True
виванцо;vivanco;False
йерманн;jermann;False
гуадо ал тассо;guado al tasso;True
буссотиер;bussotier;True
вертриебс;vertriebs;True
санди;sandi;True
мануфацтуринг поланд;manufacturing poland;True
тй царолан;tj carolan;True
индустриас цамицас;industrias camicas;True
йопен;jopen;False
марлбороугх;marlborough;True
циа теqуилера лос;cia tequilera los;True
соеур-фрере;soeur-frere;True
алцонде;alconde;True
цаЬботта;ca'botta;False
азиенда агрицола поггио;azienda agricola poggio;True
анниверсары;anniversary;True
масет дел;maset del;True
монгравеы;mongravey;True
вина санта;vina santa;True
мезцал с.а де;mezcal s.a de;True
явиер;javier;True
амброгио е;ambrogio e;True
мезан;mezan;False
селла анд;sella and;True
ассоциес;associes;True
натив;nativ;False
кремс;krems;True
счулз;schulz;True
паричскаыа;parichskaya;True
агуас де;aguas de;True
мерциер;mercier;False
цампобелло;campobello;True
лис;lis;True
принципи ди;principi di;True
бомбреwеры;bombrewery;False
дЬачоуффе;d'achouffe;True
лоире;loire;True
кластер;klaster;False
аха торо дестиладос;aha toro destilados;True
чâтеауx ен;châteaux en;True
сеттесоли;settesoli;True
вецчиа;vecchia;True
ромате хнос;romate hnos;True
цаннон;cannon;True
поггио сан;poggio san;True
герстацкер;gerstacker;False
юлес;jules;True
цантина терре дел;cantina terre del;True
умиа;umia;True
канонкоп;kanonkop;False
селтерс минералqуелле аугуста;selters mineralquelle augusta;True
дес еауx;des eaux;True
стеенберге;steenberge;True
марqуес де ла;marques de la;True
ллео;lleo;True
гравес де ла;graves de la;True
ауберт;aubert;True
грангеневуе ет;grangenevue et;True
антхонин;anthonin;True
гадоро;gadoro;True
пировано;pirovano;False
чатеау цлос;chateau clos;True
цонцордиа;concordia;True
поггио ал;poggio al;True
баглио;baglio;True
нуево;nuevo;True
чоцолатерие де;chocolaterie de;True
деутз;deutz;False
цостиерес дес;costieres des;True
подере поггио;podere poggio;True
семплице;semplice;True
социета семплице;societa semplice;True
бертагнолли;bertagnolli;False
ройо енологиа;rojo enologia;True
принципе де;principe de;True
верацруз;veracruz;True
чателаин;chatelain;True
леап;leap;True
винобон;vinobon;False
агрицола ла;agricola la;True
вини бе;vini be;True
е гиованни фолонари;e giovanni folonari;True
дес грандс;des grands;True
группо виницоло фантинел;gruppo vinicolo fantinel;True
монтес;montes;False
фонте;fonte;True
етна;etna;True
ремоиссенет пере ет;remoissenet pere et;True
дехеса;dehesa;True
естацада;estacada;True
цлоетта фазер;cloetta fazer;True
самсон;samson;True
богутти;bogutti;False
сц ду;sc du;True
цуба;cuba;True
домаине wиллиам;domaine william;True
винедос марqуес дел;vinedos marques del;True
хавана;havana;True
хервиас;hervias;True
ума;uma;True
ливио феллуга;livio felluga;True
сцапа;scapa;False
петроне;petrone;True
бостеелс;bosteels;False
вайра;vajra;True
ыалумба;yalumba;False
монтеллиана;montelliana;True
фоугераы;fougeray;True
цлассиqуес дес;classiques des;True
сонненхоф;sonnenhof;True
лоимер;loimer;False
wеин унд;wein und;True
до;do;True
цавес цампело;caves campelo;True
интерснацк поланд;intersnack poland;True
дес графен;des grafen;True
ц анд ц;c and c;True
росси д;rossi d;True
принз вон;prinz von;True
агаве;agave;True
георгиа;georgia;True
аалто;aalto;True
диагео;diageo;False
де бортоли;de bortoli;True
гмбх анд;gmbh and;True
бланчард;blanchard;True
дЬаупилхац;d'aupilhac;True
лаубаде;laubade;True
витицулторс;viticultors;True
wеиндорф;weindorf;True
цонте ди;conte di;True
телиани;teliani;True
драмбуие лиqуеур;drambuie liqueur;True
счwартауер;schwartauer;True
ди царло;di carlo;True
ду хаут;du haut;True
цвне цомпаниа виницола;cvne compania vinicola;True
талл;tall;True
црузеллес;cruzelles;True
арналдо;arnaldo;True
социандо-маллет;sociando-mallet;True
цлос qуебрада;clos quebrada;True
бретонне;bretonne;True
цормонс;cormons;True
чатеау малесцот ст;chateau malescot st;True
буссац;bussac;True
домаине пхилиппе;domaine philippe;True
цампо ди;campo di;True
рапаура;rapaura;True
бисол;bisol;False
цаса сан;casa san;True
хеберто;heberto;True
с.пеллегрино;s.pellegrino;False
цвне цомпаниа;cvne compania;True
азиенда агрицола фабио;azienda agricola fabio;True
црус де;crus de;True
чоцолатес;chocolates;True
плантазе;plantaze;False
реитзел;reitzel;True
групо йорге;grupo jorge;True
налс-маргреид;nals-margreid;False
сенхора;senhora;True
витивиницола цомм г.б;vitivinicola comm g.b;True
групо;grupo;True
мартинет витицулторс;martinet viticultors;True
мигнанего францесцо;mignanego francesco;True
азиенда витивиницола;azienda vitivinicola;True
ландбрауереи;landbrauerei;True
ви с;vi s;True
меззацорона;mezzacorona;False
еауx;eaux;True
алфред;alfred;True
циацци пиццоломини д;ciacci piccolomini d;True
меротто;merotto;False
кауффман;kauffman;False
ммвз;mmvz;False
сагет;saget;True
иq 4;iq 4;True
унитед;united;True
публиц цомпаны;public company;True
царпене;carpene;True
цос д;cos d;True
бодегас доминио де;bodegas dominio de;True
агрицола рубино дотт;agricola rubino dott;True
принз;prinz;True
лес вигнерос де;les vigneros de;True
qуе;que;True
баркан;barkan;False
цаЬтуллио;ca'tullio;False
баглио дел;baglio del;True
гурпегуи;gurpegui;True
бианцо;bianco;True
wеингут дес графен;weingut des grafen;True
боувет;bouvet;True
лоззоло;lozzolo;True
азиенда витивиницола цомм;azienda vitivinicola comm;True
торреселла;torresella;False
бухл;buhl;True
социедаде агрíцола;sociedade agrícola;True
ф.лли;f.lli;True
социедаде qуинта;sociedade quinta;True
цлоетта фазер чоцолатес;cloetta fazer chocolates;True
царалт;caralt;True
лЬермитаге;l'ermitage;True
цевицо;cevico;True
перрин;perrin;True
хга бодегас;hga bodegas;True
девелоппмент;developpment;True
спинато;spinato;True
реичолд;reichold;True
делла сала;della sala;True
цонтарини;contarini;False
терре дел;terre del;True
н.в wинес анд;n.v wines and;True
каисердом специалитатен брауереи;kaiserdom specialitaten brauerei;True
роберцон;robertson;True
инвер;inver;True
аг;ag;True
инбев;inbev;True
тронqуоы де;tronquoy de;True
цлавийо;clavijo;True
тхе оригинал дринкс;the original drinks;True
витапресс;vitapress;False
вилла де;villa de;True
пилар;pilar;True
публиц;public;True
луис фелипе;luis felipe;True
каан;kaan;True
вини;vini;True
сагет ла;saget la;True
ламотхе;lamothe;True
антица дистиллериа;antica distilleria;True
алесмитх;alesmith;False
ферранд;ferrand;True
бодега гарзон-агроланд;bodega garzon-agroland;True
дутч;dutch;True
аылес;ayles;True
гуилхермино реис;guilhermino reis;True
винартис;vinartis;False
гордон анд;gordon and;True
атрио с.л;atrio s.l;True
реис алвес де;reis alves de;True
циело е;cielo e;True
стагс леап;stags leap;True
сл.;sl.;True
алтогранде;altogrande;False
спероне;sperone;True
цлооф;cloof;False
мит;mit;True
зпц;zpc;True
де л;de l;True
оларра;olarra;True
гранд мезцал;grand mezcal;True
цонсултинг;consulting;True
сиете;siete;True
пулигны-монтрачет;puligny-montrachet;True
цаталанс;catalans;False
дел норте;del norte;True
вилла с.а де;villa s.a de;True
вигнерос;vigneros;True
бодегас санта;bodegas santa;True
рицасоли;ricasoli;True
хаут-магинет;haut-maginet;True
монтерреы;monterrey;True
хередад сегура;heredad segura;True
дел цристо ди;del cristo di;True
маниаго;maniago;True
чâтеау моулин;château moulin;True
де бордеауx ет;de bordeaux et;True
салвалаи;salvalai;False
муллер;muller;True
тхе патрон спириц;the patron spirits;True
хиллс винеыард;hills vineyard;True
бодега терразас;bodega terrazas;True
ван хонсеброуцк;van honsebrouck;True
еичбаум;eichbaum;False
винс ду саинт-чиниан;vins du saint-chinian;True
чиара ди фигини;chiara di figini;True
цартоиxа;cartoixa;True
чатеау цанон ла;chateau canon la;True
чâтеау де;château de;True
де сãо;de são;True
дес цавес;des caves;True
сцотч wхискеы;scotch whiskey;True
мацпхаил;macphail;True
мас де;mas de;True
риттер гмбх;ritter gmbh;True
аполло цо;apollo co;True
цастелло делла;castello della;True
мас qуе винос;mas que vinos;True
грандес дистиллериес;grandes distilleries;True
цавес до монте;caves do monte;True
ариант;ariant;False
саинт-емилион;saint-emilion;True
оцумаре;ocumare;False
домаине фоугераы де;domaine fougeray de;True
тассароло;tassarolo;True
цоли;coli;False
валдемар;valdemar;True
агрицола ди гразиано;agricola di graziano;True
мартеллоззо;martellozzo;True
марчеси де;marchesi de;True
роулерие;roulerie;True
валдеорите;valdeorite;True
алзингер;alzinger;False
д арче;d arche;True
винос де арганза;vinos de arganza;True
пенмара;penmara;True
х.й;h.j;True
хаут - багес;haut - bages;True
норанте;norante;True
миллиат;milliat;True
донг-а;dong-a;True
гуадо;guado;True
wитхер;wither;True
мартиниqуаисе;martiniquaise;True
дистиллериа доменицо;distilleria domenico;True
г.б;g.b;True
нова де носса;nova de nossa;True
годевал;godeval;True
хаут-пеырагуеы;haut-peyraguey;True
счwартауер wерке;schwartauer werke;True
раковник;rakovnik;False
тхарсыс;tharsys;True
рагнауд;ragnaud;True
мезцал;mezcal;True
салмон;salmon;True
саппе публиц;sappe public;True
вентенац;ventenac;True
хередад;heredad;True
лопез;lopez;True
виницола дел норте;vinicola del norte;True
целларс;cellars;True
ечеверриа;echeverria;False
тиназзи;tinazzi;True
бриццо;bricco;True
марqуес дел атрио;marques del atrio;True
тхе дублин либертиес;the dublin liberties;True
хередерос;herederos;True
реал ситио;real sitio;True
ренато;renato;True
ен;en;True
бабич;babich;False
винедос де;vinedos de;True
чатеау бел-орме тронqуоы;chateau bel-orme tronquoy;True
социéтé цоопéративе;société coopérative;True
тй царолан анд;tj carolan and;True
оссиан;ossian;False
генералес;generales;True
црагганморе;cragganmore;False
цортесе;cortese;True
сеифриед естате;seifried estate;True
цристина;cristina;True
конрад;konrad;False
виñедос ы бодегас;viñedos y bodegas;True
чампаулт;champault;True
лес гравес;les graves;True
тенуте ди;tenute di;True
францаисе дес грандс;francaise des grands;True
цусумано;cusumano;False
фиее дес;fiee des;True
треасуры wине;treasury wine;True
дЬоц;d'oc;True
нунзи;nunzi;True
раузан;rauzan;True
гаудианелло;gaudianello;True
темент;tement;False
кумала;kumala;False
хга;hga;True
дгб;dgb;True
дистиллерие де;distillerie de;True
ламбрусцо делл;lambrusco dell;True
цлапиере;clapiere;True
едц н.в wинес;edc n.v wines;True
агрицола подери;agricola poderi;True
амиел;amiel;False
селтерс минералqуелле;selters mineralquelle;True
сãо мигуел;são miguel;True
браугруппе;braugruppe;True
дидиер абсил;didier absil;True
азиенда агрицола ла;azienda agricola la;True
ратти;ratti;True
маттео;matteo;True
маглоире;magloire;True
мв гроуп продуцтион;mv group production;True
домане;domane;True
сцалетте;scalette;True
савалан;savalan;False
цолли д;colli d;True
цампело;campelo;True
античи вигнети;antichi vigneti;True
еарл вигноблес;earl vignobles;True
wиенингер;wieninger;True
цантина делла;cantina della;True
ц.в.;c.v.;True
фугатти;fugatti;True
цооыманс;cooymans;True
лиебенwеисс;liebenweiss;False
ла чоцолатерие;la chocolaterie;True
да вароса;da varosa;True
wачау;wachau;True
сиднеы;sidney;True
ацqуе;acque;True
винедос пие;vinedos pie;True
wеингут дес;weingut des;True
брау-мануфацтурен;brau-manufacturen;True
цоцкбурнс;cockburns;False
аха торо;aha toro;True
морандо;morando;True
милагро;milagro;True
дЬарманвилле;d'armanville;True
wеинкеллереи;weinkellerei;True
кг;kg;True
хийос де;hijos de;True
лустенбергер унд дурст;lustenberger und durst;True
чатеау бел-орме;chateau bel-orme;True
еспириту;espiritu;True
демутх;demuth;True
боую;bouju;True
цордиер местрезат грандс;cordier mestrezat grands;True
грант анд;grant and;True
бодегас авелино;bodegas avelino;True
сабмиллер;sabmiller;False
валдо;valdo;False
ценит;cenit;True
петер;peter;True
царлос;carlos;True
гиованни босца;giovanni bosca;True
глана;glana;True
виллемаурине;villemaurine;True
спенцер;spencer;True
албола;albola;True
цоллаборатион;collaboration;True
еауx минералес;eaux minerales;True
винхо;vinho;True
фгвс;fgvs;False
мезцал с.а;mezcal s.a;True
цристо;cristo;True
фази;fazi;True
гревепеса;grevepesa;True
аббазиа ди;abbazia di;True
цоопéративе виницоле бестхеим;coopérative vinicole bestheim;True
бург;burg;True
толлодоуро;tollodouro;True
латвияс;latvijas;True
саз;saz;True
луциен ле;lucien le;True
лионелло;lionello;True
алиментаре;alimentare;True
гроулт;groult;True
циа теqуилера;cia tequilera;True
унион дес цавес;union des caves;True
домаине ду хаут;domaine du haut;True
цармо;carmo;True
цабанне;cabanne;True
мастроберардино;mastroberardino;False
валцарлос;valcarlos;True
лаwсон;lawson;True
цамила;camila;True
вилниаус;vilniaus;True
паго де;pago de;True
де арганза;de arganza;True
ди фигини;di figini;True
сп.;sp.;True
социета;societa;True
цантина продуттори;cantina produttori;True
наварро лопез;navarro lopez;True
тенута гуадо;tenuta guado;True
цооператива де;cooperativa de;True
прà;prà;True
с.а дес;s.a des;True
винос глобал;vinos global;True
хеинекен асиа;heineken asia;True
виладеллопс;viladellops;True
бадет цлемент;badet clement;True
тхе линдсаы;the lindsay;True
тапада до;tapada do;True
фатториа ле;fattoria le;True
саинт-éмилион;saint-émilion;True
виллефранче;villefranche;True
арести;aresti;True
йеан дуруп;jean durup;True
савен;saven;True
ыацочуыа;yacochuya;True
цордиер местрезат;cordier mestrezat;True
чармаил;charmail;True
агрицола цантина вита;agricola cantina vita;True
луцас;lucas;True
цамус;camus;False
нотас фруталес де;notas frutales de;True
цаса виницола;casa vinicola;True
анд фоод цо;and food co;True
ила;ila;True
с.ц.в.б;s.c.v.b;True
наварро;navarro;True
треасуры;treasury;True
либертиес;liberties;True
сенси;sensi;False
согевинос;sogevinos;True
ориа;oria;True
домаине фредериц;domaine frederic;True
пиqуерас;piqueras;True
античе;antiche;True
торо;toro;True
пирqуе антинори;pirque antinori;True
домингос;domingos;True
чатеау хаут;chateau haut;True
ц.в.ц соц цооп;c.v.c soc coop;True
чиантигиане;chiantigiane;True
сцанфрентз;scanfrentz;False
сорелли;sorelli;False
гиронде;gironde;True
пултенеы;pulteney;True
цервера;cervera;True
неуе;neue;True
пуеыо;pueyo;True
вароса;varosa;True
лес грандс винс;les grands vins;True
ролланд wинес;rolland wines;True
социетà цооператива агрицола;società cooperativa agricola;True
паго де лос;pago de los;True
цооператива агрицола;cooperativa agricola;True
да;da;True
цастеллуццио;castelluccio;False
ддх-ое;ddh-oe;True
рицард;ricard;True
бест спириц;best spirits;True
ла поинте;la pointe;True
бреwериес;breweries;True
водка wорлдwиде;vodka worldwide;True
ам;am;True
грандес виносы;grandes vinosy;True
милламан;millaman;False
чиарло;chiarlo;True
арцобрау графличес;arcobrau grafliches;True
борро;borro;True
енцомиенда де;encomienda de;True
бебидас;bebidas;True
цалем;calem;False
лЬоратоире;l'oratoire;True
сиднеы франк;sidney frank;True
ангус дундее;angus dundee;True
луис;luis;True
ладубаы;ladubay;True
рефресцо деуцчланд;refresco deutschland;True
бруна;bruna;True
виницола;vinicola;True
баче-габриелсен;bache-gabrielsen;False
терциц;tercic;False
оберто;oberto;True
согевинус;sogevinus;True
бодега терразас де;bodega terrazas de;True
цантали;tsantali;False
азиенда агрицола wеингут;azienda agricola weingut;True
малтроые;maltroye;True
осса;ossa;True
марqуéс;marqués;True
гвг грандс;gvg grands;True
и ви;i vi;True
дел чианти;del chianti;True
даумас;daumas;True
ет филс/фамилле;et fils/famille;True
унитед дутч;united dutch;True
фермиере дес;fermiere des;True
теqуилера ла;tequilera la;True
валтравиесо;valtravieso;False
лес винс де;les vins de;True
цастелли дел;castelli del;True
стемпел;stempel;True
др.саломон wеин;dr.salomon wein;True
ицан;ican;False
баттаглиа;battaglia;True
сплеен;spleen;True
ы винедос марqуес;y vinedos marques;True
ладоуцетте;ladoucette;True
индустриас цоqует;industrias coquet;True
аглаеа;aglaea;True
авеледа;aveleda;True
домаине ницолас;domaine nicolas;True
лфе;lfe;True
минералqуелле аугуста викториа;mineralquelle augusta viktoria;True
qуинта да ромеира;quinta da romeira;True
вигнеронс цостиерес ет;vignerons costieres et;True
феинкост;feinkost;True
алтоландон;altolandon;True
лынч;lynch;True
алан де;alan de;True
ромате;romate;True
гоедверwачт фамилы;goedverwacht family;True
тесо;teso;True
цоурриан;courrian;True
хнос;hnos;True
перрин ет филс/фамилле;perrin et fils/famille;True
роено ди;roeno di;True
фпд фоод;fpd food;True
доббе;dobbe;True
хациенда ы винедос;hacienda y vinedos;True
марнискари;marniskari;False
децорди;decordi;True
паоло;paolo;True
лицорера де;licorera de;True
унион дес;union des;True
тчибо мануфацтуринг поланд;tchibo manufacturing poland;True
луиги лавазза;luigi lavazza;True
фолонари;folonari;True
саинте;sainte;True
цомпаниа виницола;compania vinicola;True
сассо;sasso;True
цасал да;casal da;True
поггио ле;poggio le;True
цорлеоне;corleone;True
сарл;sarl;True
циро;ciro;False
гобиллард ет;gobillard et;True
террелиаде;terreliade;False
вини типици;vini tipici;True
еауx де;eaux de;True
девиан;devian;True
лионЬс;lion's;True
париенте;pariente;True
моунтаин винеыардс пты;mountain vineyards pty;True
боыреин;boyrein;True
томатин;tomatin;False
цаЬмарцанда;ca'marcanda;False
бассац;bassac;True
ремоиссенет;remoissenet;True
фарманд;farmand;False
дестиладос;destilados;True
цомпагние дес;compagnie des;True
маисон пиерре;maison pierre;True
хийос де вилла;hijos de villa;True
винариа;vinaria;True
халве;halve;True
ана;ana;True
дистиллериес ет;distilleries et;True
йоел;joel;True
мертес;mertes;True
домаине фоугераы;domaine fougeray;True
цампилло;campillo;False
гуиллет;guillet;True
агрицолтори дел чианти;agricoltori del chianti;True
паулы-бергwеилер;pauly-bergweiler;True
бастор;bastor;True
цастелверо;castelvero;True
зупа;zupa;True
бодегас наварро лопез;bodegas navarro lopez;True
цруз де;cruz de;True
тимес;times;True
регата;regata;True
дуцс;ducs;True
ласцомбес;lascombes;True
лес цавес де;les caves de;True
варда;varda;True
маисонс марqуес;maisons marques;True
сала;sala;True
белгарде;belgarde;False
сетте;sette;True
броглиа социета;broglia societa;True
носса сенхора до;nossa senhora do;True
палацио де;palacio de;True
wеннекер;wenneker;False
аднамс;adnams;False
кроне;krone;False
монтанха;montanha;True
счлосс;schloss;True
домаине тхомас е;domaine thomas e;True
агрицолтори;agricoltori;True
естерхазы;esterhazy;True
лаярре;lajarre;True
цалвадос пиерре;calvados pierre;True
цаннон wинес;cannon wines;True
счуберт;schubert;False
тхе белгиан чоцолате;the belgian chocolate;True
босцq;boscq;True
балка;balka;True
агрицола ил;agricola il;True
цалцада;calcada;False
хациенда ы;hacienda y;True
цапарзо;caparzo;False
ланг;lang;True
ерсте е;erste e;True
пернод;pernod;True
чатеау лЬермитаге цостиерес;chateau l'ermitage costieres;True
wемысс;wemyss;True
паганос;paganos;True
сапин;sapin;True
брассерие;brasserie;True
сумарроца;sumarroca;True
мацчиоле;macchiole;True
азиенда агрицола силла;azienda agricola silla;True
де даумас;de daumas;True
патрон;patron;True
франсиц;fransic;True
вино;vino;True
дубоеуф;duboeuf;True
деи вини;dei vini;True
цамино;camino;True
тогни;togni;False
виницола сартори;vinicola sartori;True
дионысос;dionysos;True
молсон;molson;True
тхе фамоус;the famous;True
маркетинг;marketing;True
меригнац;merignac;True
фабре;fabre;True
рурал;rural;True
пхармацеутицал;pharmaceutical;True
саинт-сатурнин;saint-saturnin;True
чоцолатес ван дыцк;chocolates van dyck;True
кдв;kdv;True
келсен гроуп;kelsen group;True
маисонс;maisons;True
домаине ду чатеау;domaine du chateau;True
ца`маиол;ca`maiol;True
виницоле барон едмонд;vinicole baron edmond;True
пèре ет;père et;True
муллер-гроссманн;muller-grossmann;True
броглиа;broglia;True
винас дел;vinas del;True
соргенте верна;sorgente verna;True
артевино;artevino;False
лЬаумераде;l'aumerade;True
сатера;satera;False
социете фермиере дес;societe fermiere des;True
фернандо;fernando;True
азелиа ди;azelia di;True
неферис;neferis;True
тиффон;tiffon;False
саинт-флоран;saint-floran;True
баглио дел цристо;baglio del cristo;True
маргхерита;margherita;True
тчибо мануфацтуринг;tchibo manufacturing;True
адега де;adega de;True
нери;neri;True
ла чиара ди;la chiara di;True
гарофоли;garofoli;False
валсангиацомо;valsangiacomo;True
з.о.о;z.o.o;True
сопра;sopra;True
треваллон;trevallon;True
йм гобиллард ет;jm gobillard et;True
терразул;terrazul;False
терензуола;terenzuola;False
бодегуес;bodegues;True
салида;salida;False
роуллет;roullet;False
монторси;montorsi;False
согевинус фине;sogevinus fine;True
бацалхоа;bacalhoa;False
де пирqуе антинори;de pirque antinori;True
роберто индустриа алиментаре;roberto industria alimentare;True
палацио;palacio;True
пабст;pabst;True
дестилериас антонио;destilerias antonio;True
сиднеы франк импортинг;sidney frank importing;True
деуx монтилле;deux montille;True
террегаие;terregaie;False
фалесцо;falesco;False
азелиа ди луиги;azelia di luigi;True
пианетто;pianetto;True
тутунйиан wине;tutunjian wine;True
вигнеронс проприетес;vignerons proprietes;True
ермете;ermete;True
анцона;ancona;True
енцомиенда;encomienda;True
чристиан;christian;True
феррарелле;ferrarelle;False
луxлите;luxlite;False
ензо;enzo;True
ягермеистер;jagermeister;False
интерснацк поланд сп.з;intersnack poland sp.z;True
трийол;trijol;True
цóдаx;códax;True
вите;vite;True
палари;palari;True
счрöдер ет;schröder et;True
цорсино цорсини;corsino corsini;True
й.л;j.l;True
исле оф;isle of;True
марчесе;marchese;True
анд ц;and c;True
хелена;helena;True
циццио;ciccio;True
чатеау д;chateau d;True
социета агрицола ил;societa agricola il;True
гласгоw;glasgow;True
рефресцо;refresco;True
новацелла;novacella;True
албино;albino;True
цлос дес;clos des;True
монтилле;montille;True
хердаде де сãо;herdade de são;True
ди луиги;di luigi;True
инвер хоусе;inver house;True
еарл;earl;True
ла цантина;la cantina;True
република;republika;True
латин;latin;True
азиенда агрицола сордо;azienda agricola sordo;True
яноуеиx;janoueix;True
н.в;n.v;True
поггио ди;poggio di;True
бевераге;beverage;True
санчез ромате хнос;sanchez romate hnos;True
чâтеау лес;château les;True
фруитинг;fruiting;False
сан педро де;san pedro de;True
плата;plata;True
бейот;bejot;False
хийос;hijos;True
чампагнес;champagnes;True
е цомерциал;e comercial;True
фернандо цастро;fernando castro;True
фаваиос;favaios;True
моррисон;morrison;True
неузеллер;neuzeller;True
санта цристина;santa cristina;True
гуилхермино реис алвес;guilhermino reis alves;True
роцкстар;rockstar;True
тамеллини;tamellini;False
чатеау л;chateau l;True
агр;agr;True
орнеллаиа;ornellaia;False
моня;monja;True
алтура;altura;True
цапитани;capitani;True
ладоуыс;ladouys;True
ниова;niova;True
азиенда агрицола азелиа;azienda agricola azelia;True
цаса армандо;casa armando;True
сте дес;ste des;True
естебан;esteban;True
аwаы;away;True
цроиx де;croix de;True
дистиллериа цристиани;distilleria cristiani;True
оф арран;of arran;True
гестиони пиццини;gestioni piccini;True
алвес;alves;True
арионе;arione;True
дЬорциа;d'orcia;True
асканели;askaneli;True
арноуx;arnoux;True
цантина вита;cantina vita;True
манор;manor;True
сарл вигноблес;sarl vignobles;True
харас;haras;True
елена;elena;True
киндзмараули;kindzmarauli;True
ал тассо;al tasso;True
сантиаго;santiago;True
рецторал;rectoral;True
аттис;attis;True
чассе;chasse;True
пипер-хеидсиецк;piper-heidsieck;False
гвг сц;gvg sc;True
басцонциллос;basconcillos;True
йохн деwар анд;john dewar and;True
балзамс;balzams;True
цасто;casto;True
чанте;chante;True
wинеры анд;winery and;True
плаимонт;plaimont;True
гленгоыне;glengoyne;False
сцв лугны;scv lugny;True
силла;silla;True
иан мацлеод;ian macleod;True
босио;bosio;True
деуцчланд;deutschland;True
пастеур;pasteur;True
цооператива теqуилера;cooperativa tequilera;True
пуертас;puertas;True
н.в wинес;n.v wines;True
лоис;lois;True
матч;match;True
цапеззана;capezzana;True
брард;brard;True
грандс чаис де;grands chais de;True
будейовицкы местанскы;budejovicky mestansky;True
милениум;milenium;True
шепхерд;shepherd;True
пеуреуx;peureux;True
майо;majo;True
тхелема;thelema;True
моргасси;morgassi;True
бодегас цристо;bodegas cristo;True
кендалл-яцксон;kendall-jackson;False
ябоулет;jaboulet;True
цавес до;caves do;True
еспириту де;espiritu de;True
ду саинт-чиниан унион;du saint-chinian union;True
домаине францк;domaine franck;True
боекенхоуцклооф;boekenhoutskloof;False
саппе публиц цомпаны;sappe public company;True
цасцина бруциата;cascina bruciata;True
марqуес дел;marques del;True
китчак;kitchak;False
пиера;piera;True
гаула;gaula;True
н.в.;n.v.;True
беаудет;beaudet;True
бодегас цруз;bodegas cruz;True
цаселла;casella;True
местрезат;mestrezat;True
абел мендоза;abel mendoza;True
wедел;wedel;True
цармим;carmim;False
авива;aviva;True
царолан анд сон;carolan and son;True
янусз;janusz;True
ситио де;sitio de;True
релвас;relvas;True
группе;gruppe;True
домаине денис;domaine denis;True
даупхинс;dauphins;True
оливарес;olivares;True
wиллиам лаwсон;william lawson;True
серраденари;serradenari;False
тхомас е;thomas e;True
нотас фруталес;notas frutales;True
дестиладора;destiladora;True
рон;ron;True
нобило;nobilo;True
цачет;cachet;False
мигуел - цаса;miguel - casa;True
моллыдоокер;mollydooker;False
с.а дес минералес;s.a des minerales;True
силени;sileni;True
нова де;nova de;True
продуцта;producta;True
цаса виницола боттер;casa vinicola botter;True
хеавен хилл;heaven hill;True
каисердом специалитатен;kaiserdom specialitaten;True
мосца;mosca;True
орциа;orcia;True
мауро;mauro;True
цорпорацион цуба;corporacion cuba;True
ромисчес;romisches;True
вид;vid;True
дринкс анд фоод;drinks and food;True
гиттон;gitton;True
г.х.мумм;g.h.mumm;False
вентурес;ventures;True
лоч;loch;True
античи вигнети ди;antichi vigneti di;True
трапауд;trapaud;True
стоне;stone;True
цристо де ла;cristo de la;True
хамелин;hamelin;True
асчери;ascheri;True
аполлонио;apollonio;False
йохн деwар;john dewar;True
фриманча индустриас;frimancha industrias;True
азиенда агрицола рубино;azienda agricola rubino;True
алес;ales;True
литторе;littore;True
ерсте е неуе;erste e neue;True
атрио;atrio;True
тормаресца;tormaresca;False
чабассе;chabasse;False
домаине лоуис;domaine louis;True
цантина деи;cantina dei;True
беллефон;bellefon;True
торо дестиладос;toro destilados;True
грандс црус де;grands crus de;True
ерцавио мас qуе;ercavio mas que;True
цамаиссетте;camaissette;True
чатеау беаусейоур;chateau beausejour;True
агриландиа;agrilandia;False
wитхер хиллс;wither hills;True
антица цантина;antica cantina;True
принципе ди;principe di;True
исидро;isidro;True
лангмеил;langmeil;False
мегалине;megaline;False
вспт;vspt;False
домаине де л;domaine de l;True
аралдица;araldica;True
обикwа;obikwa;False
соцадо;socado;False
фрадес;frades;True
тондо;tondo;True
гроwерс;growers;True
аццоладе wинес;accolade wines;True
дистиллериес де;distilleries de;True
с.а.с.;s.a.s.;True
фреиxенет;freixenet;False
вентосилла;ventosilla;True
бове;bove;False
де вие;de vie;True
масчио;maschio;True
сореви;sorevi;False
вигнеронс ду;vignerons du;True
хигхланд qуеен сцотч;highland queen scotch;True
цанон ла;canon la;True
бичот;bichot;True
роцца делле;rocca delle;True
африцан приде;african pride;True
лергенмуллер;lergenmuller;True
бестхеим;bestheim;True
пиццини;piccini;True
wалч;walch;True
домини де ла;domini de la;True
цонча;concha;True
минини;minini;False
дересзла;dereszla;True
гравес де;graves de;True
буглиони;buglioni;True
ларчер пèре;larcher père;True
фрице анд;frice and;True
кöсслер;kössler;False
хациенда;hacienda;True
лги;lgi;True
дуруп пере;durup pere;True
аббона;abbona;True
естатес;estates;True
резван;rezvan;True
борнос;bornos;True
террер;terrer;True
наудеау;naudeau;True
хонсеброуцк;honsebrouck;True
саттлерхоф;sattlerhof;False
маисонс марqуес ет;maisons marques et;True
цанелла;canella;False
енчантоир;enchantoir;True
те;te;True
пие де;pie de;True
неипперг;neipperg;True
маркус;markus;True
дубоурдиеу;dubourdieu;True
листел;listel;True
пердеберг;perdeberg;True
келлереи;kellerei;True
исле;isle;True
социедаде агрíцола е;sociedade agrícola e;True
ангелини;angelini;True
томмаси;tommasi;False
азиенда агрицола монте;azienda agricola monte;True
ацqуе минерали;acque minerali;True
цорно;corno;True
имбуко;imbuko;True
пилзер;pilzer;False
пернод рицард;pernod ricard;True
ланге-реглат;lange-reglat;True
мас де даумас;mas de daumas;True
минералqуелле аугуста;mineralquelle augusta;True
счладерер;schladerer;False
луциен;lucien;True
ремедиа;remedia;False
цорвеззо;corvezzo;False
палари ди;palari di;True
спинетта;spinetta;True
лес цармес;les carmes;True
луца;luca;True
тхе wинеры;the winery;True
виана;viana;True
хиллс винеыард марлбороугх;hills vineyard marlborough;True
пеqуена;pequena;True
харас де;haras de;True
циацци пиццоломини;ciacci piccolomini;True
дес;des;True
мартинет;martinet;True
винеыардс пты;vineyards pty;True
фантинел;fantinel;True
ганя;ganja;True
цлине;cline;True
бел-орме тронqуоы де;bel-orme tronquoy de;True
поинте;pointe;True
дехеса дел;dehesa del;True
винедос марqуес;vinedos marques;True
маландес;malandes;True
ларчер;larcher;True
виниспа;vinispa;True
дегтинė;degtinė;True
лилиан;lilian;True
матха;matha;True
салигны;saligny;True
регуеиро;regueiro;True
георг;georg;True
дЬевиан;d'evian;True
цомпагние францаисе;compagnie francaise;True
гарригуес;garrigues;True
францо;franco;True
есченауер;eschenauer;True
приорат;priorat;True
баио;baio;True
запата;zapata;True
бисцуитерие;biscuiterie;True
моринат;morinat;True
сордо;sordo;True
пионеро;pionero;True
моеллеуx;moelleux;False
цо.;co.;True
соц цооп;soc coop;True
wаренгхем;warenghem;False
манива;maniva;True
исле оф арран;isle of arran;True
чилсунг;chilsung;True
абадиа;abadia;True
wинзер;winzer;True
брауереи;brauerei;True
анцно;ancno;False
сцл;scl;True
салwаы;salway;False
биги;bigi;True
цасцина бруциата ди;cascina bruciata di;True
рецторал до;rectoral do;True
целлер;celler;True
ресс;ress;True
реал ситио де;real sitio de;True
хередерос де;herederos de;True
фруко;fruko;True
еыqуем;eyquem;True
рамóн;ramón;True
агрíцола алеxандре;agrícola alexandre;True
цавит;cavit;False
монталцино;montalcino;True
антица;antica;True
франк;frank;True
ледуц-фроуин;leduc-frouin;True
цлос ду;clos du;True
йеан дуруп пере;jean durup pere;True
биндерер;binderer;True
папе-цлемент;pape-clement;True
матусалем анд;matusalem and;True
мурвиедро;murviedro;True
чоцолате гроуп;chocolate group;True
едмонд де;edmond de;True
нимес;nimes;True
дулонг;dulong;False
гуадо ал;guado al;True
де саинт;de saint;True
броглиа социета семплице;broglia societa semplice;True
стоби;stobi;False
хессен;hessen;True
лаир;lair;True
емпорио;emporio;True
балагуер;balaguer;True
гласгоw wхискы;glasgow whisky;True
бодегас исидро;bodegas isidro;True
дЬаурон;d'auron;True
будейовицкы;budejovicky;True
итар;itar;False
ван дыцк;van dyck;True
андеан;andean;False
чатеау лилиан;chateau lilian;True
й.боучон;j.bouchon;False
цомерциал да вароса;comercial da varosa;True
лафонтан;lafontan;False
борие-маноуx;borie-manoux;False
мичелле;michelle;True
еноиталиа;enoitalia;True
маисон дес;maison des;True
бодегас де;bodegas de;True
аегертер;aegerter;False
цоорс;coors;True
барон едмонд де;baron edmond de;True
д.о.о.;d.o.o.;True
qуинта нова;quinta nova;True
голан;golan;True
гвг;gvg;True
малц;malts;True
берлинер киндл-счултхеисс;berliner kindl-schultheiss;True
виñедос;viñedos;True
местрезат грандс;mestrezat grands;True
прателло;pratello;True
дуца ди;duca di;True
анхеусер-бусч;anheuser-busch;True
географицо;geografico;True
бодега рецторал до;bodega rectoral do;True
цорпорацион цуба рон;corporacion cuba ron;True
тй;tj;True
катхаринен;katharinen;True
селецционес авива;selecciones aviva;True
романеира;romaneira;False
цомерциал да;comercial da;True
амадис де;amadis de;True
малволти;malvolti;True
гмдх;gmdh;True
цорсини;corsini;True
геыерхоф;geyerhof;True
цондадо де;condado de;True
бодегас муриел;bodegas muriel;True
ангове фамилы;angove family;True
чатеау лангоа ет;chateau langoa et;True
чатеау цоустаут;chateau coustaut;True
ви;vi;True
аццордини;accordini;True
муд;mud;True
боависта;boavista;True
валделана;valdelana;True
цорцол;corcol;True
вецчиа цантина ди;vecchia cantina di;True
де халве;de halve;True
вал де вие;val de vie;True
лоуис инвестменц;louis investments;True
мацлеод;macleod;True
роттенстеинер;rottensteiner;True
тенуте;tenute;True
принцес;princes;True
инвераванте;inveravante;True
донг-а пхармацеутицал цо;dong-a pharmaceutical co;True
круг;krug;False
бодега хередерос де;bodega herederos de;True
алмерита;almerita;True
чампагне йм гобиллард;champagne jm gobillard;True
праздрой;prazdroj;True
лоел;loel;True
ацqуе минерали д;acque minerali d;True
цоустаут;coustaut;True
торино дистиллати;torino distillati;True
фруталес;frutales;True
бисцуитерие юлес дестроопер;biscuiterie jules destrooper;True
яффелин;jaffelin;False
хитон;hiton;False
ла более;la bolee;True
аццоладе;accolade;True
слаур;slaur;True
вентоса;ventosa;True
франзинелли;franzinelli;False
клостер-брау;kloster-brau;True
бодега хередерос;bodega herederos;True
пиццоломини д;piccolomini d;True
монтграс;montgras;False
адегас;adegas;True
дзиугас;dziugas;False
рауда;rauda;True
вицчиомаггио;vicchiomaggio;True
wестенд;westend;True
роqуес;roques;True
балтхасар;balthasar;True
цодорниу;codorniu;True
цасанова ди;casanova di;True
тости;tosti;True
емилиа;emilia;True
мозарт;mozart;True
цантине ди;cantine di;True
умберто;umberto;True
массаи;massai;False
марзано;marzano;True
церестин;cerestin;True
цирилло;cirillo;True
лецциаиа;lecciaia;True
риуните;riunite;False
домаине тхомас;domaine thomas;True
цесцон;cescon;True
продуттори;produttori;True
чатеау цос д;chateau cos d;True
мануел дос;manuel dos;True
павиллон де;pavillon de;True
пхилип моррис;philip morris;True
лес вигнерос;les vigneros;True
йеан-маx;jean-max;True
фрезза;frezza;True
францаисе дес;francaise des;True
финос де;finos de;True
ывонне;yvonne;True
вал де;val de;True
юан рамóн;juan ramón;True
чиарли;chiarli;True
wинеры оф;winery of;True
маисон счрöдер;maison schröder;True
мануел;manuel;True
дел норте де;del norte de;True
wеингут wагнер;weingut wagner;True
маззолада;mazzolada;True
полизиано;poliziano;False
цатанхеде;catanhede;True
лхерауд;lheraud;False
п.о;p.o;True
делицато фамилы;delicato family;True
виудас;viudas;True
бадагони;badagoni;False
прието;prieto;True
п.ребер;p.reber;True
фиефс;fiefs;True
дуруп;durup;True
прунотто;prunotto;False
вигноблес йоел;vignobles joel;True
меxицо;mexico;True
цеска;ceska;True
рходаниенне;rhodanienne;True
де солан;de solan;True
виста;vista;True
ет домаинес;et domaines;True
паxтон;paxton;False
паллет;pallet;True
тхе хесс;the hess;True
алпхонсе;alphonse;True
туа;tua;True
урсула wеинкеллереи;ursula weinkellerei;True
аугуста викториа;augusta viktoria;True
степхане;stephane;True
матте;matte;True
цорнареа;cornarea;False
естевез;estevez;True
qуебрада де;quebrada de;True
мв;mv;True
вигнерос де ла;vigneros de la;True
хаыман;hayman;True
хеигхц;heights;True
цамило;camilo;True
азиенда агрицола ди;azienda agricola di;True
лустенбергер унд;lustenberger und;True
грандс црус;grands crus;True
яннеау;janneau;False
мануфацтуринг поланд сп;manufacturing poland sp;True
перелада;perelada;True
фрух ам;fruh am;True
фелипе едwардс;felipe edwards;True
битбургер;bitburger;True
wолтнер;woltner;True
е неуе;e neue;True
лист;list;True
самсонас;samsonas;False
цаса да;casa da;True
гордон;gordon;True
тиеррас де;tierras de;True
фаласцо;falasco;True
ламберти;lamberti;False
терре да;terre da;True
гмобх;gmobh;True
спероне и ви;sperone i vi;True
бертани;bertani;True
нуи;nui;True
масциаре;masciare;True
мпа-1;mpa-1;False
графличес;grafliches;True
согевинос фине;sogevinos fine;True
wарреЬс;warre's;False
тхе дублин;the dublin;True
бардинет;bardinet;False
едмонд;edmond;True
бодегас ло;bodegas lo;True
ец;ets;True
римауресq;rimauresq;True
зово;zovo;True
кросно;krosno;False
оригинал дринкс анд;original drinks and;True
дестиладора сан;destiladora san;True
индустриа лицорера;industria licorera;True
да фонте;da fonte;True
пигнан;pignan;True
wинеман;wineman;True
тариqует;tariquet;True
мигнанего;mignanego;False
ренацер;renacer;True
реал цомпанхиа;real companhia;True
аугуст;august;True
агрицолтори дел;agricoltori del;True
ремоиссенет пере;remoissenet pere;True
накхимов;nakhimov;False
уницогнац;unicognac;False
сантиаго де;santiago de;True
боиссет;boisset;True
линфа;linfa;False
ет де;et de;True
дб;db;True
униwинес;uniwines;True
аецови-йерез;aecovi-jerez;False
гиусто;giusto;True
фермиере;fermiere;True
рубино дотт;rubino dott;True
салин;salin;False
брауереи фрух ам;brauerei fruh am;True
цоно;cono;True
сандеман;sandeman;False
гарниер ет;garnier et;True
нотас;notas;True
тхе нобило;the nobilo;True
мессиас;messias;False
агрицола монте;agricola monte;True
маитрес вигнеронс;maitres vignerons;True
удаца;udaca;False
санглиере;sangliere;True
лоргерил;lorgeril;False
викториа;viktoria;True
цапел;capel;False
филс/фамилле;fils/famille;True
домаине гарниер;domaine garnier;True
ца;ca;True
монте - винхос;monte - vinhos;True
буллеит;bulleit;False
зидарич;zidarich;False
белгиан чоцолатес;belgian chocolates;True
деwар;dewar;True
витивиницола цомм;vitivinicola comm;True
естоурнел;estournel;True
бомаил;bomail;True
терразас де;terrazas de;True
боувиер;bouvier;True
анд сон;and son;True
гиттон пере;gitton pere;True
маддалена;maddalena;True
потаззине;potazzine;True
авантеселецта;avanteselecta;False
бодегас цамино;bodegas camino;True
некеас;nekeas;True
баллантине;ballantine;False
гебрудер;gebruder;True
тоцорнал;tocornal;False
чатеау лЬермитаге;chateau l'ermitage;True
агрицола ф.лли;agricola f.lli;True
терразас де лос;terrazas de los;True
ветриццие;vetriccie;True
грангеотте;grangeotte;True
чатеау хаут-бретон;chateau haut-breton;True
бечер;becher;True
мео-цамузет;meo-camuzet;True
чоцолатецо;chocolateco;True
балагуер и;balaguer i;True
моуниер;mounier;True
агрицола сордо;agricola sordo;True
мацул;macul;True
армагнац;armagnac;True
цомпанхиа дас;companhia das;True
йорге;jorge;True
артос;artos;True
финланд;finland;True
вироу;virou;True
едц н.в;edc n.v;True
спероне и;sperone i;True
азелиа;azelia;True
qуебрада;quebrada;True
фиефс де;fiefs de;True
санчез ромате;sanchez romate;True
бацо;baco;True
терразас;terrazas;True
радебергер;radeberger;True
болс;bols;True
бодегас йосе;bodegas jose;True
лес домаинес;les domaines;True
монтагнац;montagnac;True
боутинот;boutinot;True
мартелле;martelle;False
вигнети ди;vigneti di;True
анселмо;anselmo;True
цапраи;caprai;True
тренел;trenel;True
лтд.;ltd.;True
бранцо;branco;True
мосчина;moschina;True
сегонзац;segonzac;True
леополд;leopold;True
деззани;dezzani;False
теиxеира;teixeira;True
цолли;colli;True
иан;ian;True
паллини;pallini;False
мореау;moreau;True
цооп;coop;True
цангруеы;cangruey;True
ст урсула wеинкеллереи;st ursula weinkellerei;True
гаы;gay;True
цоломбиер-монпелоу;colombier-monpelou;True
царрион;carrion;True
оеноаллианце;oenoalliance;False
сп.з;sp.z;True
алтиа;altia;True
бодегас цамило;bodegas camilo;True
харас де пирqуе;haras de pirque;True
ченет;chenet;True
виñедос ы;viñedos y;True
чатеау чассе;chateau chasse;True
барфонтарц;barfontarc;False
батанерос;bataneros;True
чатеау лес цармес;chateau les carmes;True
купферберг;kupferberg;False
селла;sella;True
тедесчи;tedeschi;True
пеллас;pellas;True
ди гразиано;di graziano;True
керисац;kerisac;False
wагнер;wagner;True
хесс фамилы латин;hess family latin;True
биндерер ст урсула;binderer st ursula;True
собрание;sobranie;False
бодега рецторал;bodega rectoral;True
винс де;vins de;True
биндинг;binding;False
таылор;taylor;True
йм;jm;True
да ромеира;da romeira;True
гуыенне;guyenne;True
винс;vins;True
дес винс;des vins;True
аине;aine;True
берсано;bersano;False
америца;america;True
ора;ora;True
тоутигеац;toutigeac;True
геантет-пансиот;geantet-pansiot;True
протос;protos;True
ду;du;True
вал;val;True
мисты цове;misty cove;True
масциарелли;masciarelli;False
рубино;rubino;True
цапелланес;capellanes;True
qуиоте;quiote;True
марцал;marcal;True
нингбо бест спириц;ningbo best spirits;True
уггиано;uggiano;False
агрицола рубино;agricola rubino;True
мацу;matsu;False
интерснацк;intersnack;True
чиара;chiara;True
биббиано;bibbiano;False
грандс винс ду;grands vins du;True
амброгио;ambrogio;True
бел-орме тронqуоы;bel-orme tronquoy;True
дистиллати;distillati;True
агрицола азелиа;agricola azelia;True
бисерно;biserno;True
qуинта да;quinta da;True
тхе драмбуие;the drambuie;True
рапосеира;raposeira;False
бенанти;benanti;True
фоссо;fosso;True
вирон;viron;False
верноус;vernous;True
ролланд wинес анд;rolland wines and;True
бландыЬс;blandy's;False
спенцерфиелд;spencerfield;True
плацетте;placette;True
албречт;albrecht;True
каисердом;kaiserdom;True
бодегас рамон;bodegas ramon;True
вигнеронс цостиерес;vignerons costieres;True
духарт-милон;duhart-milon;True
азиенда агрицола ца;azienda agricola ca;True
цорнер цреек дистиллинг;corner creek distilling;True
типици;tipici;True
бодегас емилио;bodegas emilio;True
сп;sp;True
моммессин;mommessin;False
арцобрау;arcobrau;True
пабст бреwинг;pabst brewing;True
грозд;grozd;True
аз;az;True
ромеира - wине;romeira - wine;True
дыцк;dyck;True
реигнац;reignac;True
поланд сп;poland sp;True
цлассиqуес дес винс;classiques des vins;True
волпи;volpi;True
бодегас цасто;bodegas casto;True
реитзел индиа;reitzel india;True
ди гразиано прà;di graziano prà;True
хаут-батаиллеы;haut-batailley;True
фрапен;frapen;True
роберто индустриа;roberto industria;True
маисон паул;maison paul;True
хиедлер;hiedler;False
винос вина;vinos vina;True
цоппиере;coppiere;True
цомпагние дес винс;compagnie des vins;True
руффино;ruffino;False
царолина;carolina;True
киндл-счултхеисс;kindl-schultheiss;True
чатеау ла поинте;chateau la pointe;True
боыд-цантенац;boyd-cantenac;True
де носса;de nossa;True
дестроопер;destrooper;True
цуба рон;cuba ron;True
антигал;antigal;False
даниел;daniel;True
грандс чаис;grands chais;True
авелино;avelino;True
агрицола силла;agricola silla;True
цоуиллауд;couillaud;True
иq 4 ыоу;iq 4 you;True
гуигал;guigal;False
бодегас де ла;bodegas de la;True
демерара;demerara;True
ле домаине де;le domaine de;True
мондави;mondavi;True
сопхениа;sophenia;True
саппе;sappe;True
ривиере;riviere;True
с.л;s.l;True
импортерс;importers;True
лЬхоризон;l'horizon;True
сарде;sarde;True
цаса агрíцола алеxандре;casa agrícola alexandre;True
мас;mas;True
терралис;terralis;False
гранд мезцал с.а;grand mezcal s.a;True
муирхеадЬс;muirhead's;False
идс борйоми;ids borjomi;True
qуинта нова де;quinta nova de;True
хенры ламотте;henry lamotte;True
заццагнини;zaccagnini;True
дунцан таылор;duncan taylor;True
цлоует;clouet;True
монгие;mongie;True
вини типици деллЬ;vini tipici dell';True
муñоз;muñoz;True
гандиа;gandia;True
ц интернатионал;c international;True
са;sa;True
бодегас доминио;bodegas dominio;True
вилла мариа;villa maria;True
а де;a de;True
плзенскы;plzensky;True
дует;duet;True
фоуассиер;fouassier;True
аз агр;az agr;True
фрух;fruh;True
фриманча индустриас цамицас;frimancha industrias camicas;True
домаине рене;domaine rene;True
црасто;crasto;True
сеноранс;senorans;True
зантхо;zantho;False
ло нуево;lo nuevo;True
агрицола поггио;agricola poggio;True
годо;godo;True
инт.;int.;True
вецчиа цантина;vecchia cantina;True
импеx;impex;True
неаме;neame;True
бергерац;bergerac;False
мануфацтуринг;manufacturing;True
хердаде де;herdade de;True
арнаиз;arnaiz;True
магрез;magrez;True
алфред риттер;alfred ritter;True
цо.кг;co.kg;True
цантине бонацчи;cantine bonacchi;True
цаса де;casa de;True
лес винс;les vins;True
финландиа водка wорлдwиде;finlandia vodka worldwide;True
марзиано;marziano;True
цаннета;canneta;True
ехд;ehd;True
ассосиес;assosies;True
бреwинг;brewing;True
группо виницоло;gruppo vinicolo;True
овалле;ovalle;True
qуерциабелла;querciabella;True
бодега ла;bodega la;True
аббазиа ди сан;abbazia di san;True
венезие;venezie;True
ордонез;ordonez;True
поуссие;poussie;True
патроцинио;patrocinio;False
г.арпин;g.arpin;True
нувиана;nuviana;True
алокозаы;alokozay;True
лес чаис;les chais;True
катйес;katjes;True
артемовск;artemovsk;True
счогеттен;schogetten;False
осборне;osborne;False
вента ла;venta la;True
ил молино ди;il molino di;True
боурлон;bourlon;True
гирарди;girardi;True
спарр;sparr;True
боставан;bostavan;True
меммингер;memminger;False
честе;cheste;True
атаута;atauta;True
домецq;domecq;True
виеуx платеау;vieux plateau;True
гравес;graves;True
виницоло фантинел;vinicolo fantinel;True
пхилип;philip;True
цатена;catena;True
боидо;boido;True
массандра;massandra;False
хочwалд;hochwald;True
мелини;melini;False
гиацомо спероне и;giacomo sperone i;True
делверде;delverde;False
пеqуено;pequeno;True
цалвет;calvet;True
аласиа;alasia;False
рафаел;rafael;True
салентеин;salentein;True
гвг грандс винс;gvg grands vins;True
баглио ди;baglio di;True
гиованни фолонари;giovanni folonari;True
итало;italo;True
ц.г.р.;c.g.r.;True
нингбо бест;ningbo best;True
бисqуит;bisquit;False
виницоле барон;vinicole baron;True
с.р.л;s.r.l;True
габриел;gabriel;True
стефанини;stefanini;True
термер;termer;False
азиенда агрицола роено;azienda agricola roeno;True
центенарио;centenario;True
пхармацеутицал цо;pharmaceutical co;True
балб;balb;True
индустриа лицорера де;industria licorera de;True
ла чоцолатерие де;la chocolaterie de;True
наудин;naudin;True
бутера;butera;True
й.п;j.p;True
интернатионал инноватион;international innovation;True
фемар вини;femar vini;True
борйоми;borjomi;True
м.чапоутиер;m.chapoutier;False
маисон счрöдер ет;maison schröder et;True
бернадотте;bernadotte;True
платон;platon;True
сwедиш;swedish;True
флагстоне;flagstone;False
гелас;gelas;True
виницола дел;vinicola del;True
дреwиx;drewix;False
цомпаниа витивиницола;compania vitivinicola;True
бисцуитерие юлес;biscuiterie jules;True
винос де;vinos de;True
чатеау лес гравес;chateau les graves;True
боннет-гапенне;bonnet-gapenne;True
дидиер;didier;True
деллавалле;dellavalle;False
монополе;monopole;True
наигеон;naigeon;True
реис;reis;True
домини де;domini de;True
унд дурст;und durst;True
цаннето;canneto;False
агрицола wеингут;agricola weingut;True
wассер;wasser;True
хардыс;hardys;False
оузо;ouzo;True
донг-а пхармацеутицал;dong-a pharmaceutical;True
пруниер;prunier;True
йоурдан;jourdan;True
босчендал;boschendal;False
монтроуге;montrouge;True
педро де;pedro de;True
аqуарелла;aquarella;False
дотт;dott;True
цастелло д;castello d;True
делицато;delicato;True
реепбана;reepbana;True
монтицчио;monticchio;True
сãо;são;True
роыер;royer;True
цорпорацион;corporacion;True
равенсбург;ravensburg;True
цасали витицултори;casali viticultori;True
биндерер ст;binderer st;True
лорон;loron;True
ле сетте;le sette;True
ямес;james;True
массериа;masseria;True
фуссигны;fussigny;True
аргенто;argento;False
аббазиа;abbazia;True
ыqуем;yquem;True
цаттин;cattin;True
домаине брард;domaine brard;True
дом;dom;True
монтерапони;monteraponi;False
гил фамилы;gil family;True
перрин ет;perrin et;True
лафлеур-ваузелле;lafleur-vauzelle;True
аладаме;aladame;True
бранцотт;brancott;True
цавес да;caves da;True
неиве;neive;True
ситио;sitio;True
бинотто;binotto;True
дуцассе;ducasse;True
бране;brane;True
лицорес;licores;True
гаттавецчи;gattavecchi;False
мендоза;mendoza;True
цооперативес;cooperatives;True
траце;trace;True
магиц роцк;magic rock;True
црофт;croft;False
цамицас;camicas;True
кухн;kuhn;True
бодегас пеналба;bodegas penalba;True
марронниерс;marronniers;True
гбс;gbs;False
цреек дистиллинг;creek distilling;True
цабаллеро;caballero;True
мгм мондо дел;mgm mondo del;True
грамерцы;gramercy;True
еглисе;eglise;True
цлоетта;cloetta;True
бел-орме;bel-orme;True
савас;savas;False
ст катхаринен;st katharinen;True
цордиер;cordier;True
дурст;durst;True
ду виеуx платеау;du vieux plateau;True
ло;lo;True
инфантадо;infantado;True
очоа;ochoa;True
азиенда агрицола;azienda agricola;True
д асиаго;d asiago;True
wеллингтон;wellington;True
цоqуерел;coquerel;False
ваилларт ла;vaillart la;True
марqуес ет;marques et;True
цампбелл;campbell;True
енологиа;enologia;True
абсолу;absolu;False
сангсом;sangsom;True
маисон де;maison de;True
егурен;eguren;True
теиченне;teichenne;False
специалитатен брауереи;specialitaten brauerei;True
бруциата;bruciata;True
сцв;scv;True
бортоли;bortoli;True
фермиере дес грандс;fermiere des grands;True
силвио;silvio;True
ленотти;lenotti;False
триноро;trinoro;True
винултра;vinultra;False
латоур-мартиллац;latour-martillac;True
чатеау ларривет;chateau larrivet;True
финос;finos;True
графен;grafen;True
лафаурие;lafaurie;False
лефебвре;lefebvre;False
дгб пты;dgb pty;True
ландиé;landié;True
цасарена;casarena;False
агрíцола е цомерциал;agrícola e comercial;True
клостер;kloster;True
тассо;tasso;True
рогуе;rogue;True
нора;nora;True
бодегас ло нуево;bodegas lo nuevo;True
тчибо;tchibo;True
чавес;chaves;True
целлер балагуер;celler balaguer;True
теqуилера;tequilera;True
болеро;bolero;True
агрицола цастеллана;agricola castellana;True
игино;igino;True
агрицола цантина;agricola cantina;True
чристине;christine;True
цристиани;cristiani;True
брион;brion;True
тамара;tamara;True
де носса сенхора;de nossa senhora;True
цаса сантос;casa santos;True
арче;arche;True
витивиницола;vitivinicola;True
чассенаы;chassenay;True
лецомпте;lecompte;True
дес минералес;des minerales;True
цомпаниа виницола дел;compania vinicola del;True
более;bolee;True
геленджик;gelendzhik;False
чампеноисе;champenoise;True
вацqуеырас;vacqueyras;False
алдеануева;aldeanueva;True
лароче;laroche;True
роqуета;roqueta;False
пампас;pampas;True
дистиллериес ет домаинес;distilleries et domaines;True
цапичера;capichera;False
продуцтос;productos;True
чâтеау ваилларт;château vaillart;True
цол д;col d;True
етаблиссеменц тренел;etablissements trenel;True
махлер-бессе;mahler-besse;False
муриел;muriel;True
глаетзер;glaetzer;False
групо теqуилеро;grupo tequilero;True
целларо;cellaro;True
моренас;morenas;True
гинеса;ginesa;True
ди салваторе;di salvatore;True
пхилиппе де ротхсчилд;philippe de rothschild;True
раце;race;True
чатеау лынч;chateau lynch;True
паыс;pays;True
армениа;armenia;True
дор;dor;True
дЬарце;d'arce;True
ц.в.ц соц;c.v.c soc;True
юмилла;jumilla;True
фелипе;felipe;True
лЬермитаге цостиерес;l'ermitage costieres;True
ец гуиллет;ets guillet;True
батх алес;bath ales;True
фонреауд;fonreaud;True
антица дистиллериа доменицо;antica distilleria domenico;True
педро;pedro;True
цорсино;corsino;True
боусцаут;bouscaut;True
тхе драмбуие лиqуеур;the drambuie liqueur;True
фемар;femar;True
санчез;sanchez;True
вердугуез;verduguez;True
галопе;galope;True
барале;barale;True
агрицола азелиа ди;agricola azelia di;True
таылор анд;taylor and;True
цантагалло;cantagallo;True
меллот;mellot;True
винницо;vinnico;True
мулти гроуп;multi group;True
астон;aston;True
тресч;tresch;False
хесс фамилы;hess family;True
цтра.;ctra.;True
иришман;irishman;True
грееноцк;greenock;True
роселине;roseline;True
унитед wинеры анд;united winery and;True
брос.;bros.;True
цонтри;contri;True
чаис де;chais de;True
трапиче;trapiche;False
шаw-росс;shaw-ross;True
цоубет;coubet;True
wорлдwиде;worldwide;True
цантина терре;cantina terre;True
родригуез е;rodriguez e;True
моине;moine;True
сан мичелле;san michelle;True
ди майо;di majo;True
лацомбе;lacombe;True
ецобленд;ecoblend;False
граве;grave;True
горчс;gorchs;True
домаине гарниер ет;domaine garnier et;True
семпе;sempe;True
доwЬс;dow's;False
троис фререс;trois freres;True
цавино;cavino;False
дос сантос;dos santos;True
цлос qуебрада де;clos quebrada de;True
цалдас;caldas;True
сосиандо-малле;sosiando-malle;True
сц;sc;True
социете;societe;True
домаине чанте;domaine chante;True
нарди;nardi;True
хемметер;hemmeter;True
ц анд;c and;True
гарзон-агроланд;garzon-agroland;True
мас мартинет;mas martinet;True
доудет;doudet;True
винçонниèре;vinçonnière;True
боуqуеы;bouquey;True
дамилано;damilano;False
рудолф;rudolf;True
гранд вин;grand vin;True
чиле;chile;True
бреуил;breuil;True
цалдирола;caldirola;False
винарныа;vinarnya;True
албан;alban;True
йеан-маурице;jean-maurice;True
литторе фамилы;littore family;True
аргиано;argiano;False
де пирqуе;de pirque;True
боттер;botter;True
брокерЬс;broker's;True
салваторе;salvatore;True
мццлелланд;mcclelland;False
цавес де ла;caves de la;True
нерис;neris;True
лес гравес де;les graves de;True
магнан;magnan;True
аугуста;augusta;True
мендес;mendes;True
диез;diez;True
гразиано прà;graziano prà;True
грандс винс;grands vins;True
маззеи;mazzei;False
витицолтори сенеси;viticoltori senesi;True
домаин;domain;True
мулти гроуп интернатионал;multi group international;True
мгм мондо;mgm mondo;True
wолфбергер;wolfberger;False
пуерто;puerto;True
лефкадиа;lefkadia;False
ундуррага;undurraga;False
гроуп интернатионал;group international;True
иницон;inicon;False
фонбадет;fonbadet;True
пты;pty;True
бодегас зифар;bodegas zifar;True
чâтеау ле;château le;True
лес маитрес вигнеронс;les maitres vignerons;True
цоутет;coutet;True
унибреw;unibrew;True
рус;rus;True
цогнац;cognac;True
малесцот ст;malescot st;True
дроуин;drouin;True
црансwицк;cranswick;False
офф-писте;off-piste;True
унивита;univita;False
цастеллана;castellana;True
сwеетлине;sweetline;False
алмондо;almondo;True
велха;velha;True
лойера;lojera;True
регнард;regnard;False
qуинта дос;quinta dos;True
хаые;haye;True
хаммекен;hammeken;True
бевеланд;beveland;False
домингос гуилхермино реис;domingos guilhermino reis;True
лауристон;lauriston;True
ла цомпагние;la compagnie;True
уццоар;uccoar;True
едwардс;edwards;True
цаса ройо енологиа;casa rojo enologia;True
реичолд феинкост;reichold feinkost;True
агрицола ца;agricola ca;True
цоне;cone;True
тхуневин;thunevin;False
романе;romane;True
социете фермиере;societe fermiere;True
цомпаниес;companies;True
ы бодегас;y bodegas;True
агрицола роено;agricola roeno;True
быасс;byass;True
цампо де;campo de;True
гаудры;gaudry;True
цастагнер;castagner;False
сантоццио;santoccio;True
цаол;caol;True
тхе wинеры оф;the winery of;True
бецот;becot;True
г д;g d;True
ерцавио мас;ercavio mas;True
фиее;fiee;True
наудс;nauds;True
глетчер;gletcher;True
унд ричарз;und richarz;True
франк импортинг;frank importing;True
перлино;perlino;True
тронqуоы;tronquoy;True
хумберт;humbert;True
дЬиталиа;d'italia;True
барбадилло;barbadillo;True
фпд;fpd;True
цондадо;condado;True
гренки;grenki;True
барцело;barcelo;True
вин де;vin de;True
гуыенноисе;guyennoise;True
саротто;sarotto;False
бисцарец;biscarets;True
серрес;serres;True
террессентиа;terressentia;True
хаут-бретон;haut-breton;True
карлсберг;karlsberg;False
новаре;novare;True
феуиллатте;feuillatte;True
дон;don;True
платеау;plateau;True
винадеис;vinadeis;False
бастианич;bastianich;False
симоннет;simonnet;True
шараб-2;sharab-2;True
абсил;absil;True
мичеле;michele;True
цоутуриер;couturier;True
деи вини типици;dei vini tipici;True
цлемент ет;clement et;True
блавод дринкс;blavod drinks;True
ет леовилле;et leoville;True
ларчер пèре ет;larcher père et;True
гроуп продуцтион;group production;True
бодегас фернандо цастро;bodegas fernando castro;True
дЬаттимис;d'attimis;True
поланд;poland;True
дестилериас;destilerias;True
бодегас ерцавио мас;bodegas ercavio mas;True
роено;roeno;True
таиттингер;taittinger;False
импортинг;importing;True
бе;be;True
алаверди;alaverdi;False
портобелло;portobello;True
домингос гуилхермино;domingos guilhermino;True
лицорера;licorera;True
роыал фруит;royal fruit;True
дундее;dundee;True
адинцо;adinco;False
обало;obalo;True
соц;soc;True
совеx;sovex;True
wинеры оф гоод;winery of good;True
домаине арноуx;domaine arnoux;True
гобиллард;gobillard;True
саинт-пиерре;saint-pierre;True
цаса армандо гуиллермо;casa armando guillermo;True
цавес;caves;True
qуинтессентиал;quintessential;True
тхелема моунтаин;thelema mountain;True
циабаттино;ciabattino;True
фонтана ермес;fontana ermes;True
идс;ids;True
пеналба;penalba;True
спеыбурн;speyburn;False
саинт-чиниан унион дес;saint-chinian union des;True
лавантуреуx;lavantureux;True
и ви с;i vi s;True
арзуага;arzuaga;True
сц ду чатеау;sc du chateau;True
спрингс;springs;True
йоугранд;jougrand;True
хенингер;heninger;False
ла цроиx де;la croix de;True
мгм;mgm;True
зпц янусз;zpc janusz;True
фонбел;fonbel;True
4 ыоу;4 you;True
фебвре;febvre;True
продуцтеурс;producteurs;True
фабио;fabio;True
гранд-пуы;grand-puy;True
цабре;cabre;True
сауза;sauza;True
верна;verna;True
цалиссе;calisse;True
винс де бордеауx;vins de bordeaux;True
ал;al;True
яррауд;jarraud;True
фурст;furst;True
петерЬс;peter's;True
фрати;frati;True
араеx;araex;False
цастелсина;castelsina;True
ла чиара;la chiara;True
wиллиам грант анд;william grant and;True
арести чиле;aresti chile;True
тапада;tapada;True
кунстлер;kunstler;True
цорнер цреек;corner creek;True
анура;anura;False
мукхрани;mukhrani;True
сте;ste;True
чâтеау де ла;château de la;True
тхе нобило целлар;the nobilo cellar;True
воыер;voyer;True
ретуерта;retuerta;True
торри;torri;True
цавас;cavas;True
бригалдара;brigaldara;True
де лос;de los;True
ра;ra;True
ыеаландс;yealands;True
воллмер;vollmer;False
аралдица вини;araldica vini;True
йсц;jsc;True
блацк форест;black forest;True
wестмалле;westmalle;False
фоугераы де;fougeray de;True
царабиниерс;carabiniers;True
тасца д;tasca d;True
счоффит;schoffit;True
нобило целлар;nobilo cellar;True
хочwалд фоодс;hochwald foods;True
меса;mesa;True
лузон;luzon;True
алокозаы гроуп;alokozay group;True
брокерЬс гин;broker's gin;True
ц да;c da;True
лорензон;lorenzon;True
белгиан чоцолатес ван;belgian chocolates van;True
хигхланд qуеен;highland queen;True
фигли цантине;figli cantine;True
проприетес;proprietes;True
берры бротхерс анд;berry brothers and;True
юве ы;juve y;True
патрон спириц;patron spirits;True
луссац-саинт-емилион;lussac-saint-emilion;False
ферры;ferry;True
домаине чарлес;domaine charles;True
деллЬ;dell';True
улиссе;ulisse;True
сенеси;senesi;True
фонцалиеу;foncalieu;True
куыпер;kuyper;True
еуцалиптус;eucaliptus;False
виницоло;vinicolo;True
андес;andes;True
тернынцк;ternynck;True
карлофф;karloff;False
ума инвестменц;uma investments;True
бисqуертт;bisquertt;False
е цомерциал да;e comercial da;True
блавод;blavod;True
лупé-чолет;lupé-cholet;False
бодегас хередад;bodegas heredad;True
о.о.;o.o.;True
тесо ла;teso la;True
ригал;rigal;False
цуатро;cuatro;True
qуеен сцотч wхискеы;queen scotch whiskey;True
саук-дере;sauk-dere;False
шаw-росс интернатионал;shaw-ross international;True
первомаискы;pervomaisky;False
мартигнан;martignan;True
роцца;rocca;True
бодегас дел;bodegas del;True
маси;masi;False
бурниер;burnier;True
домаинес де;domaines de;True
муре;mure;True
дел цристо;del cristo;True
валса нуова;valsa nuova;True
социéтé;société;True
бодегас ерцавио;bodegas ercavio;True
марqуéс де;marqués de;True
дел атрио;del atrio;True
багателле;bagatelle;True
сартирано фигли;sartirano figli;True
геисwеилер;geisweiler;True
чâтеау моулин де;château moulin de;True
аллегрини;allegrini;False
домаине йеан де;domaine jean de;True
циа;cia;True
тхе чатеау цоустаут;the chateau coustaut;True
пиринеос;pirineos;True
цасал;casal;True
поланд сп.з;poland sp.z;True
цантине е;cantine e;True
наиа;naia;True
вилла с.а;villa s.a;True
фирриато;firriato;False
бордеауx;bordeaux;True
ет;et;True
чатеау беллевуе;chateau bellevue;True
хаутес-цотес;hautes-cotes;True
мореы-бланц;morey-blanc;False
мацие;macie;True
норте;norte;True
цоррегес;correges;True
сарл вигноблес гуигнард;sarl vignobles guignard;True
бурлотто;burlotto;True
цевицо гроуп ц.в.ц;cevico group c.v.c;True
цонте дЬаттимис;conte d'attimis;True
чристманн;christmann;True
фигли цантине е;figli cantine e;True
цонде;conde;True
бабылонЬс;babylon's;True
броуwерий;brouwerij;True
агрíцола е;agrícola e;True
алессандриа;alessandria;True
моррисон боwморе;morrison bowmore;True
счÿлер;schÿler;True
азиенда;azienda;True
елгин;elgin;True
сартирано фигли цантине;sartirano figli cantine;True
бодегас наварро;bodegas navarro;True
чапоуx;chapoux;True
агрицола ла чиара;agricola la chiara;True
манзоне;manzone;False
вицентини;vicentini;True
хеавен;heaven;True
тхе патрон;the patron;True
с.ц.;s.c.;True
цонде де;conde de;True
росси д асиаго;rossi d asiago;True
аугуст сторцк;august storck;True
арагона;aragona;True
унитед wинеры;united winery;True
биллецарт;billecart;True
цостиерес ет;costieres et;True
хунгары;hungary;True
анд фоод;and food;True
лес грандс чаис;les grands chais;True
тиеррас;tierras;True
тап;tap;True
а/с;a/s;True
либранди;librandi;False
ст урсула;st ursula;True
неирано;neirano;True
логе;loge;True
агрицола поггио ле;agricola poggio le;True
аргиолас;argiolas;False
алокозаы гроуп оф;alokozay group of;True
дес еауx де;des eaux de;True
марчигуе;marchigue;True
лес маитрес;les maitres;True
qуе винос глобал;que vinos global;True
wаипара;waipara;True
пиерре де;pierre de;True
ромеира;romeira;True
муга;muga;True
лачауx;lachaux;True
салетте;salette;True
царризал;carrizal;True
цасалбор;casalbor;False
цалон-сегур;calon-segur;True
цаЬ;ca';True
циацци;ciacci;True
лЬорангерие;l'orangerie;True
тхе белгиан;the belgian;True
лавацчио;lavacchio;False
лабеырие;labeyrie;False
унивитис;univitis;False
ле бон;le bon;True
специалитатен брауереи гмдх;specialitaten brauerei gmdh;True
гразиано;graziano;True
бессерат де;besserat de;True
лангоа ет леовилле;langoa et leoville;True
цаса агрíцола;casa agrícola;True
цесте;ceste;False
цомм;comm;True
специалитатен;specialitaten;True
аренберг;arenberg;False
с.п.а;s.p.a;True
домаине ричард;domaine richard;True
цевицо гроуп;cevico group;True
ерцавио;ercavio;True
софос;sofos;False
индустриас;industrias;True
уwе;uwe;True
волвер;volver;True
витицолтори;viticoltori;True
цолле;colle;True
брандс;brands;True
донйон;donjon;True
камиче;kamiche;True
цвне;cvne;True
еxуперы;exupery;True
полска;polska;True
дунцан таылор анд;duncan taylor and;True
трицон;tricon;True
бароя;baroja;True
мичаел;michael;True
цорте;corte;True
чатеау церестин;chateau cerestin;True
wерке;werke;True
д′еспиет;d′espiet;True
пиццоломини;piccolomini;True
рапитала;rapitala;True
подрум;podrum;True
скофф;skoff;False
ца деи;ca dei;True
црус;crus;True
сотто;sotto;True
социедаде qуинта до;sociedade quinta do;True
гамбал;gambal;True
родаро;rodaro;True
чатеау саинте;chateau sainte;True
лозано;lozano;True
очос;ochos;True
валлформоса;vallformosa;True
wеингут бург;weingut burg;True
цампс;camps;True
зуццарди;zuccardi;True
виносы винедос;vinosy vinedos;True
беаусейоур;beausejour;True
лоуис де;louis de;True
лангоа ет;langoa et;True
ларигаудиер;larigaudier;True
социетà;società;True
бордеауx ет;bordeaux et;True
цантина деи вини;cantina dei vini;True
валдепабло-нева;valdepablo-neva;True
wеинхаус;weinhaus;True
ламотте;lamotte;True
индустриа алиментаре;industria alimentare;True
валентина;valentina;True
боурдиеу;bourdieu;True
бертранд;bertrand;True
рхеа;rhea;True
социедаде;sociedade;True
хаут-вигнеау;haut-vigneau;True
вицомте;vicomte;True
торос;toros;True
wинес анд;wines and;True
ил циабаттино;il ciabattino;True
аретино;aretino;True
грангеневуе;grangenevue;True
вентисqуеро;ventisquero;False
гестиони;gestioni;True
диемерсфонтеин;diemersfontein;False
цолберт;colbert;True
цлассиqуес;classiques;True
бессерат;besserat;True
чойецки;chojecki;True
багратиони;bagrationi;True
промоцом;promocom;False
диос;dios;True
гринон;grinon;True
цастеллани;castellani;False
спеысиде;speyside;True
марниер;marnier;True
тенуте силвио;tenute silvio;True
де бордеауx;de bordeaux;True
муллер де;muller de;True
вигноблес гуигнард;vignobles guignard;True
летх;leth;True
патриарче;patriarche;False
маисон де ла;maison de la;True
саинт-мартин;saint-martin;True
цооператива теqуилера ла;cooperativa tequilera la;True
артхур;arthur;True
поггио;poggio;True
мануел дос сантос;manuel dos santos;True
лутзвилле;lutzville;True
мв гроуп;mv group;True
чартрон;chartron;True
цанталупо;cantalupo;True
роццафиоре;roccafiore;False
дарон;daron;False
сан педро;san pedro;True
дупуы;dupuy;True
валаде;valade;True
фабиано;fabiano;False
мондо;mondo;True
лоосен;loosen;True
чатеау цоустаут ла;chateau coustaut la;True
фруталес де;frutales de;True
илурце;ilurce;True
дистиллериа;distilleria;True
деЬ;de';True
хесс;hess;True
мар де;mar de;True
дублинер;dubliner;True
дос;dos;True
серена;serena;True
маан;maan;True
сеифриед;seifried;True
пвт.лтд.;pvt.ltd.;True
тхелема моунтаин винеыардс;thelema mountain vineyards;True
сенхора до;senhora do;True
де вилла с.а;de villa s.a;True
терриццио;terriccio;True
цотеау;coteau;True
папелоре;papelore;False
гобелсбург;gobelsburg;True
тоурнон;tournon;False
сипп;sipp;True
юве;juve;True
винедос пие де;vinedos pie de;True
цантина дел;cantina del;True
маитрес вигнеронс цостиерес;maitres vignerons costieres;True
алвес де;alves de;True
qуаил;quail;True
цастелло дел;castello del;True
цомм г.б;comm g.b;True
гуицциардини;guicciardini;True
барон едмонд;baron edmond;True
античе терре;antiche terre;True
мано а;mano a;True
продуцтос финос де;productos finos de;True
ломбард;lombard;False
педро родригуез;pedro rodriguez;True
мас qуе;mas que;True
трамин;tramin;True
массон;masson;True
ларривет;larrivet;True
серафино;serafino;True
дес винс де;des vins de;True
алфред риттер гмбх;alfred ritter gmbh;True
агуас;aguas;True
пасqуа;pasqua;False
спуманти;spumanti;True
сантЬантонио;sant'antonio;True
ле домаине;le domaine;True
цуерво;cuervo;True
олми;olmi;True
царраиа;carraia;True
пазо де;pazo de;True
а.е;a.e;True
домаинс;domains;True
саинт-чиниан;saint-chinian;True
силвана;silvana;True
масачс;masachs;True
цомпагние францаисе дес;compagnie francaise des;True
енрицо;enrico;True
чатеау артос;chateau artos;True
боучард пере ет;bouchard pere et;True
ла цантина деи;la cantina dei;True
лабартхе;labarthe;True
шусеи;shusei;True
аграриа;agraria;True
паиллард;paillard;True
аха;aha;True
цортемаггио;cortemaggio;False
гроwерс wине;growers wine;True
мауцампс;maucamps;True
тарапаца;tarapaca;False
леон;leon;True
сабатеы-беллевуе;sabatey-bellevue;True
надал;nadal;True
роткаппчен;rotkappchen;False
гуиллермо;guillermo;True
агрицола роено ди;agricola roeno di;True
ет домаинес де;et domaines de;True
лацас;lacas;True
монастерио дел;monasterio del;True
чатеау бране;chateau brane;True
тутунйиан;tutunjian;True
руиз;ruiz;True
цонча ы;concha y;True
гассац;gassac;True
картхаусерхоф;karthauserhof;False
естецо;esteco;True
портал;portal;True
гроуп ц.в.ц;group c.v.c;True
индустриа;industria;True
бодегас цристо де;bodegas cristo de;True
дуца;duca;True
чатеау ле бон;chateau le bon;True
чардоннаы;chardonnay;True
пломари;plomari;True
маитрес;maitres;True
паул массон;paul masson;True
дЬаигуилхе;d'aiguilhe;True
риттер гмбх анд;ritter gmbh and;True
алвиса;alvisa;False
цаве дес;cave des;True
реис алвес;reis alves;True
понс;pons;True
амбра;ambra;False
шуми;shumi;True
бодегас хередад де;bodegas heredad de;True
ду чатеау де;du chateau de;True
пиемонтеси;piemontesi;True
вина харас де;vina haras de;True
царлоw;carlow;False
бордеауx ет де;bordeaux et de;True
троис;trois;True
винас;vinas;True
пирqуе;pirque;True
дес еауx минералес;des eaux minerales;True
цоолеы;cooley;True
грандс винс де;grands vins de;True
цаса витивиницола;casa vitivinicola;True
батасиоло;batasiolo;True
ла цаве;la cave;True
qуемада;quemada;True
дистиллериес;distilleries;True
местанскы;mestansky;True
де ротхсчилд;de rothschild;True
до монте;do monte;True
маxиме;maxime;True
сартирано;sartirano;True
зорита;zorita;True
счлумбергер;schlumberger;True
qуанцард;quancard;True
чаблисиенне;chablisienne;True
орестиади;orestiadi;False
ричарз;richarz;True
стагс;stags;True
азов;azov;True
цлариссе;clarisse;True
думонт;dumont;True
занатта;zanatta;True
еспана;espana;True
норда;norda;True
виницола боттер;vinicola botter;True
цасал де;casal de;True
хередад де;heredad de;True
домаин ду;domain du;True
цоулонге;coulonge;True
ил молино;il molino;True
лЬавентуре;l'aventure;True
цаса виницола сартори;casa vinicola sartori;True
лиxа;lixa;True
доломиа;dolomia;False
маисел;maisel;True
арабелла;arabella;True
гленкинчие;glenkinchie;False
де вилла;de villa;True
ц.в.ц;c.v.c;True
цлéментине;clémentine;True
цаса ройо;casa rojo;True
агрицола ил циабаттино;agricola il ciabattino;True
азиенда виницола;azienda vinicola;True
адега цооператива де;adega cooperativa de;True
хга бодегас ы;hga bodegas y;True
лтда;ltda;True
соргенте;sorgente;True
циротте;cirotte;True
агрицола фабио;agricola fabio;True
цлос де лос;clos de los;True
гаудензио;gaudenzio;True
манент;manent;True
дринкс анд;drinks and;True
сардина;sardina;True
февре;fevre;True
wине брандс;wine brands;True
хеинекен цеска;heineken ceska;True
палари ди салваторе;palari di salvatore;True
винес;vines;True
цидацос;cidacos;True
гаи-кодзор;gai-kodzor;False
ромиторио;romitorio;True
норте де;norte de;True
белгиан чоцолате;belgian chocolate;True
минерали д;minerali d;True
пабст унд;pabst und;True
монтенегро;montenegro;True
ду саинт-чиниан;du saint-chinian;True
питу;pitu;False
вина харас;vina haras;True
фавиере;faviere;True
берта;berta;True
саинт-чиниан унион;saint-chinian union;True
африцан;african;True
терлано;terlano;True
цалвадос;calvados;True
винос сиерра;vinos sierra;True
цантанхеде;cantanhede;True
пхилипп;philipp;True
qуеен сцотч;queen scotch;True
де солан де;de solan de;True
флинт;flint;False
царолан анд;carolan and;True
лЬауроре;l'aurore;True
мурпхы-гооде;murphy-goode;True
монцоурт;moncourt;True
носса сенхора;nossa senhora;True
лееуwенкуил;leeuwenkuil;False
баерен цомпаны;baeren company;True
нордиx;nordix;False
wенте;wente;False
виу;viu;True
ламонтагне;lamontagne;True
