молоко;moloko;True
просто;prosto;False
паста;pasta;True
барбекю;barbeque;False
какао;cacao;False
спагетти;spaghetti;False
десерт;dessert;False
грана;grano;False
гауда;gouda;False
грандиозо;grandioso;False
тильзитер;tilsiter;False
водка;vodka;False
грано;grano;False
пасты;pesto;False
белуга;beluga;False
салон;salon;False
маршмэллоу;marshmallow;False
песто;pesto;False
маршмеллоу;marshmallow;False
ламбруско;lambrusco;False
патрон;patron;False
болло;bollo;False
эменталь;emmental;False
шираз;shiraz;False
тилситер;tilsiter;False
натур;natur;True
крыма;crema;False
буэно;bueno;False
эмменталь;emmental;False
альта;alt;False
белука;beluga;False
тельзитер;tilsiter;False
беллини;bellini;False
оакхарт;oakheart;False
крисп;crisp;True
маргот;margot;True
амбре;ambre;True
матте;mate;False
тортильяс;tortillas;False
новелло;novello;False
фуенте;fuente;False
спекулос;speculoos;False
кимбо;kimbo;False
новелла;novello;False
хайсон;hyson;False
эминталь;emmental;False
сториз;stories;False
ле бон;le bon;True
далла коста;dalla costa;True
2л бон;le bon;True
тер де;terre d;True
те густо;te gusto;True
мишель лафарж;michel lafarge;True
ту хэндс;two hands;True
терре ди;terre d;True
ханс баер+;hans baer;True
каза дефра;casa defra;True
вие ди романс;vie di romans;True
калон сегюр;calon segur;True
домини венети;domini veneti;True
маркес де рискаль+;marques de riscal;True
арт хаус;art house;True
маркес де рискаль;marques de riscal;True
вольпе пазини+;volpe pasini;True
эмилио моро;emilio moro;True
дю тертр;du tertre;True
ту хэндз;two hands;True
ханс баер;hans baer;True
мулен риш;moulin riche;True
феликс солис;felix solis;True
ла масса;la massa;True
де рискаль;de riscal;True
кантине сан марко;cantine san marco;True
ту хендс;two hands;True
де пингус;de pingus;True
клерк милон;clerc milon;True
клерк милон+;clerc milon;True
эфес пилсенер;efes pilsener;True
вилла спарино+;villa sparina;True
мисс мелоди;miss melody;True
вольпе пазини;volpe pasini;True
фелан сегюр;phelan segur;True
дю тертр+;du tertre;True
де бабиан;de bebian;True
ле риголад;le rigolade;True
де фьёзаль;de fieuzal;True
сан грегорио;san gregorio;True
сен марк+;san marco;True
соаве классико;soave classico;True
белер монанж;belair monange;True
кинта ду новал;quinta do noval;True
вилла спарина;villa sparina;True
эмилио моро+;emilio moro;True
де кос;de cos;True
тенута сан гуидо;tenuta san guido;True
ле бонни;le bon;True
гран феуд;green food;True
кинта де новаль;quinta do noval;True
ля гардин;la gardine;True
вье ди романс;vie di romans;True
ля гюрг;la gurgue;True
де бебиан;de bebian;True
бон ами;bon ami;True
кинта до новаль;quinta do noval;True
ла сота;la sota;True
феуди ди сан григорио;feudi di san gregorio;True
дель розе;delle rose;True
дамини венетти;domini veneti;True
дамини венети;domini veneti;True
луис родерер;louis roederer;True
кос лабори+;cos labory;True
виньетти масса;vigneti massa;True
ди ама;di ama;True
ди фельсина;di felsina;True
ди фельсина+;di felsina;True
эмили фудс;emili foods;True
лес грандес;les grandes;True
де ферме;de farme;True
делла коста;dalla costa;True
терре де;terre d;True
домаине пеллехаут;domaine pellehaut;True
тур дес;dr dias;True
лес грандс;les grandes;True
уни;uni;True
д.д.;d.d.;True
гф;gf;True
хоусеwарес;housewares;True
перфетта;perfetta;True
лаисевен;laiseven;False
виланта;vilanta;False
солвита;solvita;False
робин;robin;True
надин;nadin;False
ылвис&тхе;ylvis&the;True
wхискеы;whiskey;True
у;u;True
лист;list;True
рф;rf;True
бе;be;True
естел беауты хаир;estel beauty hair;True
снап;snap;True
фурреал;furreal;True
хаир;hair;True
о;o;True
бабыантхыллис;babyanthyllis;False
зира;zira;False
6;6;False
итлв;itlv;False
бооЬс;boo's;True
мг;mg;True
wиндел;windel;False
вин;vin;True
пере;pere;True
сон;son;True
пет;pet;True
гонзалез;gonzalez;False
ду;du;True
-;-;True
21;21;True
фрудиа;frudia;False
вине;vine;True
911;911;False
блацкангус;blackangus;False
емили;emili;True
ги;gi;True
тм;tm;True
кавалан;kavalan;False
б;b;True
рефлец де;reflets de;True
финн;finn;True
цоцо;coco;True
сол;sol;True
цреw;crew;True
спеед;speed;True
моммы;mommy;True
беауты хаир лаб;beauty hair lab;True
миллс;mills;True
баилеыЬс;bailey's;False
литтле ливе;little live;True
киwи;kiwi;True
wхеы;whey;True
ву;vu;True
густо;gusto;True
4;4;True
арма;arma;False
смеат;smeat;False
бонтел;bontel;False
бар;bar;True
вегда;vegda;False
1698;1698;False
теа;tea;True
центо;cento;True
далопласт;daloplast;False
зwиесел;zwiesel;True
диета;dieta;True
тwо;two;True
сцруб;scrub;True
рефлец;reflets;True
а.с.;a.s.;True
кид;kid;True
ливе;live;True
лады;lady;True
кедаиниу;kedainiu;False
форма;forma;True
ри;ri;True
анимал;animal;True
линдеманс;lindemans;False
пицк;pick;True
600;600;True
рисо;riso;True
хеец;heets;False
миддлетон;middleton;True
имбалл -;imball -;True
бомббар;bombbar;False
бакери;bakeri;True
продуцт;product;True
анимал универсал;animal universal;True
провена;provena;False
47;47;True
биотеч;biotech;True
интра;intra;True
wуестхоф;wuesthof;False
ыелли;yelli;False
анна;anna;True
б.в.;b.v.;True
xд;xd;False
цзеч;czech;True
грас;gras;True
га;ga;True
ма;ma;True
белwедер;belweder;False
трансформерс;transformers;False
ге;ge;False
деЬ;de';True
црисп;crisp;True
ал;al;True
ноте;note;True
тыс;tys;True
хаир лаб;hair lab;True
лелиа;lelia;False
ыога;yoga;False
зwиллинг й.а;zwilling j.a;True
ил;il;True
цреатине;creatine;True
лет;let;True
цлассиqуе;classique;True
ецо;eco;True
каия;kaija;False
бцаа;bcaa;True
вие;vie;True
аса;asa;True
то;to;True
5;5;True
цос;cos;True
блацк ангус -;black angus -;True
до;do;True
мата;mata;True
лв;lv;False
0;0;True
ет;et;True
аурум;aurum;True
1921;1921;False
худсон;hudson;True
беание;beanie;True
папе;pape;True
утена;utena;False
ы;y;True
л`оццитане ен;l`occitane en;True
28;28;True
палета;paleta;False
као;kao;False
тиц;tic;True
рона;rona;True
мако;mako;True
скк;skk;False
дал;dal;True
помилиа;pomilia;False
чи-чи;chi-chi;True
язз;jazz;True
амыга;amyga;False
дп;dp;True
уса;usa;True
иглоо;igloo;False
лип;lip;True
чат;chat;True
прошыан;proshyan;True
и;i;True
003;003;False
терре д;terre d;True
с;s;True
целебратион;celebration;True
пре;pre;True
гым;gym;True
100%;100%;False
1882;1882;True
оливерио;oliverio;False
елицатессе;elicatesse;True
7;7;True
- центер;- center;True
огx;ogx;False
перценто;percento;True
отт*;ott*;True
цоин;coin;False
модерн-тwист;modern-twist;False
во5;vo5;False
дес;des;True
пур;pur;True
естел беауты;estel beauty;True
ор;or;True
дгй;dgj;False
365;365;True
хелсинки;helsinki;True
л`оццитане;l`occitane;True
гуру;guru;True
мд;md;False
нв;nv;True
протеин;protein;True
ылви & тхе;ylvi & the;True
ог;og;True
дицкие;dickie;False
1853;1853;False
цреек;creek;True
нестос;nestos;False
дЬ;d';True
1862;1862;True
худсон анд;hudson and;True
лаб.;lab.;True
3w;3w;True
5тх;5th;True
бласон дЬ;blason d';True
б.;b.;True
+;+;True
хербал;herbal;True
пулс;puls;True
цолыны;colyny;False
ангус -;angus -;True
кило;kilo;False
ты;ty;False
трее;tree;True
ко;ko;False
еxит;exit;False
марчеси деЬ;marchesi de';True
томато;tomato;True
дадды;daddy;True
банан;banan;True
био;bio;True
таи;tai;True
3;3;True
нрй;nrj;False
ис;is;True
те;te;True
ен;en;True
парлиамент;parliament;False
беауты хаир;beauty hair;True
роц;roc;True
мела;mela;True
ембрунс;embruns;True
минифрее;minifree;False
супремо;supremo;False
амрут;amrut;False
