трусы;truss;False
шорты;shirt;True
пуловер;pullover;False
унисекс;unisexe;False
парка;parka;False
тренч;trench;False
парки;parka;False
бархат;barret;False
белое;bello;False
ремни;rimini;False
клатч;clutch;False
ральф;ralph;True
синие;sonia;True
чинос;chinos;False
максмара;maxmara;True
пальо;polo;True
дольче;dolche;False
стоун;stone;True
парфюм;parfum;False
шоппер;shopper;False
стюарт;stuart;True
марта;marta;False
текстиль;textile;False
берет;barret;False
тедди;teddy;False
сафари;safari;False
александр;alexander;True
бирет;barret;False
элема;elema;False
изософт;isosoft;False
кросс;kors;True
блэкглама;blackglama;False
елема;elema;False
малинарди;malinardi;False
блекглама;blackglama;False
гамма;gamma;False
шопер;shopper;False
полиэстер;polyester;False
мокка;mocca;False
зилли;zilli;False
ананас;ananas;False
левис;levis;False
синии;sonia;True
полиамид;polyamide;False
левайс;levis;False
нубук;nubuck;False
ливерпуль;liverpool;False
бургунди;burgundy;False
рубин;rubin;True
авиаторы;aviator;True
рейма;riema;False
балерина;ballerina;False
барби;barbie;False
эмили;emilie;False
сюрприз;surprise;False
меланж;melange;False
алекса;alexa;False
густи;gusto;False
куома;kuoma;False
фламинго;flamingo;False
чикаго;chikago;False
микрофибра;microfibre;False
спенсер;spencer;False
чикко;chicco;False
лейла;lola;True
патчи;patch;False
богнер;bogner;True
порно;born;False
шоппера;shopper;False
витамины;vitamin;False
тефлон;teflon;False
либеро;libera;False
витамин;vitamin;False
кактус;cactus;False
полиэстера;polyester;False
полиамида;polyamide;False
парадиз;paradise;False
симона;simone;True
сникерс;sneakers;False
газели;gazelle;False
лилии;lilou;False
полло;polo;True
тартан;tartan;False
граффити;graffiti;False
парадис;paradise;False
ананасы;ananas;False
киома;kuoma;False
батега;bottega;True
ботега;bottega;True
сстюарт;stuart;True
премиата;premiata;True
боттега;bottega;True
графы;graff;False
графф;graff;False
килиан;kilian;True
ролекс;rolex;False
ковалли;cavalli;True
тахари;tahari;True
рефил;refill;False
колорблок;colorblock;False
монализа;monnalisa;False
преппи;preppi;False
федора;fedora;False
шеврон;chevron;False
бульдог;bulldog;False
кориандр;coriander;False
миммо;mimmo;False
руссо;russo;True
коишимару;koishimaru;False
инстаграма;instagram;False
галлины;gallina;False
фрапп;frapp;False
виктор;viktor;True
ла мер;la mer;True
миу миу;mi mi;True
алдо брю;aldo brue;True
фор мен;for men;True
элиза фанти;elisa fanti;True
до по;t by;True
со по;see by;True
со по;ps by;True
или по;will be;True
да из;tu es;True
ли м-не;la manie;True
до из;tu es;True
ла рене;la reine;True
марио спадо;mario spado;True
ла рейн;la reine;True
клуба по;club by;True
ду из;tu es;True
по по;bao bao;True
е1 а05;a a;True
эх ма;oh my;True
на 2г;no ka;True
хелло китти;hello kitty;True
ты по;t by;True
хеллоу китти;hello kitty;True
на 1г;no ka;True
ми ми;mi mi;True
ди ди;da due;True
на ку;no ka;True
лиза мери;lisa marie;True
леа мини;la manie;True
хелоу кити;hello kitty;True
хелло кити;hello kitty;True
би ба;bao bao;True
хэлоу китти;hello kitty;True
ля редут;la redoute;True
ангел за;angel s;True
пэ хл;by la;True
миа миа;mi mi;True
до до;da due;True
на фа;no fui;True
из пл;ice play;True
синие по;sonia by;True
ню ёрк;new york;True
ню ерк;new york;True
ту ту;da due;True
эль сааб.;elie saab;True
дамир дома;damir doma;True
по ло;by la;True
поло ральф;polo ralph;True
по синие;by sonia;True
мини арт;mon art;True
то из;tu es;True
хеллоу кити;hello kitty;True
на к31;no ka;True
малена биргер;malene birger;True
хелоу китти;hello kitty;True
на киа;no ka;True
ди пи;t by;True
ульяна сергиенко;ulyana sergeenko;True
ульяна сергеенко;ulyana sergeenko;True
ла прири;la prairie;True
ла русо;la russe;True
фредерик малль;frederic malle;True
де по;t by;True
перрис монте карло;perris monte carlo;True
атос ламборгини;atos lombargini;True
франсис куркджан;francis kurkdjian;True
беаутифил минд;beautiful mind;True
ульяна сергеенка;ulyana sergeenko;True
беаутифул минд;beautiful mind;True
миу ми;mi mi;True
флёр де;fleur du;True
оф лондон;of london;True
ульяна сергиеенко;ulyana sergeenko;True
ульяны сергеенко;ulyana sergeenko;True
шу эмуре;shu uemura;True
гран сассо;gran sasso;True
ту из;tu es;True
альдо бруе;aldo brue;True
лес хомс;les hommes;True
валентино ред;valentino red;True
фэр айл;for all;True
эли сааб;elie saab;True
эдуард дресслер;eduard dressler;True
антонио бандерос;antonio banderas;True
ля мэр;la mer;True
сильвано сасетти;silvano sassetti;True
дэ по;t by;True
роберто росси;roberto rossi;True
шу уемура;shu uemura;True
но ки;no ka;True
миа ми;mi mi;True
она по;yoni p;True
елли сааб;elie saab;True
эль сааб;elie saab;True
анник гюталь;annick goutal;True
элизабетта франчи;elisabetta franchi;True
антонио бандерес;antonio banderas;True
денима со;denim x;True
за рта;x rta;True
из мини;es mon;True
из пиал;ice play;True
фабиано филип;fabiana filippi;True
адидас оригинал+;adidas original;True
ван нотен;van noten;True
американ легенд;american legend;True
луиза спаниоли;luisa spagnoli;True
по ара;by air;True
мис виа;miss via;True
би би;bao bao;True
реди ту;ready to;True
мисс виа;miss via;True
де из;tu es;True
по рук;by rick;True
туни ка;ten c;True
марк кросс;mark cross;True
ля рус;la russe;True
ля рюс;la russe;True
ди парма;di parma;True
александр де;alexandre de;True
де парис;de paris;True
энд трикси;and trixie;True
жур ле жур;jour le jour;True
мален биргер;malene birger;True
си пи;see by;True
си пи;ps by;True
пи компани;p company;True
оф нью;of new;True
калорс оф;colors of;True
оф калифорниа;of california;True
ди эс;tu es;True
д2 мале;du mal;True
д2 мале;du mail;True
д2 мале;di milo;True
д2 мэйл;du mal;True
д2 мэйл;du mail;True
ди2 мале;du mal;True
ди2 мале;du mail;True
ди2 мале;di milo;True
ди2 мэйл;du mal;True
ди2 мэйл;du mail;True
дас блауе;das blaue;True
дас блауэ;das blaue;True
доу доу;da due;True
ду ду;da due;True
др мартенс;dr martens;True
эвиденс де беаут;evidens de beaute;True
эвиденс де;evidens de;True
фор рестлесс слиперс;for restless sleepers;True
дель карло;del carlo;True
пинко паллино;pinco pallino;True
энд компани;and company;True
ди мило;du mal;True
ди мило;du mail;True
ди мило;di milo;True
жан поль;jean paul;True
но фуи;no fui;True
крис ван;kris van;True
ле жан де;le jean de;True
лил пур;lil pour;True
оф порчес;of porches;True
литтл марк;little marc;True
мэйсон мартин;maison martin;True
сантангело наполи;santangelo napoli;True
мак александр;mc alexander;True
оф пеарл;of pearl;True
вива вокс;viva vox;True
ди альберта ферретти;di alberta ferretti;True
пинко ап;pinko up;True
пи эр;by air;True
реади ту;ready to;True
рэди ту;ready to;True
рене каовилла;rene caovilla;True
рене каовилла;ren caovilla;True
ду мэйл;du mal;True
дю мэйл;du mal;True
энд иви;and ivy;True
ст эрасммус;st erasmus;True
бьютифул майнд;beautiful mind;True
фрагранс кичен;fragrance kitchen;True
хаус оф ауд;house of oud;True
то би;t by;True
ти эс;tu es;True
симона барбиери;simona barbieri;True
симона барбьери;simona barbieri;True
параллель юниверс;parallel universe;True
колорс оф;colors of;True
стоувенакер де;stouvenaker de;True
виртуал фюр;virtuale fur;True
уорлд оф;world of;True
фабина филиппе;fabiana filippi;True
луиса спаньола;luisa spagnoli;True
сарриери;sarrieri;True
аршиа;arshia;False
финн-фларе;finn-flare;False
бы сусан;by susan;True
11 бы борис;11 by boris;True
маноло;manolo;True
ивы;ivy;True
аракс;araks;False
гаултиер;gaultier;True
мотхер оф;mother of;True
метео бы;meteo by;True
гаттинони;gattinoni;False
рыкиел;rykiel;True
соуса;sousa;True
рамаге;ramage;True
м.;m.;True
додо;dodo;True
хероине;heroine;True
субтерранеи;subterranei;False
балмаин хаир;balmain hair;True
ланг;lang;True
г-шоцк;g-shock;True
аге;age;True
дамир;damir;True
сатечи;satechi;False
аунц;aunts;True
гравитеигхт;graviteight;False
ламберто;lamberto;True
санаыи313;sanayi313;False
поло ралпх;polo ralph;True
левы;levy;True
фуртерер;furterer;True
данце;dance;True
дита;dita;False
н;n;True
wорлд оф;world of;True
мц2 саинт;mc2 saint;True
хомерс;homers;True
йохн орчестра;john orchestra;True
беняминс;benjamins;False
роберто рицци;roberto ricci;True
паоло пецора;paolo pecora;True
блуес;blues;True
аеронаутица;aeronautica;True
одабаш;odabash;True
гуигнол;guignol;True
тотêме;totême;False
улыана;ulyana;True
милитаре;militare;True
ы3;y3;False
оригинале;originale;True
цинзиа;cinzia;True
де маритх;de marith;True
труефитт&хилл;truefitt&hill;False
иса;isa;True
блу;blu;True
санс-арцидет;sans-arcidet;False
селман;selman;True
кидз;kidz;True
венета;veneta;True
гандолфи;gandolfi;True
xр;xr;False
нихило;nihilo;True
ин тхе моод;in the mood;True
алеxандр;alexandr;True
белвест;belvest;False
ет;et;True
фретте;frette;False
10сеи0отто;10sei0otto;False
wинтер;winter;True
фиорони;fioroni;False
пхилип треацы;philip treacy;True
пиетри;pietri;True
ау йоур;au jour;True
цастангиа;castangia;False
гирбауд;girbaud;True
меат;meat;True
оне-т-ширт;one-t-shirt;False
симоннот-годард;simonnot-godard;False
аныа;anya;True
артиqуе;artique;False
фаусто;fausto;True
мичаел;michael;True
ле-тан;le-tan;True
модалу;modalu;True
флоренце;florence;True
англоманиа бы;anglomania by;True
унитед;united;True
перфецтион;perfection;True
wассерман;wasserman;True
сет;set;True
аоки;aoki;True
цоде;code;True
траилхеад;trailhead;False
пепе;pepe;True
панталони;pantaloni;True
рома е;roma e;True
катрантзоу;katrantzou;True
мичаел ло;michael lo;True
цутлер анд;cutler and;True
бандерас;banderas;True
расарио;rasario;False
нсф;nsf;False
темперлеы;temperley;True
гедебе;gedebe;False
сачин;sachin;True
еа;ea;True
елизабетх &;elizabeth &;True
голдсчмиед;goldschmied;True
мал;mal;True
ванесса;vanessa;True
ницоли;nicoli;False
бы борис;by boris;True
каыек;kayek;True
дал;dal;True
даниеле;daniele;True
преен бы;preen by;True
песерицо;peserico;False
гарцон;garcon;True
wондерланд;wonderland;False
хилтл;hiltl;False
йиммы;jimmy;True
воыаге бы;voyage by;True
мц2;mc2;True
барцело;barcelo;True
деним x;denim x;True
иоанна десчампс;ioanna deschamps;True
бао;bao;True
бумбы;bumby;True
антwерп;antwerp;True
трамаросса;tramarossa;True
пецораро;pecoraro;True
пройецц;projects;True
коррес;korres;False
ашлеы грахам x;ashley graham x;True
профвмо;profvmo;True
друм;drum;True
цард;card;True
тфк;tfk;True
то;to;True
цопенхаген;copenhagen;True
дркшдw бы;drkshdw by;True
акира;akira;True
р13;r13;False
анды;andy;True
тхе кнот;the knot;True
сцриптор;scriptor;True
амусе;amuse;False
зухаир;zuhair;True
дунхилл;dunhill;False
гаxотте;gaxotte;True
батик;batik;True
нанушка;nanushka;False
спидерс;spiders;True
голованофф;golovanoff;True
бигиони;bigioni;True
х;h;True
броокс;brooks;True
ваннина;vannina;True
сеwард;seward;True
ашлеы грахам;ashley graham;True
поивре;poivre;True
антонино;antonino;True
деним&супплы;denim&supply;True
лемаире;lemaire;True
2014;2014;True
роя;roja;True
демеулемеестер;demeulemeester;True
ыеезы;yeezy;False
цанали;canali;False
леон&харпер;leon&harper;False
амос;amos;True
ацт;act;True
сергеенко;sergeenko;True
традинг;trading;True
мартенс;martens;True
барни;barni;True
ферре;ferre;True
шаде;shade;True
евиденс де;evidens de;True
солемате;solemate;False
фемме бы;femme by;True
децаы;decay;True
кате;kate;True
киини;kiini;False
пето;peto;True
лид;lid;True
воодоо;voodoo;True
ун_фуртиве;un_furtive;False
пакерсон;pakerson;False
осман;osman;False
едwард;edward;True
бидян;bidjan;True
гангстер;gangster;True
равизза;ravizza;True
сенси;sensi;True
тхале;thale;True
сарторио;sartorio;False
марлино;marlino;False
сузанне;suzanne;True
бегг;begg;True
гоос;goos;True
юлиа;julia;True
рента;renta;True
хауте фрагранце;haute fragrance;True
восовиц;vosovic;True
бертоло;bertolo;False
фор тхе;for the;True
пеарлс;pearls;True
фиора;fiora;True
генерале;generale;True
рта;rta;True
биагини;biagini;True
гамелиа;gamelia;True
тхе беаутифул;the beautiful;True
а ла;a la;True
грати;grati;True
моресчи;moreschi;False
терекхов;terekhov;True
мыкита;mykita;True
цитизенс;citizens;True
етре;etre;True
мацкинтош;mackintosh;False
баигуера;baiguera;True
грончи;gronchi;True
персе;perse;True
цлипс;clips;False
поло;polo;True
саwаф;sawaf;True
царацт;caract;False
0000000207;0000000207;False
хелена;helena;True
навы;navy;True
вицториоус;victorious;True
нандо;nando;True
брогден;brogden;False
рейина;rejina;True
еспин;espin;True
емануел;emanuel;True
мичаел мичаел;michael michael;True
мансур;mansur;True
чриста;christa;True
юицы бы;juicy by;True
едитед бы марцо;edited by marco;True
томе;tome;False
корал;koral;False
лоу;lou;True
деллЬацqуа;dell'acqua;True
гианвито;gianvito;True
маргхерита;margherita;False
муклукс;mukluks;False
хыдроп;hydrop;False
бабетте;babette;True
тартине ет;tartine et;True
спидерс фром;spiders from;True
фацто;facto;False
хомме;homme;True
спектре;spektre;False
нака;naka;True
леттерс;letters;True
пелле;pelle;True
деакин&францис;deakin&francis;False
елгин;elgin;True
хуманиты;humanity;True
леле;lele;True
кумагаи;kumagai;True
адоре;adore;True
а а и;a a i;True
тестони;testoni;True
линда;linda;True
юниор;junior;True
кома;koma;True
рондинелла;rondinella;False
313;313;False
севен;seven;True
амедео;amedeo;True
аллан;allan;True
гаваззи фор;gavazzi for;True
силент;silent;False
раффаела;raffaela;True
антик;antik;True
мццалл;mccall;True
тартине;tartine;True
т бы алеxандер;t by alexander;True
поеме;poeme;True
летасца;letasca;False
слееперс;sleepers;True
кеннетх;kenneth;True
ес;es;True
аф пхилосопхы ди;af philosophy di;True
бы вицториа;by victoria;True
аитор;aitor;True
бурлон кидс оф;burlon kids of;True
рх45;rh45;False
фрагранзе;fragranze;True
осцар де;oscar de;True
ацкерманн;ackermann;True
асам;asam;True
тхом;thom;True
фенты;fenty;True
алберто;alberto;True
биллионаире боыс;billionaire boys;True
аедес;aedes;True
цастеллани;castellani;True
вицториа/томас;victoria/tomas;False
алтузарра;altuzarra;False
есмералда;esmeralda;True
ефбе–счотт;efbe–schott;False
херман;herman;False
еддие;eddie;True
писчедда;pischedda;True
венустас;venustas;True
арти &;arti &;True
якиоо;jakioo;False
плаин яне;plain jane;True
пиаценза цашмере;piacenza cashmere;True
яцк спаде;jack spade;True
бисибиглио;bisibiglio;False
маззи;mazzi;False
ангелс;angels;True
ассер;asser;True
wортх;worth;True
хилфигер бы гиги;hilfiger by gigi;True
ду мал x;du mal x;True
йо;jo;True
даниел;daniel;True
валерие;valerie;True
керастасе;kerastase;False
баста;basta;True
гонзалез;gonzalez;True
ипхориа;iphoria;False
писарра;pisarra;True
ас65;as65;False
сарти;sarti;True
алеxачунг;alexachung;False
л.серафини;l.serafini;True
пуглиси;puglisi;True
битто;bitto;False
грахам x марина;graham x marina;True
форте_форте;forte_forte;False
лаацк;laack;True
тереса;teresa;True
соголи;sogoli;False
180;180;True
беаутифул;beautiful;True
адидас бы рицк;adidas by rick;True
беате;beate;True
wхс;whs;False
чиарини;chiarini;True
носе;nose;True
дармон;darmon;True
бы мичаел;by michael;True
м6;m6;True
цристина дал;cristina dal;True
кате мосс;kate moss;True
проенза;proenza;True
ромбица;rombica;False
бы мичеле;by michele;True
крис;kris;True
беберлис;beberlis;False
ломбаргини;lombargini;True
елла;ella;True
гилсон;gilson;True
маршалл;marshall;True
еытыс;eytys;False
раг &;rag &;True
26;26;True
бунны;bunny;True
ту ес;tu es;True
кхалфон;khalfon;True
венето;veneto;True
гоорин;goorin;True
цологне;cologne;True
мушер;musher;False
агнелле;agnelle;False
1925;1925;True
унцонвентионал;unconventional;True
алице +;alice +;True
й.ф;j.f;True
акхмадуллина;akhmadullina;True
мотхер;mother;True
цлу;clu;False
пеллеттиери;pellettieri;True
сантангело;santangelo;True
гловес;gloves;True
хоод бы;hood by;True
хеелеы;heeley;False
луца де;luca de;True
цоммон;common;True
бутрым;butrym;True
г-стар;g-star;True
ерасмус;erasmus;True
ла цоллецтион;la collection;True
мичелле;michelle;True
анна;anna;True
хоод;hood;True
боррелли;borrelli;True
баллеринас;ballerinas;True
еинхорн;einhorn;False
тои;toi;True
додо бар;dodo bar;True
тхурстон;thurston;True
бы мичелле;by michelle;True
пластинина;plastinina;True
11;11;True
цоопер;cooper;True
брунелло;brunello;True
стеве;steve;True
гианцарло;giancarlo;True
пс бы полина;ps by polina;True
леонард;leonard;True
воыаге бы марина;voyage by marina;True
валенти;valenti;True
росантица;rosantica;False
пигует;piguet;True
луиги бианчи;luigi bianchi;True
йете;jete;True
лапландиа;laplandia;False
адидас бы;adidas by;True
антипаст;antipast;False
е.дресслер;e.dressler;False
стеве й;steve j;True
семилла;semilla;False
слееп;sleep;True
йохнен;johnen;True
парфумеурс;parfumeurs;True
наполеонерба;napoleonerba;False
ка;ka;True
дом;dom;True
тзивели;tziveli;True
w.гиббс;w.gibbs;False
брато;brato;True
цоллетте бы;collette by;True
гина;gina;True
тен;ten;True
вилшенко;vilshenko;True
униqуе;unique;True
лили;lili;True
ултимо;ultimo;True
тесо;teso;True
грлфрнд;grlfrnd;False
рубинстеин;rubinstein;True
форевер;forever;True
алеxа;alexa;False
ассоулин;assoulin;True
ензо;enzo;False
рыЬ;ry';True
еллеры;ellery;False
яде;jade;True
церемоны;ceremony;True
ричардс;richards;True
чеап;cheap;True
пауле;paule;True
маснада;masnada;False
францаис;francais;True
мариа луциа;maria lucia;True
мхуди;mhudi;False
рачеле;rachele;True
руиз;ruiz;True
роцк &;rock &;True
биргер;birger;True
qуис;quis;True
морони;moroni;True
лесы бы лисетта;lesy by lisetta;True
бененато;benenato;True
гиунтини;giuntini;True
дома;doma;True
тауберт;taubert;True
лост&фоунд;lost&found;False
адриано;adriano;True
пума бы;puma by;True
куре;kure;True
2местыле;2mestyle;False
пароле бы вицториа;parole by victoria;True
брицк;brick;False
емпорио;emporio;True
3x1;3x1;False
цолиац;coliac;False
бадглеы;badgley;True
цоллетте;collette;True
унравел;unravel;True
артесано;artesano;False
сергио;sergio;True
мацфарлане;macfarlane;True
харрис wхарф;harris wharf;True
адриана;adriana;True
деним&супплы бы;denim&supply by;True
етудес;etudes;False
вити;viti;True
дан;dan;True
флашин;flashin;False
бианче;bianche;True
еxчанге;exchange;True
рхеа;rhea;True
перфумес;perfumes;True
деннис;dennis;True
цомптоир;comptoir;True
дркшдw;drkshdw;True
еxпериенце;experience;True
соул;soul;True
блацкбарретт;blackbarrett;False
беллидо;bellido;True
вфц;vfts;False
биагиотти;biagiotti;True
агес;ages;True
цоутуре;couture;True
ассче;assche;True
яне;jane;True
ерика;erika;True
фурланетто;furlanetto;True
моурет;mouret;True
ралпх;ralph;True
д2;d2;True
бианче анды;bianche andy;True
винциане стоувенакер де;vinciane stouvenaker de;True
панчиц;panchic;False
мал x;mal x;True
тwисты;twisty;True
кате мосс x;kate moss x;True
аимо;aimo;True
леви;levi;False
бы ницолас;by nicolas;True
питака;pitaka;False
3.1;3.1;True
садоугхи;sadoughi;True
хелене;helene;True
фучс;fuchs;True
анна цлуб;anna club;True
тонка перфумес;tonka perfumes;True
ленте;lente;True
покемаоке;pokemaoke;False
спарк;spark;True
умит;umit;True
салар;salar;False
цами;cami;True
фарроw;farrow;True
миыаке;miyake;True
сандерсон;sanderson;True
фаворите;favorite;True
перры;perry;True
ла реине;la reine;True
гарцонс;garcons;True
еx;ex;True
царусо;caruso;True
нине ин тхе;nine in the;True
813;813;True
дедицатед;dedicated;True
ереда;ereda;False
цапобианцо;capobianco;False
мылон;mylon;True
маритх;marith;True
аппиа;appia;True
малоуф;malouf;True
аня;anja;True
счумачер;schumacher;True
францесцо;francesco;True
цоттwеилер;cottweiler;True
ерманн;ermann;True
луцчи;lucchi;True
алеxандер;alexander;True
сусан;susan;True
евису;evisu;True
хоган;hogan;False
цоурсе;course;True
хиллиер;hillier;True
мумофсиx;mumofsix;False
басиx;basix;True
литтле мисс;little miss;True
йохнстонс;johnstons;True
тwо wомен;two women;True
24;24;True
лим;lim;True
сакс;saks;True
моцассин;mocassin;True
атхлетиц пропулсион;athletic propulsion;True
бар;bar;True
шадес;shades;True
десчампс;deschamps;True
цо.;co.;True
оxыдо;oxydo;False
пхилосопхы ди;philosophy di;True
чоо;choo;True
хании;hanii;True
галлассо;gallasso;True
бреад&боxерс;bread&boxers;False
каран;karan;True
цабас;cabas;True
л а а;l a a;True
оые;oye;False
филипе;filipe;True
мосс x;moss x;True
ту ес мон;tu es mon;True
еа7 емпорио;ea7 emporio;True
фор рестлесс;for restless;True
беверлы;beverly;True
ровио;rovio;False
сцервино;scervino;True
моод;mood;True
исаац;isaac;True
смитх анд;smith and;True
воиле;voile;True
мала;mala;True
цархартт;carhartt;True
треацы;treacy;True
роцкинс;rockins;False
сарториа;sartoria;True
молинаре;molinare;True
цЬнЬц цостуме;c'n'c costume;True
бохемиен;bohemien;True
хеач;heach;True
шоуроук;shourouk;False
сонриса;sonrisa;False
6267;6267;False
доwн;down;True
ныц;nyc;True
баби;babi;True
алина;alina;True
цомптоир суд;comptoir sud;True
йеан де маритх;jean de marith;True
ерманно ерманно;ermanno ermanno;True
вал;val;True
либерти;liberti;True
бецкхам;beckham;True
соловиере;soloviere;False
ангелес;angeles;True
стицкы-фудге;sticky-fudge;False
ицоне;icone;False
цлуб бы;club by;True
мичаел бы мичаел;michael by michael;True
ы;y;True
алессандро;alessandro;True
тегин;tegin;False
тоуристер;tourister;True
пацо;paco;True
шаме;shame;True
табитха;tabitha;True
урбан фашион;urban fashion;True
пароле бы;parole by;True
инга;inga;True
бассо;basso;True
феррандис;ferrandis;True
но ка;no ka;True
стоне;stone;True
еxпарц;exparc;False
редвалентино;redvalentino;False
агес оф;ages of;True
луциа;lucia;True
мониqуе;monique;True
др.коффер;dr.koffer;False
малле;malle;True
спx;spx;True
беамон;beamon;True
панара;panara;False
о;o;True
соцкс бы;socks by;True
ганни;ganni;False
луца;luca;True
песцароло;pescarolo;True
мондаы;monday;True
норма;norma;True
сеибан;seiban;False
ше;she;True
ау йоур ле;au jour le;True
буттеро;buttero;False
рита;rita;True
мастерпеаце;masterpeace;False
гуардиани;guardiani;True
кашя`;kashja`;True
луцы;lucy;True
сермонета;sermoneta;True
бы стелла;by stella;True
славутина;slavutina;True
исса;issa;True
манзони24;manzoni24;False
кеико;keiko;True
блазе;blaze;True
феррагни;ferragni;True
рацил;racil;False
ороголд;orogold;True
марциано;marciano;True
ясон;jason;True
навигаре;navigare;False
мате;mate;True
ребецца;rebecca;True
пхилипп;philipp;True
роча;rocha;True
егг бы;egg by;True
процопиоу;procopiou;True
цатуцци;catucci;True
клара;klara;True
еварае;evarae;False
сwаровски;swarovski;False
антхоны;anthony;True
пиера;piera;True
пс;ps;True
борго;borgo;True
анние;annie;True
емануела;emanuela;True
мдф;mdf;False
амбер;amber;True
иннангело;innangelo;False
харрыс;harrys;True
хаш;hash;True
сылвие;sylvie;True
дас магисче;das magische;True
иредале;iredale;True
селлам;sellam;True
филиппи;filippi;True
маритх + фран;marith + fran;True
петитес...;petites...;True
зоом;zoom;True
келиан;kelian;True
фелдер;felder;True
аqуилано;aquilano;True
сунглассес;sunglasses;True
дес гарцонс хомме;des garcons homme;True
й.w;j.w;True
иф онлы;if only;True
медицал беауты;medical beauty;True
григио;grigio;True
сеасон;season;True
шерман;sherman;True
цлубе;clube;True
кееперс-паусе;keepers-pause;True
вибро;vibro;True
цандице;candice;True
мангостан;mangostan;True
базаар;bazaar;True
харрис;harris;True
гауфретте;gaufrette;True
цадемартори;cademartori;True
контрол;kontrol;True
сенсуум;sensuum;True
цоллина;collina;True
цатерина;caterina;True
аалто;aalto;False
миллефиори;millefiori;False
цоыотес де;coyotes de;True
унфортунате;unfortunate;True
нотте;notte;True
манкинд;mankind;True
серване;servane;True
сенсциенце;senscience;False
десте;deste;True
цапути;caputi;True
царлис;carlis;True
цоси;cosi;True
цолоур;colour;True
стеве й &;steve j &;True
813 оттотредици;813 ottotredici;True
исланд шадоw;island shadow;True
елевенты;eleventy;True
елиокап;eliokap;False
салваторе;salvatore;True
нима;nima;False
елисабетта;elisabetta;True
wас;was;True
худсон;hudson;False
мкт;mkt;True
праирие;prairie;True
балмуир;balmuir;False
тата;tata;True
холланд;holland;True
хересис;heresis;False
стоувенакер;stouvenaker;True
амина;amina;True
руббер;rubber;True
виа торриани;via torriani;True
микаел;mikael;False
горошек;goroshek;False
паулы;pauly;True
лисетта;lisetta;True
тавернити унравел;taverniti unravel;True
фланнел;flannel;True
+ фран оис;+ fran ois;True
нине ин;nine in;True
аниталиан;anitalian;True
араиа;araia;True
силк оил;silk oil;True
бы лисетта;by lisetta;True
й анд;j and;True
цонтемпорары;contemporary;True
фриендлы;friendly;True
профумум;profumum;True
вуалл;vuall;False
прим бы;prim by;True
хатеиа;hateia;False
мобиле;mobile;True
фалиеро;faliero;True
соффици;soffici;True
ыула;yula;False
0000000429;0000000429;False
фаитх;faith;True
францис;francis;True
персона бы марина;persona by marina;True
вентурини;venturini;True
фифтх;fifth;True
wестwоод;westwood;True
дркшдw бы рицк;drkshdw by rick;True
лове ин;love in;True
монцлер&китх;moncler&kith;False
степхан;stephan;True
205w39ныц;205w39nyc;True
гонгини;gongini;True
фернандез;fernandez;True
чарвет;charvet;False
цамбру;cambru;True
сандерс;sanders;True
йоур/не;jour/ne;False
и.д;i.d;True
парфумс;parfums;True
моунтаинееринг;mountaineering;True
мд;md;True
пс бы;ps by;True
цоппола;coppola;True
босса;bossa;True
кидс оф;kids of;True
хиппие;hippie;True
пунто;punto;True
есбер;esber;True
wоодс;woods;True
роадхеаве;roadheave;False
сунг;sung;True
оттотредици;ottotredici;True
оттотредици анналиса;ottotredici annalisa;True
моуссы;moussy;False
маркус;markus;True
оил оф;oil of;True
& йое;& joe;True
спин;spin;True
ваутхиер;vauthier;True
севенеxт;sevenext;False
маисон францис;maison francis;True
ре/доне;re/done;False
рыан;ryan;True
оуеллетте;ouellette;True
мцм;mcm;False
берарди;berardi;True
цлергерие;clergerie;True
цалифорниа;california;True
алеxандре де;alexandre de;True
целестине;celestine;False
зинко;zinko;True
атос;atos;True
сее;see;True
мурад;murad;True
преен бы тхорнтон;preen by thornton;True
лес цоыотес;les coyotes;True
хоме & стылинг;home & styling;True
атлантиqуе;atlantique;True
премиата wилл;premiata will;True
ыачтинг;yachting;True
портраит;portrait;True
симоне;simone;True
тиффаны &;tiffany &;True
0711;0711;False
чадо;chado;False
исабел;isabel;True
ыа;ya;True
лола;lola;True
7 фор алл;7 for all;True
и пинцо;i pinco;True
оницука;onitsuka;True
п.;p.;True
паx;pax;True
далмине;dalmine;False
оливиа;olivia;True
с.оливер цасуал;s.oliver casual;True
ле йеан де;le jean de;True
лазар;lazar;True
иЬм;i'm;True
кате спаде;kate spade;True
феррагамо;ferragamo;True
цастанер бы;castaner by;True
пассо;passo;True
осерее;oseree;False
пфеффингер;pfeffinger;True
вика;vika;True
тосца;tosca;True
зиггы;ziggy;True
моод фор;mood for;True
енфант;enfant;True
дриес ван;dries van;True
хаир;hair;True
вентура;ventura;True
иллестева;illesteva;False
чамониx;chamonix;True
естебан;esteban;True
бритт;britt;True
хитч-хикер;hitch-hiker;False
лазартигуе;lazartigue;True
гиосеппо;gioseppo;False
лане;lane;True
+;+;True
белт;belt;True
мание;manie;True
йил;jil;True
армата;armata;True
героне;gerone;True
wундер;wunder;True
аунц &;aunts &;True
лоретта;loretta;True
прим бы мичелле;prim by michelle;True
симмонс;simmons;True
минкофф;minkoff;True
саве тхе;save the;True
еаст;east;True
леонор;leonor;True
1911;1911;True
мурпхы;murphy;True
наталиа;natalia;True
цоме;come;False
чипие;chipie;False
кира;kira;True
падован;padovan;True
деи марми;dei marmi;True
цоллетте бы цоллетте;collette by collette;True
веггетти;veggetti;True
стратегиа;strategia;False
цафтан;caftan;True
ясмине;jasmine;True
филлинг;filling;True
цлара;clara;True
вентурино;venturino;True
фабио;fabio;True
алберта;alberta;True
винциане стоувенакер;vinciane stouvenaker;True
ц.маландрино;c.malandrino;False
илариа;ilaria;True
боцлет;boclet;True
цомеы;comey;True
ацqуа ди;acqua di;True
монроw;monrow;False
паинт;paint;True
бийоуx;bijoux;False
дерек;derek;True
порсче;porsche;False
солд;sold;True
оригиналс бы;originals by;True
миллен;millen;True
царолее;carolee;False
гиамбаттиста;giambattista;True
рен;ren;True
орчид;orchid;True
скандиа;skandia;True
алмадал;almadal;True
греыл;greyl;True
юдитх;judith;True
униформс фор тхе;uniforms for the;True
рабанне;rabanne;True
нове;nove;False
преен;preen;True
лоуер;louer;True
тхеодент;theodent;False
сфорза;sforza;True
маxмара;maxmara;True
x марина;x marina;True
ыуммы;yummy;True
ачоур;achour;True
цутлер;cutler;True
йошуа;joshua;True
алан;alan;True
бы полина;by polina;True
быблос;byblos;False
азроуел;azrouel;True
гениус;genius;True
тwинсет симона;twinset simona;True
мессер;messer;True
мантоуx;mantoux;True
рицарда;ricarda;True
тхакоон;thakoon;False
вибратион;vibration;True
wиллиамсон;williamson;True
ричлы;richly;True
аллегра;allegra;True
ширт;shirt;True
вицториа вицториа;victoria victoria;True
минна;minna;True
х`д`с`н;h`d`s`n;True
ис;is;True
ыолке;yolke;False
петер;peter;True
мичеле;michele;True
барба;barba;False
сордо;sordo;True
бриан;brian;True
етон;eton;False
сантини;santini;True
лиллы;lilly;True
бонд;bond;True
поур;pour;True
пенхалигонЬс;penhaligon's;False
ричард й;richard j;True
сwимwеар;swimwear;True
арцтиц;arctic;True
денны;denny;True
бы цоллетте;by collette;True
раилс;rails;False
цоми;comi;True
флоwерс;flowers;True
мабрун;mabrun;False
н21#картелл;n21#kartell;False
ешаыа;eshaya;True
алфредо;alfredo;True
рубан;ruban;True
салвателли;salvatelli;True
андреыанова;andreyanova;True
суммерхит;summerhit;False
авант;avant;True
цапони;caponi;True
аперлаи;aperlai;False
ортигни;ortigni;False
м;m;True
нери;neri;True
репеац;repeats;True
аецаwхите;aecawhite;False
фабио гаваззи;fabio gavazzi;True
лауренце;laurence;True
лос;los;True
гордон;gordon;False
бен тавернити унравел;ben taverniti unravel;True
стора;stora;True
мы беауты;my beauty;True
маисон мартин;maison martin;True
доротхее;dorothee;True
пхиллип;phillip;True
бы марцо;by marco;True
фраме;frame;True
бертони;bertoni;False
иф онлы wас;if only was;True
емфаси;emfasi;True
цомме дес;comme des;True
персона бы;persona by;True
ту;tu;True
лаго;lago;True
пуцци;pucci;True
оригиналс бы алеxандер;originals by alexander;True
цоле;cole;True
гоар;goar;True
10;10;True
мицаллеф;micallef;True
фабио гаваззи фор;fabio gavazzi for;True
леомбруни;leombruni;True
бурлон кидс;burlon kids;True
гиги;gigi;True
гентле;gentle;True
сунува;sunuva;False
елиса;elisa;True
умка;umka;False
перофил;perofil;False
аинеа;ainea;False
зац;zac;True
монналиса;monnalisa;False
сарах;sarah;True
дориани;doriani;False
гуфо;gufo;True
но21;no21;False
линардаки;linardaki;True
раqуел;raquel;True
занариа;zanaria;True
милан;milan;True
маил;mail;True
оxс руббер;oxs rubber;True
сциссор;scissor;True
онwаы;onway;True
ай;aj;True
ре;re;True
рока;roka;True
силвано;silvano;True
римонди;rimondi;True
цардин;cardin;True
хистоирес;histoires;True
тхе елдер;the elder;True
меллизос;mellizos;False
ит;it;True
марина;marina;True
бонфанти;bonfanti;False
галанти;galanti;True
суд;sud;True
цлуб бы ла;club by la;True
ох мы;oh my;True
куб0раум;kub0raum;False
заспорт;zasport;False
п.р.лаурен;p.r.lauren;False
м.мати;m.mati;True
каша;kasha;True
еигхт &;eight &;True
цоомпол;coompol;False
пхилосопхы;philosophy;True
йб;jb;True
дацаде;dacade;True
куркдйиан;kurkdjian;True
делпозо;delpozo;False
сб-26;sb-26;False
фанти;fanti;True
гиоргио;giorgio;True
госоакы;gosoaky;False
атхена;athena;True
гавриел;gavriel;True
итем;item;True
мока да;moka da;True
амири;amiri;False
цастанер бы маноло;castaner by manolo;True
корс;kors;True
унитед цолорс;united colors;True
флавио;flavio;True
роыалтиес;royalties;False
воыаге;voyage;True
сандер;sander;True
120%;120%;True
xxx;xxx;False
л.г.б.;l.g.b.;False
дидоне;didone;True
диане вон;diane von;True
интропиа;intropia;True
ума;uma;True
торриани;torriani;True
прпс;prps;False
униче;uniche;True
сцотланд;scotland;True
еугениа;eugenia;True
нервуре;nervure;False
задиг;zadig;True
парфумеур;parfumeur;True
чристиан;christian;True
имец;imec;False
бе;be;True
пыо;pyo;True
децларе;declare;False
счиммел;schimmel;True
фифтысевен;fiftyseven;True
ор;or;True
сам;sam;False
тардиа;tardia;True
еугение;eugenie;True
самантха;samantha;True
деса;desa;False
сталгерт;stalgert;False
профмаx;profmax;False
пицционе.пицционе;piccione.piccione;False
реебок x;reebok x;True
мауриззио;maurizzio;True
симона;simona;True
дес гарцонс;des garcons;True
виртуале фур;virtuale fur;True
давидиан;davidian;True
баобаб;baobab;True
ппцм;ppcm;True
пхилисопхы;philisophy;True
ладывосток;ladyvostok;False
лернер;lerner;True
мастерминд;mastermind;True
биттар;bittar;True
wхарф;wharf;True
бернардауд;bernardaud;False
180 бы йеан;180 by jean;True
ормонде;ormonde;True
ф.р.с;f.r.s;True
холлыwоод;hollywood;True
весперини;vesperini;True
росса;rossa;True
шойи;shoji;True
чилдрен фашион;children fashion;True
дуе;due;True
минна парикка;minna parikka;True
флеур ду;fleur du;True
хаидер;haider;True
пробст;probst;True
пантанетти;pantanetti;False
буи;bui;True
арабиа;arabia;True
цавалли;cavalli;True
менг;meng;False
гритти;gritti;False
иЬм исола;i'm isola;True
барбара и;barbara i;True
марц бы;marc by;True
бурч;burch;True
а.ферретти;a.ferretti;True
тыоулип;tyoulip;True
рицардо;ricardo;True
бы маноло;by manolo;True
маттхеw;matthew;True
бы алеxандер;by alexander;True
оамц;oamc;False
дЬангело;d'angelo;True
бы йеан;by jean;True
цамицериа;camiceria;True
фор алл;for all;True
цомме дес гарцонс;comme des garcons;True
диане;diane;True
чантецаилле;chantecaille;False
бы тхорнтон;by thornton;True
литковскаыа;litkovskaya;False
морато;morato;True
wиндсор;windsor;False
едитед бы;edited by;True
смедлеы;smedley;True
аттилио;attilio;True
мисчка;mischka;True
еберхарт;eberhart;False
брегаззи;bregazzi;True
хунтинг;hunting;True
ат;at;True
цашмере;cashmere;True
марц &;marc &;True
& ыони;& yoni;True
херрера;herrera;True
монтелпаре;montelpare;True
стуссы;stussy;False
бианчи;bianchi;True
примордиал;primordial;True
7;7;True
тадаши шойи;tadashi shoji;True
5;5;True
маx мара спx;max mara spx;True
лиу;liu;True
андерсон;anderson;True
пациотти;paciotti;True
хелмут;helmut;True
винце;vince;False
стауд;staud;False
дице;dice;True
цопаинс;copains;True
2ме;2me;False
мадпаx;madpax;False
цулт;cult;True
бурлон;burlon;True
стылинг;styling;True
френчы;frenchy;True
уемура;uemura;True
кид;kid;True
кривда;krivda;True
яцк &;jack &;True
мастерцрафт;mastercraft;True
180г бы ницолас;180g by nicolas;True
сорры;sorry;True
ангел с;angel s;True
десигнерс;designers;True
прингле;pringle;True
турнбулл;turnbull;True
цолетте;colette;True
молецулес;molecules;True
профессор;professor;True
ясмине ди;jasmine di;True
бриц`с;bric`s;False
ферранте;ferrante;True
чеваллиер;chevallier;True
бехр;behr;True
сацаи;sacai;False
кане;kane;True
кнт;knt;False
бос;bos;True
диего;diego;True
орлебар;orlebar;True
75;75;True
инноценце;innocence;True
берлин;berlin;True
марысиа;marysia;True
гцдс;gcds;False
филлес а;filles a;True
доме;dome;True
симон;simon;True
гхц;ghc;False
йц де;jc de;True
ацоола;acoola;True
роцца;rocca;True
wу;wu;True
яцкие;jackie;True
маЬ;ma';True
п;p;True
циана;ciana;True
тадаши;tadashi;True
унлабел;unlabel;False
натурал кангра;natural kangra;True
биланциони;bilancioni;False
манзони;manzoni;True
сантони едитед;santoni edited;True
далоод;dalood;False
тфк тхе;tfk the;True
плеин;plein;True
лео;leo;True
ррл;rrl;False
бы юицы;by juicy;True
теен;teen;True
фроу;frou;True
пал;pal;True
счмитт;schmitt;True
рестлесс;restless;True
оил;oil;True
ц.п;c.p;True
бы сониа;by sonia;True
престон;preston;True
винциане;vinciane;True
саге;sage;True
едитор;editor;True
йм;jm;True
редоуте;redoute;True
цохен;cohen;True
гео;geo;True
ривиерас;rivieras;True
ми;mi;True
рубинацци;rubinacci;True
спидер-ман;spider-man;False
терзиан;terzian;True
ф66;f66;False
памела;pamela;False
нарс;nars;False
фред;fred;True
виц;vic;True
фогал;fogal;False
амен;amen;False
ст.бартх;st.barth;False
qуинн;quinn;True
марцо де;marco de;True
цоыотес;coyotes;True
зилери;zileri;True
лил поур;lil pour;True
нор;nor;True
wип;wip;True
плеасуре;pleasure;True
боыы;boyy;False
wархол;warhol;True
кидстон;kidston;True
тхорнтон;thornton;True
руе ду;rue du;True
униформс фор;uniforms for;True
пицариелло;picariello;True
з;z;True
бартлетт;bartlett;True
биани;biani;True
хиде&яцк;hide&jack;False
рубик;rubik;True
рицци;ricci;True
пеекабоо;peekaboo;False
лорис;loris;True
пацкхам;packham;True
ривиерас леисуре;rivieras leisure;True
у.с;u.s;True
мурпхы &;murphy &;True
барбиери;barbieri;True
арцелаб;artselab;False
турнбулл &;turnbull &;True
полина;polina;True
киехл;kiehl;True
саге анд;sage and;True
риццардо;riccardo;True
мода;moda;True
морпхо&луна;morpho&luna;False
кееперс;keepers;True
wебстер;webster;True
кхрисйоы;khrisjoy;False
реады то;ready to;True
мадден;madden;True
робери;roberi;True
зенгарини;zengarini;True
цуоио;cuoio;True
пацифиqуе;pacifique;True
мигуел;miguel;True
англоманиа;anglomania;True
фресцобол;frescobol;True
кнот;knot;True
фран;fran;True
местиери;mestieri;True
едуард;eduard;True
паладини;paladini;True
счоулер;schouler;True
роча й;rocha j;True
селезнева;selezneva;True
блауе;blaue;True
богс;bogs;False
семонин;semonin;True
робинсон лес;robinson les;True
оверцоме;overcome;False
долфие;dolfie;False
луиса;luisa;True
цирри_цирри;cirri_cirri;False
зиммерли;zimmerli;False
карл;karl;True
ницкелодеон;nickelodeon;False
петриглиа;petriglia;True
хоффман;hoffman;True
алена;alena;True
йенны;jenny;True
язз;jazz;True
гианантонио;gianantonio;True
иф;if;True
раг;rag;True
гение;genie;True
донателла;donatella;True
франчи;franchi;True
пасотти;pasotti;True
нунуну;nununu;False
ыеах;yeah;True
индустриес;industries;True
л.б.м;l.b.m;True
хадид;hadid;True
маргот;margot;True
далес;dales;True
пеллеттиери ди;pellettieri di;True
wалк оф;walk of;True
йоур ле;jour le;True
цостуме;costume;True
ицонс;icons;True
марцолиани;marcoliani;False
цуддлы соцкс;cuddly socks;True
елевен;eleven;True
роберто дел;roberto del;True
карссен;karssen;True
бротхерс блацк;brothers black;True
л&цомпаны лос;l&company los;True
паез;paez;False
wоман;woman;True
ничолас;nicholas;True
партицулиер;particulier;True
ф.р.с фор рестлесс;f.r.s for restless;True
сониа;sonia;True
цедриц;cedric;True
цристина;cristina;True
парикка;parikka;True
тwоол;twool;True
зипит;zipit;False
палома;paloma;True
бартх;barth;True
дирк;dirk;True
борис бидян;boris bidjan;True
тренино;trenino;True
цастори;castori;False
1961;1961;True
фурс;furs;True
мурат;murat;True
д&г;d&g;False
марчанд;marchand;True
манна;manna;True
фемме бы мичеле;femme by michele;True
йоурден;jourden;False
виадесте;viadeste;False
180г бы;180g by;True
мануел;manuel;True
аддицтед;addicted;False
бы ралпх;by ralph;True
йеннифер;jennifer;True
юицы бы юицы;juicy by juicy;True
гхост;ghost;True
деборах;deborah;True
чопард;chopard;False
цаваллини;cavallini;True
ферто;ferto;False
р.й.броwн;r.j.brown;False
фашион фор;fashion for;True
севери;severi;True
лерре;lerre;False
ленглинг;lengling;False
манетти;manetti;True
фур;fur;True
борделле;bordelle;False
да;da;True
ротх;roth;True
чарлиер;charlier;True
гарцонс ширт;garcons shirt;True
й;j;True
маралеx;maralex;True
цоллезиони;collezioni;True
карен;karen;True
цивидини;cividini;False
сопхиа wебстер;sophia webster;True
натаыаким;natayakim;False
царине;carine;True
ыамамото;yamamoto;True
аффеx;affex;False
гн;gn;True
фитзгералд;fitzgerald;True
б3.0;b3.0;False
елдер;elder;True
плаин;plain;True
фаби;fabi;False
доуцалЬс;doucal's;False
бардот;bardot;True
елие;elie;True
арлотта;arlotta;False
амулети;amuleti;True
киок;kiok;False
мастерминд x;mastermind x;True
донна;donna;True
wеилл;weill;False
мрз;mrz;False
соулиерс;souliers;True
барбед;barbed;False
театро;teatro;True
германо;germano;False
евиденс;evidens;True
дЬеxтериор;d'exterior;False
белотти;belotti;True
еыеwеар;eyewear;True
сониа бы сониа;sonia by sonia;True
нанцы;nancy;True
боадицеа тхе;boadicea the;True
м.и.х;m.i.h;True
бен тавернити;ben taverniti;True
темптатион;temptation;False
аззаро;azzaro;False
бианца;bianca;True
парис фроу;paris frou;True
гоосе делуxе;goose deluxe;True
массимино;massimino;True
10 цросбы дерек;10 crosby derek;True
смалто;smalto;True
лиса;lisa;True
фрацап;fracap;False
хоwлин;howlin;False
бусцеми;buscemi;False
виртуале;virtuale;True
ерицксон;erickson;True
гина &;gina &;True
беннет;bennet;True
брандон;brandon;True
цонстантине;constantine;True
андреw;andrew;True
бартлеы;bartley;True
вест;vest;True
задорина;zadorina;True
стуарт;stuart;True
ярмон;jarmon;True
оффицине;officine;True
анницк;annick;True
чилдрен;children;True
гуендалина;guendalina;False
матие;matie;True
+ аитор;+ aitor;True
кеы;key;True
йо но;jo no;True
пиетро;pietro;True
д`оро;d`oro;True
ррел;rrel;False
тхеы неw;they new;True
алице анд;alice and;True
руцолине;rucoline;False
лил;lil;True
оф неw;of new;True
хеарст;hearst;True
хомерс ат;homers at;True
франкие;frankie;True
ал;al;True
чроме;chrome;True
флееце;fleece;True
роw;row;True
м.паппас;m.pappas;False
ницки;nicki;True
бы борис бидян;by boris bidjan;True
цросбы дерек;crosby derek;True
дауне;daune;True
с маx;s max;True
1901;1901;True
меизер;meizer;False
росселла;rossella;True
оxс;oxs;True
руссе;russe;True
прециоус;precious;True
ам;am;True
марте;marte;True
ди алберта;di alberta;True
фреуд;freud;True
делан;delan;False
лазул;lazul;False
сол;sol;True
ыохйи;yohji;True
моу;mou;True
адидас оригиналс;adidas originals;True
кеддо;keddo;False
й &;j &;True
випе;vipe;False
беллини;bellini;False
финаморе;finamore;True
армы ывес;army yves;True
санторо;santoro;True
едит;edit;False
ресорт;resort;True
цоннеxион;connexion;True
харды;hardy;True
севенты;seventy;False
гианницо;giannico;False
марлиес;marlies;True
цастанер;castaner;True
елизабетх анд;elizabeth and;True
ребел;rebel;True
керн;kern;True
бобби;bobbi;True
111скин;111skin;False
прпс гоодс;prps goods;True
цуддлы соцкс бы;cuddly socks by;True
кидорабле;kidorable;False
сара;sara;True
кети;keti;True
тхе фрагранце;the fragrance;True
сачин &;sachin &;True
шаде бы;shade by;True
парма;parma;True
статесман;statesman;True
харрыс оф;harrys of;True
ассн.;assn.;True
паине;paine;True
унцлес;uncles;True
оут;out;True
чеап&чиц;cheap&chic;True
тфк тхе фрагранце;tfk the fragrance;True
лосани;losani;True
задиг &;zadig &;True
м.инт;m.int;False
& стылинг;& styling;True
wет;wet;True
франклин &;franklin &;True
олдос;oldos;False
фаы;fay;True
оозоо;oozoo;True
сарына;saryna;True
тенданцес;tendances;True
28,5;28,5;False
привее;privee;True
грунге йохн;grunge john;True
x алеxандер;x alexander;True
блахник;blahnik;True
йитроис;jitrois;False
руе;rue;True
блас;blas;True
мовие;movie;True
хотел;hotel;True
паоло;paolo;True
морелло;morello;True
боб;bob;True
спаде;spade;True
мартина;martina;True
едитион;edition;True
симон&сцотт;simon&scott;False
лилиес;lilies;True
тwенты;twenty;True
вера;vera;True
тwист;twist;True
араназ;aranaz;False
тхе слееп;the sleep;True
етхан;ethan;True
грунге йохн орчестра;grunge john orchestra;True
др.вранйес;dr.vranjes;False
бао бао иссеы;bao bao issey;True
ыигал;yigal;True
паррончи;parronchi;True
метео;meteo;True
аверы;avery;False
бригитте;brigitte;True
уомо;uomo;True
пхилосопхы ди алберта;philosophy di alberta;True
полови;polovi;False
цуррент/еллиотт;current/elliott;False
ултрацор;ultracor;False
ысл;ysl;False
аннетте;annette;True
йеуне;jeune;True
спаде неw;spade new;True
фонсеца;fonseca;True
ыони;yoni;True
микати;mikati;True
лилибетх оф неw;lilibeth of new;True
ле йеан;le jean;True
баррера;barrera;True
кангра;kangra;True
гросс;gross;True
148;148;True
рич &;rich &;True
андрé;andré;True
йозица;jozica;False
белстафф;belstaff;False
x;x;True
а и;a i;True
каракорам;karakoram;True
рабе;rabe;True
сассо;sasso;True
анналиса;annalisa;True
атwоод;atwood;True
рубеус;rubeus;True
марцело бурлон кидс;marcelo burlon kids;True
стеигер;steiger;False
юрген;jurgen;True
гаваззи;gavazzi;True
пецора;pecora;True
янсон;janson;True
саве;save;True
маx&цо.;max&co.;False
тхе моод фор;the mood for;True
счоол;school;True
алеxандре;alexandre;True
цум;tsum;True
десигнс;designs;True
лемарго;lemargo;False
фемме;femme;True
аголде;agolde;False
хосс;hoss;True
александерсирадекиан;aleksandersiradekian;False
биостхетиqуе;biosthetique;True
wестелите;westelite;False
иссеы;issey;True
ау;au;True
опенинг;opening;True
ангела;angela;True
анне валерие;anne valerie;True
йолиена;joliena;True
ригхт;right;True
кингслеы;kingsley;True
сочи;sochi;True
егг бы сусан;egg by susan;True
хомесыс;homesys;False
иq+берлин;iq+berlin;False
симоне роча;simone rocha;True
2мен;2men;False
бинда;binda;True
он;on;True
бланчетт;blanchett;True
занини;zanini;True
ыаЬаqов;ya'aqov;True
хиндмарч;hindmarch;True
юпе;jupe;True
сорлеы;sorley;True
убеар;ubear;False
лиса марие;lisa marie;True
лупфер;lupfer;True
габриел;gabriel;True
йц;jc;True
нисеарч;nisearch;True
цинемоод;cinemood;False
кислис;kislis;False
антоны;antony;True
спотлигхт;spotlight;False
с;s;True
теаспоон;teaspoon;True
муглер;mugler;False
серафини;serafini;True
етоиле;etoile;True
раw + аитор;raw + aitor;True
ритз;ritz;True
12;12;True
робери &;roberi &;True
примаформа;primaforma;False
гарцонс хомме;garcons homme;True
сабери;saberi;True
рон;ron;True
берwич;berwich;False
роберта;roberta;True
раин;rain;True
пинцо;pinco;True
диана;diana;True
францо;franco;True
яы;jay;True
латорре;latorre;True
барбие;barbie;False
море &;more &;True
палтингер;paltinger;True
минд;mind;True
кхаите;khaite;False
силк оил оф;silk oil of;True
88;88;True
цатх;cath;True
бы марина;by marina;True
ф.р.с фор;f.r.s for;True
олег;oleg;True
багутта;bagutta;False
артиминеси;artiminesi;False
тинглеы;tingley;False
моло;molo;True
баррие;barrie;False
паллино;pallino;True
а.ф.вандеворст;a.f.vandevorst;False
спрwмн;sprwmn;False
чристина;christina;True
естéе;estée;True
бологна;bologna;True
барретт;barrett;True
едитед;edited;True
рицетти;ricetti;True
гем;gem;True
пиаценза;piacenza;True
боттицелли;botticelli;True
пантхерелла;pantherella;False
варлеы;varley;False
олег о;oleg o;True
мока;moka;True
герры;gerry;True
ес мон;es mon;True
чиц;chic;True
агл;agl;False
арти;arti;True
лаурен;lauren;True
френцы&мерцуры;frency&mercury;False
казумыан;kazumyan;True
лоцк;lock;True
б;b;True
ох;oh;True
зубелдиа;zubeldia;True
росие;rosie;True
мер;mer;True
лион оф;lion of;True
колор;kolor;True
осцар де ла;oscar de la;True
лЬаутре;l'autre;True
цастелбаяц;castelbajac;True
арутыунов;arutyunov;True
wеар;wear;True
ессентиел;essentiel;True
фрауд;fraud;True
мори;mori;True
цасасола;casasola;True
гоодс &;goods &;True
борис;boris;True
бан;ban;True
фасциани;fasciani;True
хармониа;harmonia;True
феде;fede;True
габриеле;gabriele;True
цливе;clive;True
ронцато;roncato;False
торнаде;tornade;True
диптыqуе;diptyque;False
маритх +;marith +;True
биллионаире;billionaire;True
магнанни;magnanni;False
цп;cp;True
пилотто;pilotto;True
нудие;nudie;True
флеур ду мал;fleur du mal;True
броуссард;broussard;True
юнефее;junefee;False
3,0;3,0;True
галлотти;gallotti;False
сугархилл;sugarhill;True
wеи;wei;True
аппарел;apparel;True
рачел;rachel;True
рвл;rvl;True
деним&супплы бы ралпх;denim&supply by ralph;True
раы —;ray —;True
тхе спидерс;the spiders;True
гиулиана;giuliana;True
вива;viva;True
це;tse;False
цаовилла;caovilla;True
хоме &;home &;True
асцоли;ascoli;True
систер;sister;True
ферретти;ferretti;True
сцогнамиглио;scognamiglio;True
есцентриц;escentric;True
фурланд;furland;False
свево;svevo;False
хирсч;hirsch;True
традитион;tradition;True
георге гина &;george gina &;True
олгана;olgana;False
кром;krom;True
ц п;c p;True
францесца;francesca;True
драпиер;drapier;True
халле;halle;True
мауризио;maurizio;True
аден+анаис;aden+anais;False
ид;id;True
музи;muzi;True
бацон;bacon;False
ерменегилдо;ermenegildo;True
киркwоод;kirkwood;True
цоллеге;college;False
виктор &;viktor &;True
ласры;lasry;True
бурри;burri;True
гоутал;goutal;True
бы карен;by karen;True
аппартемент а;appartement a;True
ицонс оф;icons of;True
волтаире;voltaire;True
цитизенс оф;citizens of;True
wомен;women;True
робинсон;robinson;True
брунелли;brunelli;True
флаш;flash;True
чкхиквадзе;chkhikvadze;True
киехл`с;kiehl`s;False
баццарат;baccarat;False
цар;tsar;False
ренцо;renco;False
лосангелес;losangeles;True
лЬартисан;l'artisan;True
фран оис;fran ois;True
степхане;stephane;True
царолина;carolina;True
цомме;comme;True
гуесс бы;guess by;True
р.;r.;True
ыу;yu;True
сомеwхере;somewhere;True
цомпагниа;compagnia;True
мичаел бы;michael by;True
дес;des;True
анн;ann;True
сорры иЬм;sorry i'm;True
тод;tod;False
дормеуил;dormeuil;False
маЬ рыЬ;ma' ry';True
ду мал;du mal;True
й & ыони;j & yoni;True
д&й;d&j;True
литтле марц;little marc;True
примитиве;primitive;True
бао бао;bao bao;True
торы;tory;True
руперт;rupert;True
лино;lino;True
мосс;moss;True
нине;nine;True
ердем;erdem;False
армы;army;True
анна цлуб бы;anna club by;True
сопхиа;sophia;True
фор артЬс;for art's;True
2;2;True
беноит;benoit;True
лемпелиус;lempelius;False
сантони едитед бы;santoni edited by;True
прингле оф;pringle of;True
финдер;finder;True
вонни;vonni;True
нистри;nistri;True
кнуцклес;knuckles;True
180г;180g;True
адидас оригиналс бы;adidas originals by;True
молли;molli;False
йеан-мичел;jean-michel;True
аттилио гиусти;attilio giusti;True
пиана;piana;True
форте деи марми;forte dei marmi;True
цсц;csc;True
паяро;pajaro;True
симонс;simons;True
беццариа;beccaria;True
кипо;kipo;True
енза;enza;True
wомен ин тхе;women in the;True
италиана;italiana;True
йет йохн;jet john;True
пеоплес;peoples;True
цолоур 5;colour 5;True
дресслер;dressler;True
арфен;arfen;True
россетти;rossetti;True
лацроиx;lacroix;True
тwо wомен ин;two women in;True
цантарелли;cantarelli;False
хасбро;hasbro;False
емануеле;emanuele;True
лафаыетте;lafayette;True
киссы;kissy;True
боутиqуе;boutique;True
мороццо;morocco;True
пандорине;pandorine;True
цениа;cenia;False
ремиx;remix;True
мариелла;mariella;True
онлы wас;only was;True
чристофле;christofle;False
бы ла;by la;True
милано;milano;True
тонка;tonka;True
цаф;caf;True
холлыwоод традинг;hollywood trading;True
тхинк;think;True
ад56;ad56;False
метрицо;metrico;False
аигле;aigle;False
марант;marant;True
магда;magda;True
цристле;cristle;True
йошуа`с;joshua`s;True
томас;tomas;True
мара;mara;True
фиесоли;fiesoli;True
бенан;benan;True
лариса;larisa;True
л;l;True
спадо;spado;True
базар;bazar;True
тресопхие;tresophie;False
малоне;malone;True
д.еxтериор;d.exterior;False
симоне роча й;simone rocha j;True
хадоро;hadoro;False
цоллине;colline;True
леоца;leoca;False
а.w.а.к.е.;a.w.a.k.e.;False
алессандра;alessandra;True
ф.р.с.;f.r.s.;False
фисзлеwицз;fiszlewicz;True
артЬс;art's;True
благонравова;blagonravova;True
маррас;marras;True
фабризио дел;fabrizio del;True
театро фрагранзе;teatro fragranze;True
фабиана;fabiana;True
апиеце;apiece;True
у.с поло;u.s polo;True
пхилип;philip;True
лоцк &;lock &;True
бараццо;baracco;True
суно;suno;False
ни;ni;False
франклин;franklin;True
брос.;bros.;True
солаце;solace;False
шу;shu;True
180 бы;180 by;True
сааб;saab;True
реады;ready;True
к;k;True
слееве;sleeve;True
динниган;dinnigan;True
флыдеа;flydea;False
спиритуал;spiritual;True
марц бы марц;marc by marc;True
н1;n1;True
адам йонес;adam jones;True
чоцолат;chocolat;True
хермèс;hermès;False
бао иссеы;bao issey;True
адидас бы раф;adidas by raf;True
никелаб;nikelab;False
оис;ois;True
диассамидзе;diassamidze;True
хеунис;heunis;True
леисуре;leisure;True
кингдом;kingdom;True
сцабо;scabo;True
италы;italy;True
бенеттон;benetton;True
линдберг;lindberg;False
зецчино;zecchino;True
тхеы;they;True
кадар;kadar;True
елина;elina;True
плеинаир;pleinair;False
а-цынетиц;a-cynetic;True
томмы хилфигер бы;tommy hilfiger by;True
аф пхилосопхы;af philosophy;True
марлы;marly;True
елена;elena;True
герман;german;True
ио;io;True
цЬнЬц;c'n'c;True
талитха;talitha;False
сундаы;sunday;True
онетеаспоон;oneteaspoon;False
даум;daum;False
прада линеа;prada linea;True
цециле;cecile;True
3.1 пхиллип;3.1 phillip;True
фенты пума бы;fenty puma by;True
зое;zoe;True
ои;oi;True
луциано;luciano;True
нотен;noten;True
лаудер;lauder;True
цолорс оф;colors of;True
трансит;transit;False
1733;1733;True
ти;ti;True
мини;mini;True
+ фран;+ fran;True
артимаглиа;artimaglia;False
боне;bone;True
бурани;burani;True
суискин;suiskin;False
мечери;mecheri;True
бы рицк;by rick;True
и;i;True
баинс;bains;True
иро аня;iro anja;True
георге;george;True
камали;kamali;True
гата;gata;True
wеллингтон;wellington;True
хилфигер бы;hilfiger by;True
аффензахн;affenzahn;False
wилл;will;True
спагноли;spagnoli;True
оливиа вон;olivia von;True
биалас;bialas;True
и ам;i am;True
2 мен;2 men;True
счонwерцк;schonwerck;False
21;21;True
пиецес;pieces;True
й.н.ц.;j.n.c.;False
бы гиги;by gigi;True
мартиниано;martiniano;False
цаф чилдрен;caf children;True
лилибетх оф;lilibeth of;True
раф;raf;True
басси;bassi;True
ецлаирес;eclaires;True
оеуф;oeuf;False
анне;anne;True
федерица;federica;True
силвиан;silvian;True
гемстонес;gemstones;True
авиатор;aviator;True
ролф;rolf;True
гроунд-зеро;ground-zero;False
тwисты параллел;twisty parallel;True
чарлотте;charlotte;True
билл;bill;True
шаде бы карен;shade by karen;True
дуцк;duck;True
емозионе;emozione;False
елизабетх;elizabeth;True
ямес;james;True
л&цомпаны;l&company;True
фриедман;friedman;True
басиx блацк;basix black;True
паула;paula;True
мих;mih;True
иенки;ienki;True
ил;il;True
сцрамблед;scrambled;True
д&с ралпх;d&s ralph;True
пхилосопхы ди лорензо;philosophy di lorenzo;True
боыс;boys;True
ангело;angelo;True
аг;ag;True
олег о фор;oleg o for;True
униформс;uniforms;True
ванда;vanda;True
кристина;kristina;True
парфумс де;parfums de;True
мараис;marais;True
раw +;raw +;True
силла;silla;True
лм;lm;True
порчес;porches;True
албино;albino;False
марц о;marc o;True
813 оттотредици анналиса;813 ottotredici annalisa;True
мило;milo;True
ревече;reveche;True
стоне исланд шадоw;stone island shadow;True
шеЬс;she's;True
чаро;charo;True
реед;reed;True
лемлем;lemlem;False
мемо;memo;False
пхилисопхы ди;philisophy di;True
цуддлы;cuddly;True
иоанна;ioanna;True
цаф чилдрен фашион;caf children fashion;True
хоммес;hommes;True
лутенс;lutens;True
фуи;fui;True
унитед цолорс оф;united colors of;True
болгхери;bolgheri;True
атланта;atlanta;True
маиыет;maiyet;False
аесоп;aesop;False
леигхтон;leighton;True
армата ди;armata di;True
естелла;estella;True
юпе бы;jupe by;True
руннинг;running;True
инуикии;inuikii;False
миссолин;missolin;True
инцонтри;incontri;True
т;t;True
сассетти;sassetti;True
стефаниа;stefania;True
ундерцовер;undercover;False
цоуррèгес;courrèges;False
яыне;jayne;True
магисче;magische;True
йог;jog;True
метео бы ывес;meteo by yves;True
1881;1881;True
моуче;mouche;False
кочé;koché;False
аппартемент;appartement;True
дансе;danse;True
цомма,;comma,;False
винцензо;vincenzo;True
яцк спаде неw;jack spade new;True
йорг;jorg;True
нарцисо;narciso;True
стате;state;True
аткинсонс;atkinsons;False
фенты пума;fenty puma;True
риц;ric;True
цросбы;crosby;True
ктз;ktz;False
блумарине;blumarine;True
тхроуп;throup;True
5превиеw;5preview;False
чосе;chose;True
тwо;two;True
таылор;taylor;True
хисторы;history;True
солоwеар;solowear;False
грахам x;graham x;True
66;66;True
мойо;mojo;True
бы малене;by malene;True
раw;raw;True
малене;malene;True
лилибетх;lilibeth;True
е.е.сцервино;e.e.scervino;False
урбан фашион фор;urban fashion for;True
етинцеллес;etincelles;False
мара спx;mara spx;True
порц;ports;True
метео ывес;meteo yves;True
соцкс;socks;True
т бы;t by;True
деа;dea;True
прима;prima;True
иачи;iachi;True
wалк;walk;True
цлевер &;clever &;True
занотти;zanotti;True
ханро;hanro;False
омбрелли;ombrelli;True
наташа;natasha;True
гош;gosh;True
12 францаис;12 francais;True
росси;rossi;True
фтц;ftc;False
сомедаысоон;somedaysoon;False
яцqуемус;jacquemus;False
чристопхер;christopher;True
бирман;birman;True
хистоирес де;histoires de;True
кендалл&кылие;kendall&kylie;False
еxплосион;explosion;True
хохан;hohan;True
йеwелс;jewels;True
публиц;public;True
борго де;borgo de;True
артем;artem;True
риханна;rihanna;True
донис;donis;True
бруе;brue;True
цлан;clan;False
форте деи;forte dei;True
юныа;junya;True
ные;nye;True
фе;fe;False
еффа;effa;False
пхоебе;phoebe;True
валеxтра;valextra;False
ноисы;noisy;True
грунге;grunge;True
тавернити;taverniti;True
в.wестwоод;v.westwood;True
тресор;tresor;True
мираросси;mirarossi;False
цуттер;cutter;True
параллел;parallel;True
менгхи;menghi;True
лесы;lesy;True
лес цоыотес де;les coyotes de;True
главмод;glavmod;False
д&с;d&s;True
уса;usa;True
чиара;chiara;True
оуд;oud;True
о фор;o for;True
грета;greta;True
йеwел;jewel;True
ди лорензо;di lorenzo;True
микимото;mikimoto;True
мариа гразиа;maria grazia;True
фор вива;for viva;True
марми;marmi;True
wеитзман;weitzman;True
25;25;True
пертини;pertini;False
цампус;campus;False
маиер;maier;True
газинскаыа;gazinskaya;True
ралуца;raluca;False
оффициал;official;True
цры;cry;True
йохнстонс оф;johnstons of;True
донЬт;don't;True
студиос;studios;True
wатанабе;watanabe;True
т.багс;t.bags;True
тоска;toska;True
марцело бурлон;marcelo burlon;True
нилос;nilos;False
лоро;loro;True
орчестра;orchestra;True
алануи;alanui;False
7 фор;7 for;True
бы раф;by raf;True
арц;arts;True
доратеымур;dorateymur;False
10 цросбы;10 crosby;True
фурстенберг;furstenberg;True
тхе хоусе;the house;True
л а;l a;True
маx &;max &;True
перрицоне;perricone;True
алтаиа;altaia;False
хуго;hugo;True
херон;heron;True
флоwер;flower;True
цанада;canada;True
рада;rada;False
солес;soles;True
дреам;dream;True
лоунге;lounge;True
аге оф;age of;True
мила;mila;True
раы-бан;ray-ban;False
омы;omy;False
дегреас;degreas;True
wылде;wylde;True
посен;posen;True
акид;akid;False
легеро;legero;False
насасеасонс;nasaseasons;False
манила;manila;True
анастасиа;anastasia;True
ыелло;yello;True
wомен ин;women in;True
чло;chlo;True
пхытомер;phytomer;False
мати;mati;True
виолетте;violette;True
11 бы;11 by;True
цазабат;cazabat;True
дяба;djaba;True
лам;lam;True
хеглер;hegler;False
грацес;graces;True
верониqуе;veronique;True
блауер;blauer;True
м2маллетиер;m2malletier;False
сониа бы;sonia by;True
родолфо;rodolfo;True
маайи;maaji;False
ерманно;ermanno;True
царлотта;carlotta;True
мццартнеы;mccartney;True
аццессориес;accessories;True
гфасе;gfase;False
флагполе;flagpole;False
мц алеxандер;mc alexander;True
пиццини;piccini;True
сопхие;sophie;True
мандарина;mandarina;True
форте;forte;True
йеан паул;jean paul;True
пропулсион;propulsion;True
х-д-с-н;h-d-s-n;True
витторио;vittorio;True
баделаине;badelaine;True
барони;baroni;False
шадоw;shadow;True
г-стар раw +;g-star raw +;True
антонио;antonio;True
др.;dr.;True
кошакова;koshakova;False
примордиал ис;primordial is;True
сторы;story;True
паул &;paul &;True
голден гоосе делуxе;golden goose deluxe;True
малипарми;maliparmi;False
казуыуки;kazuyuki;True
алеxис;alexis;True
др.ярт+;dr.jart+;False
алберт;albert;True
чристопхе;christophe;True
амо;amo;False
цут;cut;True
георге гина;george gina;True
явиц;javits;True
цласс;class;True
арче;arche;False
броокс бротхерс блацк;brooks brothers black;True
емилиа;emilia;True
сее бы;see by;True
голден гоосе;golden goose;True
цортазар;cortazar;True
цлоуд;cloud;True
симими;simimi;False
тхе спидерс фром;the spiders from;True
серапиан;serapian;True
лангиотти;langiotti;False
деним x алеxандер;denim x alexander;True
флеур оф;fleur of;True
ярдини;jardini;True
ин тхе;in the;True
маx&мои;max&moi;False
мцqуеен;mcqueen;True
адам;adam;True
прпс гоодс &;prps goods &;True
wицкстеад;wickstead;True
а а;a a;True
де маритх +;de marith +;True
аедес де;aedes de;True
бы марц;by marc;True
силлаге;sillage;True
так.ори;tak.ori;False
ахр;ahr;True
спрунг;sprung;False
адидас бы стелла;adidas by stella;True
чен;chen;True
—;—;True
егг;egg;True
виницио;vinicio;True
глам;glam;True
целлцосмет&целлмен;cellcosmet&cellmen;False
с®;s®;False
лила;lila;True
пхилисопхы ди лорензо;philisophy di lorenzo;True
боинет;boinet;True
бранqуинхо;branquinho;True
гринко;grinko;False
гиг;gig;True
ло;lo;True
долце &;dolce &;True
панама;panama;True
аф;af;True
тхе моод;the mood;True
ава;ava;True
мары;mary;True
цолли;colli;True
улленс;ullens;True
дриес;dries;True
бони;boni;True
саке;sake;True
разгулыаев;razgulyaev;True
норwегиан;norwegian;True
рицардо беверлы;ricardo beverly;True
аттицо;attico;False
марселл;marsell;False
претты;pretty;True
2wомен;2women;False
тара;tara;True
дес гарцонс ширт;des garcons shirt;True
р;r;True
беллора;bellora;False
алеxандра;alexandra;True
прим;prim;True
йоурдан;jourdan;True
габриела;gabriela;True
лесы бы;lesy by;True
самира;samira;False
перрис;perris;True
делпхине;delphine;True
ду;du;True
бетх;beth;True
тхе хоусе оф;the house of;True
счон;schon;True
массимо;massimo;True
перрис монте;perris monte;True
бы ывес;by yves;True
мытwин;mytwin;False
нот;not;True
ботх;both;False
о фор вива;o for viva;True
ателиер;atelier;True
маргиела;margiela;True
сониx;sonix;False
лонго;longo;False
аида;aida;True
пост;post;True
болдрини;boldrini;False
варватос;varvatos;True
марцело;marcelo;True
гф;gf;True
мауризи;maurizi;True
елыц;elyts;False
кате спаде неw;kate spade new;True
плейт;plate
бомбер;bomber
милитари;military
милитейри;military
маx;max
макс;max
блие;blue
блу;blue
блуе;blue
блю;blue
боско;bosco
спорт;sport
рассиа;russia
раша;russia
риссиа;russia
руссиа;russia
артек;artek
белла;bella
марни;marni
адидас;adidas
бест;best
валентино;valentino
армани;armani
скинни;skinny
денайм;denim
деним;denim
монклер;moncler
персона;persona
габбана;gabbana
кензо;kenzo
челси;chelsea
марк;marc
корнелиани;corneliani
монтале;montale
шанель;chanel
премиум;premium
оксфорд;oxford
бампер;bumper
бумпер;bumper
аласка;alaska
мастер;master
мастэр;master
мэстэр;master
сандол;sandal
лаура;laura
класна;clasna
оливер;oliver
палио;palio
мадцерини;madzerini
триумф;triumph
неохит;neohit
акаста;acasta
геокс;geox
фелличчи;fellicci
помпа;pompa
шарк;shark
фабретти;fabretti
пинко ап;pinko
реали;reali
прада;prada
вагабонд;vagabond
мандарин;mandarin
марко;marco
дизель;diesel
мустанг;mustang
репаблик;republic
труссарди;trussardi
фурла;furla
лакост;lacoste
карго;cargo
фредди;freddy
кельвин;calvin
кальвин;calvin
фиато;fiato
фьято;fiato
скетчерс;skechers
балдинини;baldinini
каное;canoe
элеганзза;eleganzza
элеганца;eleganzza
ретро;retro
комфорт;comfort
тимберлэнд;timberland
комбез;comboez
комбоез;comboez
саинт;saint
сейнт;saint
барселона;barcelona
барцелона;barcelona
патрол;patrol
томас;thomas
клевер;clever
клэвер;clever
цлевер;clever
викинг;viking
смарт;smart
китти;kitty
аргент;argent
лухта;luhta
ванс;vans
венс;vans
ромика;romika
мэджик;magic
асикс;asics
максвал;maxval
нордик;nordic
конте;conte
цонте;conte
рибок;reebok
марвел;marvel
космо;cosmo
морган;morgan
актив;active
эктив;active
стандард;standard
стэндэрт;standard
пиреймид;pyramid
тефаль;tefal
барбара;barbara
конверс;converse
конвёрс;converse
конверсе;converse
семпер;semper
манго;mango
сплат;splat
стеллар;stellar
хэппи;happy
хаппи;happy
хеппи;happy
алпин;alpine
алпине;alpine
альпин;alpine
элпине;alpine
еxперт;expert
эксперт;expert
скотт;scott
баффало;buffalo
аризона;arizona
мелроуз;melrose
бруно;bruno
тамарис;tamaris
бугатти;bugatti
стретч;stretch
некст;next
тоцци;tozzi
нюанс;nuance
тиффани;tiffany
тиффаны;tiffany
фелина;felina
софтшелл;softshell
каппа;kappa
барака;baraka
докерс;dockers
скаут;scout
сейломон;salomon
палас;palace
палаце;palace
пэлас;palace
релаx;relax
релакс;relax
касадеи;casadei
баслер;basler
сиприме;supreme
супреме;supreme
суприм;supreme
суперстар;superstar
ованти;ovanti
барберри;burberry
берберри;burberry
гучи;gucci
гуччи;gucci
фенди;fendi
ричмонд;richmond
байредо;byredo
лавелле;lavelle
лавель;lavelle
гласслок;glasslock
глэсслок;glasslock
борнер;borner
фрайбест;frybest
фрайбэст;frybest
симен;simen
метрот;metrot
селена;selena
багнола;bagnola
баньола;bagnola
херно;herno
калорик;kalorik
аэрософт;aerosoft
монари;monari
белл;bell
боско фреш;bosco fresh
боско спорт;bosco sport
марина ринальди;marina rinaldi
макс мара;max mara
эрманно сцервино;ermanno scervino
эрмано шервино;ermanno scervino
иль гуфо;il gufo
марина спорт;marina sport
бобби браун;bobbi brown
альберта ферретти;alberta ferretti
альберта феретти;alberta ferretti
том форд;tom ford
ральф лорен;ralph lauren
пако рабанне;paco rabanne
котик;miu miu
миу миу;miu miu
артем кривда;artem krivda
артём кривда;artem krivda
карл лагерфельд;karl lagerfeld
барбара бьюи;barbara bui
тара жармон;tara jarmon
марк джейкобс;marc jacobs
марк якобс;marc jacobs
джил сандер;jil sander
эмпорио армани;emporio armani
ла перла;la perla
леонор грейл;leonor greyl
роза клара;rosa clara
хуго босс;hugo boss
хьюго босс;hugo boss
ред валентино;red valentino
карен миллен;karen millen
стоун айланд;stone island
кира пластинина;kira plastinina
босс оранж;boss orange
аль франко;al franco
антонио дидоне;antonio didone
де ла;de la
де ля;de la
дю лэ;de la
де ла мани;de la manie
том тейлор;tom tailor
тоска блю;tosca blu
лаура бьянка;laura bianca
фред перри;fred perry
фрэд пэрри;fred perry
хилфайгер деним;hilfiger denim
хилфигер деним;hilfiger denim
кельвин кляйн;calvin klein
кельвил кляйн;calvin klein
ребекка минкофф;rebecca minkoff
томми хилфигер;tommy hilfiger
мандарина дак;mandarina duck
альфа индастриз;alpha industries
альфа индастрис;alpha industries
кавалли класс;cavalli class
нью баланс;new balance
веро мода;vero moda
джог дог;jog dog
аляска оригинале;alaska originale
аляска ориджинале;alaska originale
лоро пиана;loro piana
лоро пиано;loro piana
лоро пьяна;loro piana
лоро пьяно;loro piana
кристиан диор;christian dior
делла киана;della ciana
делла сиана;della ciana
блу севен;blue seven
блуе сэвен;blue seven
блю севен;blue seven
ангри бердс;angry birds
энгри бёрдз;angry birds
энгри бердс;angry birds
энгри бёрдс;angry birds
марко тоцци;marco tozzi
фиора блуе;fiora blue
фьора блу;fiora blue
фьора блю;fiora blue
филипп плейн;philipp plein
филипп пляйн;philipp plein
донна каран;donna karan
канада гуз;canada goose
канада гус;canada goose
кэнада гуз;canada goose
канада гооcе;canada goose
соня рикель;sonia rykiel
виа аппиа;via appia
маноло бланик;manolo blahnik
диана фон фюрстенберг;diane von furstenberg
лола палтингер;lola paltinger
лолапалтинджер;lola paltinger
лола палтинджер;lola paltinger
асикс тайгер;asics tiger
асикс тигер;asics tiger
сара керн;sarah kern
майкл корс;michael kors
мисс сиксти;miss sixty
сальваторе феррагамо;salvatore ferragamo
ла рик;la ric
эрика каваллини;erika cavallini
серджио росси;sergio rossi
боттега венета;bottega veneta
зак позен;zac posen
альберто гуардиани;alberto guardiani
эмилио пуччи;emilio pucci
ле силла;le silla
ле лабо;le labo
сен лоран;saint laurent
сен лорен;saint laurent
франки морелло;frankie morello
драйс ван нотен;dries van noten
дрис ван нотен;dries van noten
амина рубиначчи;amina rubinacci
фрателли роззетти;fratelli rossetti
роберто кавалли;roberto cavalli
мартин марджиела;martin margiela
ла мартина;la martina
нина риччи;nina ricci
иль тренино;il trenino
зухаир мурад;zuhair murad
пал зилери;pal zileri
маисон скотч;maison scotch
майзон скотч;maison scotch
рита пфеффингер;rita pfeffinger
альфредо паули;alfredo pauly
елена вера;helena vera
хелена вера;helena vera
манна кадар;manna kadar
томас рабе;thomas rabe
томас рэби;thomas rabe
лилли беннет;lilly bennet
спарк драм;spark drum
виа венето;via veneto
ева камбру;eva cambru
ева камбрю;eva cambru
эва камбру;eva cambru
виа аппиа ду;via appia due
виа аппиа дуэ;via appia due
фор ол мэнкаинд;for all mankind
аб данс;ab dance
аб дансе;ab dance
аб дэнс;ab dance
акне студиос;acne studios
эдд даун;add down
аэронавтика милитаре;aeronautica militare
аэронаутика милитаре;aeronautica militare
аэронавтика милитари;aeronautica militare
аймо ричли;aimo richly
альберто биани;alberto biani
альдо коппола;aldo coppola
алессандра шамони;alessandra chamonix
алессандра шамоникс;alessandra chamonix
алессандра занариа;alessandra zanaria
александр де пари;alexandre de paris
александре де парис;alexandre de paris
алина герман;alina german
американ ретро;american retro
американ туристер;american tourister
андреа монтельпаре;andrea montelpare
андреа нери;andrea neri
адриано гольдшмидт;adriano goldschmied
ангела капути;angela caputi
анн демельмейстер;ann demeulemeester
энн демеулемеестер;ann demeulemeester
анна молинаре;anna molinare
анна славутина;anna slavutina
анна кляйн;anne klein
анне клейн;anne klein
анне кляйн;anne klein
анна валери хаш;anne valerie hash
аннетт хоффманн;annette hoffmann
аннетте хоффманн;annette hoffmann
антонио берарди;antonio berardi
антонио маррас;antonio marras
антони морато;antony morato
энтони морато;antony morato
аззура грончи;azzurra gronchi
бэби диор;baby dior
бэйби диор;baby dior
беате йонен;beate johnen
беате йохнен;beate johnen
блэк орчид;black orchid
бленд схе;blend she
бленд ши;blend she
блу лемон;blue lemon
блуе лемон;blue lemon
блуе лимон;blue lemon
блю лемон;blue lemon
блумарин бэйби;blumarine baby
блумарине бэби;blumarine baby
блюмарин бэйби;blumarine baby
блюмарине бэби;blumarine baby
браун аллан;brown allan
бруно манетти;bruno manetti
бруно росси;bruno rossi
каролина херрера;carolina herrera
каролина эррера;carolina herrera
шарлотта биалас;charlotte bialas
ситизенс оф хьюманити;citizens of humanity
клевер каттер;clever cutter
клевер лок;clever lock
клэвер локк;clever lock
клив кристиан;clive christian
коллет динниган;collette dinnigan
калорс оф калифорниа;colors of california
колор оф калифорния;colors of california
корнелиани айди;corneliani id
корнелиани ид;corneliani id
корнельяни айди;corneliani id
коттон клаб;cotton club
кристина дал лаго;cristina dal lago
кристина даль лаго;cristina dal lago
даль лаго;dal lago
катлер энд гросс;cutler and gross
дал лаго клаб;dal lago club
дал лаго клуб;dal lago club
даль лаго клаб;dal lago club
даль лаго клуб;dal lago club
дэниел восовик;daniel vosovic
даниэле карлотта;daniele carlotta
дармон милано;darmon milano
дас магише мессер;das magische messer
давид чарлес;david charles
дэвид чарлес;david charles
дэвид чарльс;david charles
дэвид лернер;david lerner
дед мит;dead meat
деи колли;dei colli
дей колли;dei colli
дельфине мурат;delphine murat
дерек лэм;derek lam
диор бэби;dior baby
диор бэйби;dior baby
дирк биккембергс;dirk bikkembergs
др брандт;dr brandt
эмануэль унгаро;emanuel ungaro
эмфази пелле;emfasi pelle
эмфаси пелле;emfasi pelle
энза коста;enza costa
евгения ким;eugenia kim
эугениа ким;eugenia kim
экс нихило;ex nihilo
фалиеро сарти;faliero sarti
федерика моретти;federica moretti
фелдер фелдер;felder felder
фиато дрим;fiato dream
фьято дрим;fiato dream
филипе соуса;filipe sousa
филипе суса;filipe sousa
файндерс киперс;finders keepers
франк боклет;franck boclet
франко феррари;franco ferrari
габриэле пасини;gabriele pasini
гамелиа экспериенс;gamelia experience
голд банни;gold bunny
грета константин;greta constantine
гельмут ланг;helmut lang
хельмут ланг;helmut lang
пауле ка;paule ka
холи кафтан;holy caftan
хосс интропиа;hoss intropia
хауз оф;house of
хоусе оф;house of
изола маррас;isola marras
ио пелле;io pelle
исса лондон;issa london
кангра кашмере;kangra cashmere
кангра кашмир;kangra cashmere
кисси кисси;kissy kissy
клара кипо;klara kipo
кристина ти;kristina ti
кьюр базар;kure bazaar
ла коллин;la colline
ла рейн бланш;la reine blanche
лаура биагиотти;laura biagiotti
лаура биаджиотти;laura biagiotti
ле гуигнол;le guignol
ле гуиньол;le guignol
ле мараис;le marais
ле пандорин;le pandorine
лил парис;lil paris
лили гауфретте;lili gaufrette
лили гофретт;lili gaufrette
лили петрус;lili petrus
лайон оф порчес;lion of porches
лион оф порчес;lion of porches
литл марк якобс;little marc jacobs
литтл марк джакобс;little marc jacobs
лиу джо;liu jo
лиу йо;liu jo
лиу джо спорт;liu jo sport
лиу йо спорт;liu jo sport
лиу джо уомо;liu jo uomo
лиу йо уомо;liu jo uomo
лм парфюмс;lm parfums
лайк ит;like it
люка де монте;luca de monte
луиги борелли;luigi borrelli
луиза беккариа;luisa beccaria
мад алмадал;mad almadal
маисон эспин;maison espin
майзон эсрин;maison espin
мейсон франсис куркджан;maison francis kurkdjian
майсон маргела;maison margiela
мейсон улленс;maison ullens
марго шмитт;margot schmitt
маргот шмитт;margot schmitt
мариа сантангело;maria santangelo
мария сантангело;maria santangelo
мариа сантангело наполи;maria santangelo napoli
мария сантангело наполи;maria santangelo napoli
мариелла бурани;mariella burani
марлис мюллер;marlies moller
мэри катранзу;mary katrantzou
мэри катрантцу;mary katrantzou
массимо сантини;massimo santini
максмара пианофорте;maxmara pianoforte
ми ми сол;mi mi sol
ми ми соль;mi mi sol
мишель бинда;michele binda
мила шон;mila schon
мисс блюмарин;miss blumarine
мисс грант;miss grant
мкт студио;mkt studio
эмкейти студио;mkt studio
модалу ландон;modalu london
модалу лондон;modalu london
моло кидс;molo kids
монтелпаре традишн;montelpare tradition
монтельпар традисьон;montelpare tradition
монтельпаре традитион;montelpare tradition
нил барретт;neil barrett
неро перла;nero perla
ники макфарлане;nicki macfarlane
ники макфарлейн;nicki macfarlane
норма камали;norma kamali
он коурс;on course
он курс;on course
онитсука тайгер;onitsuka tiger
онитсука тигер;onitsuka tiger
оницука тайгер;onitsuka tiger
ороблу либерти;oroblu liberti
ороблю либерти;oroblu liberti
оскар де ла рента;oscar de la renta
оскар де ля рента;oscar de la renta
паула кадемартори;paula cademartori
перлс мелоди;pearls melody
питер пилотто;peter pilotto
филип кингсли;philip kingsley
филиппе феррандис;philippe ferrandis
филиппе модел;philippe model
пьетро брунелли;pietro brunelli
поллини студио;pollini studio
поло ральф лорен;polo ralph lauren
пост кард;post card
премиата вилл би;premiata will be
премиата уилл би;premiata will be
пресс дом;press dome
пресс доме;press dome
пресс лид;press lid
прингл оф скотланд;pringle of scotland
профессор амос;professor amos
профюмум рома;profumum roma
квис квис;quis quis
куис куис;quis quis
радикал шик;radical chic
разгуляев благонравова;razgulyaev blagonravova
рене фуртерер;rene furterer
реа коста;rhea costa
рхеа коста;rhea costa
рик оуэнс;rick owens
роберт фридман;robert friedman
роберт фриедман;robert friedman
роберта фурланетто;roberta furlanetto
роберта гандольфи;roberta gandolfi
роберта скарпа;roberta scarpa
роберто дель карло;roberto del carlo
рожа дав;roja dove
роланд мурет;roland mouret
рю ду мэйл;rue du mail
рю дю мэйл;rue du mail
руперт сандерсон;rupert sanderson
рикел энфант;rykiel enfant
рикель анфан;rykiel enfant
рикель енфант;rykiel enfant
сан блас;san blas
сэнд копенгаген;sand copenhagen
сэнд копенхаген;sand copenhagen
серапиан милано;serapian milano
сергио белотти;sergio belotti
сержио белотти;sergio belotti
сермонета главз;sermoneta gloves
сермонета глоувс;sermoneta gloves
силк ойл оф морокко;silk oil of morocco
силвер рид;silver reed
сильвер рид;silver reed
согни соффичи;sogni soffici
соньи соффиси;sogni soffici
соньи соффичи;sogni soffici
спиритуал гангстер;spiritual gangster
спиричуал гэнгстер;spiritual gangster
спортмакс код;sportmax code
стефан янсон;stephan janson
стив мадден;steve madden
стори лорис;story loris
студио би;studio b
сьюзан эрман;suzanne ermann
сюзан эрманн;suzanne ermann
сюзанне эрманн;suzanne ermann
сильви шиммель;sylvie schimmel
тартин э шокола;tartine et chocolat
тартин э шоколя;tartine et chocolat
тартине эт шоколат;tartine et chocolat
темперли лондон;temperley london
синк чик;think chic
тхинк чик;think chic
том тэйлор деним;tom tailor denim
тори берч;tory burch
тру тридишн;true tradition
труе традитион;true tradition
тру традишн;true tradition
алтимо каса;ultimo casa
ултимо каса;ultimo casa
юнайтед калорс оф бенеттон;united colors of benetton
юнайтед колорс оф бенеттон;united colors of benetton
вал макс;val max
вэл макс;val max
вэл мэкс;val max
валери престиж;valery prestige
веггетти про;veggetti pro
веро куоио;vero cuoio
вибратион белт;vibration belt
вибрейшн бэлт;vibration belt
вибрэйшн белт;vibration belt
вилла болгери;villa bolgheri
вилья болгери;villa bolgheri
вильшенко москоу;vilshenko moscow
витторио эмануеле;vittorio emanuele
воиле бланш;voile blanche
воль бланш;voile blanche
вуаль бланш;voile blanche
ватер зум;water zoom
вотер зум;water zoom
уотер зум;water zoom
вандер мастер;wonder master
уандер мастер;wonder master
игаль азруэль;yigal azrouel
зое карссен;zoe karssen
гуардини;guardini
гвардини;guardini
нобранд;nobrand
ноубренд;nobrand
ноубрэнд;nobrand
стайлетикс;styletics
у-3;y-3
айланд;island
ленер;lener
чапурин;chapurin
о.икс.эс;o.x.s.
о.х.с;o.x.s.
лабел;label
лэйбл;label
гоурметмакс;gourmetmaxx
гурмэмакс;gourmetmaxx
гурмэмахх;gourmetmaxx
нике;nike
найк;nike
версус;versus
боороо;booroo
буру;booroo
стренессе;strenesse
бикембергс;bikkembergs
биккембергс;bikkembergs
вивиенн;vivienne
вивиенне;vivienne
фор;for
полароид;polaroid
палароид;polaroid
паларойд;polaroid
поляроид;polaroid
петрус;petrus
петрюс;petrus
монтбланк;montblanc
монтбланц;montblanc
фаворит;favorit
фабрицио;fabrizio
хг;hg
эйчджи;hg
эйч джи;hg
капо;capo
фром;from
пастаклин;pastaclean
еа7;ea7
роро;roro
мм6;mm6
джонс;jones
луи.джо;lui.jo
каос;kaos
металак;metalac
пепе джинс;pepe jeans
джакквес;jacques
пиренекс;pyrenex
др себа;dr.sebagh
рей;ray
паул энд джое;paul & joe
поль энд джо;paul & joe
гиакоморелли;giacomorelli
пресс;press
изомерс;isomers
исомерс;isomers
кашарель;cacharel
хауз;house
хоусе;house
менбур;menbur
медикал;medical
медицал;medical
бланк;blanc
лалеас;laleas
лалис;laleas
эрик;eric
мари;marie
блюгерл;blugirl
сокони;saucony
сэн;san
сан;san
джулиус;julius
симетри;symetrie
брэнд;brand
универсе;universe
юниверсе;universe
ровента;rowenta
равента;rowenta
гудс;goods
дуджолие;dujolie
дюджоли;dujolie
дюжоли;dujolie
атлетик;athletic
мэйсон'с;mason's
пейдж;paige
де;de
дэ;de
одри;odri
иро;iro
бриони;brioni
джо;joe
аллюд;allude
олимпиа;olympia
олымпиа;olympia
нанан;nanan
санидорм;sanidorm
зе фифс;the fifth
тинселс;tinsels
но;no
чарлес;charles
чарльз;charles
олаплекс;olaplex
пустовит;poustovit
грин;green
греен;green
гриин;green
акуа;acqua
аскуа;acqua
ацква;acqua
бакирубати;bacirubati
басирубати;bacirubati
бачирубатти;bacirubati
солудос;soludos
солюдос;soludos
мичел;michel
левис;levi's
селин;céline
зе норс;the north
изимакс;easymaxx
изимахх;easymaxx
куранни;curanni
лаволта;lavolta
лавольта;lavolta
свелтус;sveltus
бердс;birds
бирдс;birds
мануш;manoush
марк;mark
лайн;line
лине;line
бургмайстер;burgmeister
бургмейстер;burgmeister
эксплорер;explorer
роланд;roland
малградо;malgrado
синк;cinque
ориадес;oryades
оруадес;oryades
наполи;napoli
баы;bay
бэй;bay
хавайанас;havaianas
ингланд;england
энгланд;england
норвег;norveg
флай;fly
флы;fly
ванс;ones
онес;ones
уанс;ones
ресерч;research
ресирч;research
бальман;balmain
бэлмэйн;balmain
клинмакс;cleanmaxx
клинмахх;cleanmaxx
берлингтон;burlington
бёрлингтон;burlington
бурлингтон;burlington
парах;parah
воx;vox
вокс;vox
а-к-р-и-с;a-k-r-i-s
гаетанонаварра;gaetanonavarra
пеопле;people
пиопл;people
пипл;people
л.с.б.;l.c.b.
эль.си.би;l.c.b.
вулфскин;wolfskin
гран;gran
грана;gran
грано;gran
аззурра;azzurra
азура;azzurra
азурра;azzurra
стетсон;stetson
ерибе;eribe
эрайб;eribe
эрибе;eribe
вранглер;wrangler
кристал;cristal
кристалл;cristal
кристаль;cristal
цристал;cristal
мантова;mantova
вебер;weber
вейбир;weber
ривер;river
пароле;parole
вита;vita
стефанел;stefanel
стефанель;stefanel
герл;girl
ив саломон;yves salomon
сполдинг;spalding
ки-вэй;k-way
филипс;philips
пфилипс;philips
пхилипс;philips
филлипс;philips
дольче;dolce
малолес;maloles
палм;palm
старс;stars
стартс;stars
тру;true
тайм- ту-дресс;time-to-dress
престидж;prestige
велудакис;veloudakis
смитсон;smythson
дав;dove
дове;dove
яна;jana
агонист;agonist
менард;menard
4кук;4cook
форкук;4cook
фоуркук;4cook
еигхт;eight
эйт;eight
маркоболонья;marcobologna
айрин;irin
ирин;irin
коламбиа;columbia
колумбиа;columbia
хармонт&блаине;harmont&blaine
хэрмонт энд блэйн;harmont&blaine
солинген;solingen
таун;town
товн;town
а.тестони;a.testoni
фалкотто;falcotto
фалькотто;falcotto
эдж;edge
закконе;zaccone
аморе;amore
клин-тек;klin-tec
паул;paul
палладиум;palladium
ланком;lancome
роданиа;rodania
родания;rodania
кэндишоп;candyshop
картезиа;cartesia
картесиа;cartesia
кромиа;cromia
паррот;parrot
пэррот;parrot
ти ви эс;tvs
пэникейл;panicale
ультру;ultru
чери;cherie
шери;cherie
шарп;sharp
австралиа;australia
аустралиа;australia
эдишн10;edition10
wолф;wolf
волф;wolf
уолф;wolf
кариока;carioca
бронкс;bronx
флер;fleur
хлои;chloé
цоста;costa
моа;moa
дьемме;diemme
коач;coach
коуч;coach
граце;grace
фрапен;frapin
фрапин;frapin
фрейпин;frapin
моретти;moretti
альберотанца;alberotanza
рокко;rocco
роццо;rocco
стреллсон;strellson
реплей;replay
реплэй;replay
риплэй;replay
лна;lna
леплас;leplas
нюд;nude
клинели;cleanelly
клинелли;cleanelly
лагерфельд;lagerfeld
лаб;lab
квинси;quincy
куинси;quincy
кипсейк;keepsake
лабс;labs
джой;joie
джойе;joie
ба&ш;ba&sh
бутик;butik
джозеф;joseph
джосеф;joseph
ричард;richard
зе;the
баленсиага;balenciaga
поис;pois
пуа;pois
три;three
пол смит;paul smith
гуам;guam
коломбо;colombo
соломбо;colombo
цоломбо;colombo
сенсай;sensai
монстер;monster
флорентина;florentina
флоринтина;florentina
ван;van
йанг;young
фламбианс;flambiance
фламбиансе;flambiance
фламбьанс;flambiance
модел;model
виа;via
фреш;fresh
ловер;lover
александре.джей;alexandre.j
пенниблэк;pennyblack
шадаззл;shadazzle
бомбуги;bomboogie
бомбуджи;bomboogie
мусо;muso
свилденс;swildens
ориджиналс;originals
ориджинолс;originals
джинс;jeans
нолого;nologo
маисон;maison
мейсон;maison
бланче;blanche
хофман;hoffmann
хофманн;hoffmann
хоффман;hoffmann
хоффманн;hoffmann
блад;blood
эн12эйч;n12h
ватер;water
вотер;water
уотер;water
джайлс;giles
скарпа;scarpa
памилла;pamilla
себастьян;sebastian
пассигатти;passigatti
май;my
дондап;dondup
аврора;aurora
аурора;aurora
браун;brown
китон;kiton
флиорадж;flioraj
фльораж;flioraj
оскар;oscar
осцар;oscar
о.с.а;o.c.a
альфа;alpha
аспеси;aspesi
джекерсон;jeckerson
вандербра;wonderbra
вондербра;wonderbra
уандербра;wonderbra
пруденс;prudence
икс-байк;x-bike
экс-байк;x-bike
эстель;estel
компани;company
компени;company
цомпаны;company
лемон;lemon
лимон;lemon
фьюжн;fusion
мариа;maria
кокка;kocca
косса;kocca
проджект;project
карон;caron
клоузд;closed
баллантайн;ballantyne
этро;etro
манту;mantu
хоум;home
хоме;home
клиник;clinique
беауте;beaute
бьюте;beaute
скин;skin
кио;kyo
куо;kyo
ли;lee
викэнд;weekend
нумеро;numero
задиг&вольтер;zadig&voltaire
авиу;aviu
бэйби;baby
боадицея;boadicea
ц;c
родригес;rodriguez
родригуез;rodriguez
соттокоперта;sottocoperta
хаски;husky
торино;torino
драйкорн;drykorn
оригинал;original
ориджинал;original
ориджинол;original
эмсикью;mcq
валери;valery
блак;black
блэк;black
блек;black
инвизибоббл;invisibobble
инвисибоббле;invisibobble
карло;carlo
царло;carlo
вайт;white
врайт;white
вхите;white
wхите;white
новембер;november
кампомагги;campomaggi
кампомаджи;campomaggi
твин;twin
брукс бразерс;brooks brothers
р+ко;r+co
рич&роял;rich&royal
николас;nicolas
ницолас;nicolas
перла;perla
нотици;notizie
ванг;wang
вонг;wang
эмилио;emilio
дайсон;dyson
дусон;dyson
дысон;dyson
дисон;dyson
инверни;inverni
голден;golden
релиш;relish
мартин;martin
натурино;naturino
мекс;mexx
онли;only
бисибидженерейшн;bcbgeneration
бисибидженерэйшн;bcbgeneration
бсбдженерейшн;bcbgeneration
браккиалини;braccialini
брассиалини;braccialini
браччиалини;braccialini
акса;axa
аха;axa
бак;back
гиамба;giamba
роса;rosa
дзенья;zegna
ив;eva
эва;eva
силк;silk
федели;fedeli
лабо;labo
коте;cote
акне;acne
трувор;truvor
с.оливер;s.oliver
лейтмотив;leitmotiv
таглиаторе;tagliatore
тальяторе;tagliatore
классик;classic
цлассиц;classic
малберри;mulberry
пи эр уай эм;prym
прим;prym
кокоша;kokosha
эквипмент;equipment
норс;north
вайталмэкс;vitalmaxx
виталмакс;vitalmaxx
исайя;isaia
сбс;sbc
эс би си;sbc
голд;gold
вилла;villa
дорин;dorin
барбор;barbour
барбоур;barbour
барбур;barbour
зддз;zddz
зет ди ди зет;zddz
балли;bally
фэшн;fashion
гламороус;glamorous
гламорус;glamorous
брэндт;brandt
вальмонт;valmont
ветементс;vetements
ветмо;vetements
нью;new
нев;new
мириам кеведо;miriamquevedo
инуово;inuovo
инюово;inuovo
трикси;trixie
элис+оливия;alice+olivia
мисс;miss
бафф;buff
буфф;buff
рауль;raoul
нашен;nation
нейшн;nation
эльдорадо;eldorado
альто;alto
алто;alto
баджон;bajon
байон;bajon
бахон;bajon
бэджон;bajon
бэйон;bajon
инфинити;infinity
инфиниты;infinity
ангели;angeli
анджели;angeli
стрит;street
гиоттино;giottino
джиоттино;giottino
рокуе;roque
рокью;roque
галло;gallo
гайо;gallo
беллагио;bellagio
белладжио;bellagio
беллажио;bellagio
ман;man
мулинекс;moulinex
йеллоу;yellow
хлое;chloe
нотифай;notify
гта;gta
алайя;alaia
а;a
поллини;pollini
моорер;moorer
мурер;moorer
арнетте;arnette
3лаб;3lab
мира;mira
мано;mano
р95тх;r95th
эр95ти эйч;r95th
том;tom
валли;valli
джуси;juicy
краз;cruz
бленд;blend
папа;papa
трозани;trosani
тросани;trosani
риваге;rivage
риваж;rivage
кадрилатеро;qadrilatero
мома;moma
рич;rich
лонгшамп;longchamp
черч'с;church's
сьюл;thule
тьюл;thule
йелли;jelly
желли;jelly
свиссджетал;swissgetal
траст;trust
ивес;yves
нориалли;noryalli
джувиа;juvia
амефа;amefa
хеиди;heidi
мелоди;melody
ерма;erma
эрма;erma
санетта;sanetta
лав;love
лов;love
лове;love
лоф;love
гимо'с;gimo's
гимос;gimo's
ангри;angry
энгри;angry
коллекшн;collection
коллектион;collection
коллекшен;collection
цоллецтион;collection
морнинг;morning
студио;studio
итакли;itakli
унгаро;ungaro
хоумдикс;homedics
скотч энд сода;scotch&soda
рене;rene
дана;dana
кастелло;castello
цастелло;castello
хсе24;hse24
эйчэсе24;hse24
люблю;lublu
рома;roma
хершель;herschel
энд;and
анд;and
миссоттен;missotten
аир;air
эир;air
эйр;air
ноло;nolo
гразиа;grazia
грэзиа;grazia
максимо;maximo
аппл;apple
эпл;apple
эппл;apple
джианни;gianni
лайт;light
лигхт;light
делла;della
дила;della
дэлла;della
хеарц;hearts
айин;in
ин;in
американ;american
джокка;jocca
премьер;premier
виктор&рольф;viktor&rolf
грахам;graham
грэхэм;graham
ла;la
эскада;escada
стелла;stella
барлейкорн;barleycorn
барликорн;barleycorn
файнера;finera
финера;finera
финэра;finera
софаскинс;sofaskins
манеби;manebi
а—мере—ко;a—mere—co
олсен;olsen
ольсен;olsen
ритратти;ritratti
десигн;design
дизэйн;design
дисайн;design
казио;casio
касио;casio
тайа;taya
суперфайн;superfine
ламы;lamy
пеарл;pearl
перл;pearl
дакс;daks
сибергер;seeberger
сиберджер;seeberger
алкотт;alcott
алькот;alcott
олкотт;alcott
кукинелла;cucinella
кучинелла;cucinella
гурмэ;gourmet
ализи;alysi
алиси;alysi
якобс;jacobs
шиатти;schiatti
делуxе;deluxe
делюкс;deluxe
дэлих;deluxe
москоу;moscow
эделзейт;edelzeit
эн 21;n°21
эн°21;n°21
дром;drome
корта;korta
реине;reine
рейин;reine
кристис;christies
вон;von
инсайт;insight
пирекс;pyrex
пюрекс;pyrex
аб;ab
эпикал;epiqual
джанеке;janeke
ханеке;janeke
янеке;janeke
дисней;disney
мо&ко;mo&co
халстон;halston
бэркли;barclay
инкотекс;incotex
ап;up
юп;up
феррари;ferrari
асх;ash
аш;ash
эш;ash
вибрапауэр;vibrapower
ирфе;irfe
бетти;betty
ланаформ;lanaform
бисон;bison
зейбра;zeybra
зибра;zeybra
азе;athe
атхе;athe
пианофорте;pianoforte
еаси;easi
иси;easi
лалик;lalique
твинс;twins
пхилиппе;philippe
филипе;philippe
филиппе;philippe
параджамперс;parajumpers
монреал;monreal
монреаль;monreal
коттон;cotton
пума;puma
аньона;agnona
маы;may
катя;catya
сатиа;catya
джаст;just
жаст;just
юст;just
альтеа;altea
виллиам;william
уиллиам;william
пикар;picard
пикард;picard
моллер;moller
моллэр;moller
екверри;equerry
экверри;equerry
ембе;embe
эмбе;embe
шаров;sharov
пити01;pt01
пт01;pt01
фокс;fox
скинеанс;skineance
скинианс;skineance
холи;holy
холы;holy
иви;ivi
ллойд;lloyd
мет;met
веспуччи;vespucci
кортиджиани;cortigiani
шоу;show
санкоо;suncoo
санку;suncoo
хёгл;högl
хогл;högl
вилебрекуин;vilebrequin
эмси;mc
кларинс;clarins
пеутерей;peuterey
пьутерей;peuterey
пьютерей;peuterey
везувиа;vesuvia
зест;zest
цест;zest
фридомдэй;freedomday
гианфранцо;gianfranco
гиафрнко;gianfranco
платинум;platinum
луиги;luigi
луиджи;luigi
депеш;depeshe
иннуе;innue
инню;innue
китчен;kitchen
маисонкве;maisonque
майзонкве;maisonque
лумеско;lumesso
люмеско;lumesso
гламстори;glamstory
глэмстори;glamstory
спортмакс;sportmax
нуаник;nuanique
нуаникве;nuanique
белфе;belfe
куксо;kuxo
сомниа;somnia
реплэй энд санс;replay&sons
риплей энд сонс;replay&sons
риплэй энд санс;replay&sons
миа;mia
шайк;shaik
херитаге;heritage
херитедж;heritage
херитейдж;heritage
литтл;little
портолано;portolano
эво;evo
берлингот;berlingot
тек;tech
теч;tech
крид;creed
ди;di
море;more
арнуво;arnouveau
барена;barena
гриджиоперла;grigioperla
ланкастер;lancaster
андервеар;underwear
допплер;doppler
мр&мрс;mr&mrs
самсонайт;samsonite
самсонит;samsonite
самсоните;samsonite
малиция;malizia
леррос;lerros
пайнайдер;pineider
феллинберг;fellinberg
джекоб;jacob
якоб;jacob
яцоб;jacob
родарте;rodarte
куро;kuro
шланкштуц;schlankstutz
викториа;victoria
виктория;victoria
вицториа;victoria
вайлд;wild
вилд;wild
мархаттер;marhatter
амуаж;amouage
розапоис;rosapois
пети;petit
серколо;circolo
сёрколо;circolo
сирколо;circolo
джиани;giani
кручинани;cruciani
жан;jean
жин;jean
йеан;jean
айс;ice
р.крешентини;r.crescentini
скотч;scotch
хэппинесс;happiness
маркеза;marchesa
римова;rimowa
парадесса;paradessa
линеа;linea
тайгер;tiger
тигер;tiger
тиджер;tiger
фраас;fraas
рокси;roxy
г.пасини;g.pasini
дж.пасини;g.pasini
гиусти;giusti
жуисти;giusti
жусти;giusti
вулрич;woolrich
розиау;rousseau
роуссеау;rousseau
канадиан;canadian
кэнэдиан;canadian
лоран;laurent
лорен;laurent
сандро;sandro
айсберг;iceberg
роуал;royal
роыал;royal
роял;royal
свон;swan
реико;reiko
рейко;reiko
изи;easy
флёранж;fleurange
флеуранге;fleurange
флоранж;fleurange
ахуху;ahuhu
хауте;haute
алдо;aldo
альдо;aldo
ланвин;lanvin
веро;vero
гала-гала;gala-gala
рапаро;raparo
файн;fine
фине;fine
дорф;dorff
дорфф;dorff
мадейра;madeira
про;pro
бай;by
д.а.т.е;d.a.t.e.
кидс;kids
гант;gant
брозерс;brothers
бротхерс;brothers
оранге;orange
оранж;orange
монткаротте;montcarotte
боонпа;boonpa
бунпа;boonpa
пенфилд;penfield
пэнфилд;penfield
принкесс;princess
принцесс;princess
лаббра;labbra
беаюкмуи;beayukmui
марио;mario
мерио;mario
мэрио;mario
зауберхафт;zauberhaft
цауберхафт;zauberhaft
цоберхафт;zauberhaft
б.йанг;b.young
б.уоунг;b.young
би.йанг;b.young
мои;moi
арт;art
эрт;art
борсалино;borsalino
вивис;vivis
бесилент;besilent
дарлинг;darling
истпак;eastpak
истпэк;eastpak
сэндвич;sandwich
шоес;shoes
шуз;shoes
сол.инге;sol.inge
соль.инже;sol.inge
зибеон;zibeon
напапиджри;napapijri
напапижри;napapijri
напапийри;napapijri
дольче&габбана;dolce&gabbana
эссенке;essence
эссенс;essence
делсей;delsey
делси;delsey
гесс;guess
милли;milly
крупс;krups
канна;kanna
сент;st
ст;st
кросс;cross
бона;bona
бермуда;bermuda
шисейдо;shiseido
потс;potts
поттс;potts
потц;potts
давид;david
дэвид;david
е;e
акрис;akris
флориане;floriane
лес;les
нюмф;nümph
паджар;pajar
натирал;natural
натурал;natural
натурэл;natural
рик;rick
лалтрамода;laltramoda
парис;paris
пэрис;paris
гироначчи;gironacci
джироначчи;gironacci
лайк;like
пазини;pasini
пасини;pasini
деад;dead
д'оро;d'oro
ами;ami
соу;so
супердрай;superdry
анджел;angel
эйнлжел;angel
нина;nina
форгивнесс;4giveness
лоеве;loewe
монтекоре;montecore
виблес;weebles
уиблс;weebles
риналди;rinaldi
симонетта;simonetta
раер;raer
мале;male
мейл;male
селектед;selected
мерк;merc
кларкс;clarks
гуз;goose
гусе;goose
павони;pavoni
хуит;huit
хюит;huit
инитио;initio
джооп;joop
джуп;joop
шантель;chantelle
лансел;lancel
ланцел;lancel
хилфигер;hilfiger
смит;smith
смис;smith
виоланти;violanti
виветта;vivetta
хартфорд;hartford
креа;crea
меркулес;mercules
д амико;d'amico
д'амико;d'amico
вериччи;vericci
эшли;ashley
теори;theory
тиори;theory
дел;del
андерсонс;anderson's
твинсет;twinset
гай;guy
гуи;guy
томболини;tombolini
пенсофал;pensofal
кова&т;kova&t
акваззура;aquazzura
коллонил;collonil
диадора;diadora
систерс;sisters
угг;ugg
свимс;swims
плас;plus
плус;plus
плюс;plus
диэр;dr
др;dr
хюд;hyd
эйчвайди;hyd
эйчуайди;hyd
вондер;wonder
уондер;wonder
олви'c;olvi`s
роче;roche
роше;roche
абро;abro
юнион;union
бланча;blancha
алетта;aletta
силк н;silk'n
силк эн;silk'n
винтаге;vintage
винтадж;vintage
винтедж;vintage
эдун;edun
каррера;carrera
лардини;lardini
джоттум;jottum
флаумфидер;flaumfeder
бенч;bench
атлантик;atlantic
атлантиц;atlantic
этлантик;atlantic
маре;mare
баланс;balance
бэлэнс;balance
норд;nord
джокей;jockey
жокей;jockey
пиквадро;piquadro
религион;religion
релиджен;religion
релиджион;religion
изола;isola
исола;isola
фалке;falke
фальке;falke
лакоса;lakosa
бейонд;beyond
беыонд;beyond
рокас;rochas
рочас;rochas
андреа;andrea
мджус;mjus
мйус;mjus
кимс;kims
йорк;york
уорк;york
ыорк;york
сисли;sisley
гемма;gemma
джемма;gemma
дживанши;givenchy
живанши;givenchy
тэйлор;tailor
моосе;moose
мус;moose
дас;das
плей;play
кочинелли;coccinelle
виалман;vialman
офф вайт;off-white
офф-вайт;off-white
альтерна;alterna
томми;tommy
его;ego
эго;ego
барток;bartoc
натионал;national
национал;national
грациаллиани;grazia'lliani
роуз;rose
фефе;fefe
смайл;smile
смиле;smile
фоссил;fossil
микронесс;mikronesse
микронессе;mikronesse
гальяно;galliano
дискваред2;dsquared2
дим;dim
неро;nero
ниро;nero
джек;jack
джо'c;joe's
ди кей эн уай;dkny
дкну;dkny
джи-стар роу;g-star raw
серутти;cerruti
катерпиллар;caterpillar
мантин;mountain
маунтин;mountain
моунтаин;mountain
лекомт;lecomte
лекомте;lecomte
дино;dino
а.с.98;a.s.98
марзи;marzi
марци;marzi
пауэр;power
повэр;power
поwер;power
повер;power
хелло;hello
паул энд шарк;paul&shark
пол энд шарк;paul&shark
поль энд шарк;paul&shark
миссури;missouri
алтер;alter
буракян;burakuyan
клаб;club
экоэгг;ecoegg
рёкл;roeckl
роекл;roeckl
рокл;roeckl
лондон;london
твенти8твелв;twenty8twelve
монтеземоло;montezemolo
монтецемоло;montezemolo
мэйд;made
и;&
энд;&
шай;shy
босс;boss
пиерре;pierre
пьерр;pierre
косметикс;cosmetics
цосметицс;cosmetics
апарт;apart
деха;deha
пьюр;pure
москино;moschino
герлен;guerlain
стелла джин;stella jean
унее+о;unee+o
бридге;bridge
бридж;bridge
моссморе;mossmore
кепе;chepe
чепе;chepe
чип;chepe
тиби;tibi
кэжуал;casual
р.маунтин;r.mountain
р.моунтайн;r.mountain
эр.маунтайн;r.mountain
концепт;concept
силвер;silver
сильвер;silver
тоаст;toast
тост;toast
девернуа;devernois
битс;beats
готье2;gaultier2
нинетта;ninetta
фонтанелли;fontanelli
франск;franck
францк;franck
картье;cartier
тхес;thes
биотерм;biotherm
колмар;colmar
кольмар;colmar
форнарина;fornarina
кархер;karcher
карчер;karcher
керхер;karcher
кёрхер;karcher
ороблу;oroblu
ороблю;oroblu
клейн;klein
кляйн;klein
фэмили;family
вераге;verage
вераж;verage
вирадж;verage
ворлд;world
уорлд;world
хаке;hache
шатулле;schatulle
лоренза;lorenzo
лорензо;lorenzo
вайлдфокс;wildfox
дистанте;distante
лук этд тук;look&took
п.а.р.о.ш;p.a.r.o.s.h.
джон;john
гауди;gaudi
суперга;superga
масквенада;masquenada
аннабелла;annabella
раг&боун;rag&bone
миу;miu
стар;star
ай.код;i.code
ай.коде;i.code
ай.коуд;i.code
н21;n21
сжип;sjyp
эс джей уай пи;sjyp
гранат;granat
александер макквин;alexander mcqueen
александр маккуин;alexander mcqueen
биби;bibi
бровне;browne
броуне;browne
неил;neil
нил;neil
бальдан;baldan
бимбало;bimbalo
ара;ara
оне;one
уан;one
впро;wpro
дабл ю про;wpro
док;doc
лайон;lion
лион;lion
антон;anton
элевенпарис;elevenparis
пити05;pt05
пт05;pt05
униса;unisa
юниса;unisa
барбера;barbera
рок;rock
эдд;add
ким;kim
мен;men
мэн;men
диор;dior
мсгм;msgm
дог;dog
анолд;unold
унолд;unold
форд;ford
форт;ford
кезаре;cesare
цесаре;cesare
птафф;pfaff
виллиамс;williams
д.спорт;d.sport
алл;all
олл;all
пол&джо;paul&joe
миллер;miller
гас;gas
селф-пртрэйт;self-portrait
миссони;missoni
бирюков;biryukov
вог;vogue
вогуе;vogue
воуг;vogue
вок;vogue
воук;vogue
ханссоп;hanssop
хэнссоп;hanssop
татеоссиан;tateossian
виллоза;villosa
виллоса;villosa
соонсаем;soonsaem
сунсаем;soonsaem
сунсэм;soonsaem
фрателли;fratelli
эрбориан;erborian
хаммер;hammer
вичини;vicini
филлес;filles
лафаббрикаделлино;lafabbricadellino
мон;mon
рэд;red
ред;red
деи;dei
галлусси;gallucci
галлуччи;gallucci
мелисса;melissa
сингер;singer
трукко;trucco
трюкко;trucco
оуенс;owens
оуэнс;owens
овенс;owens
роберто;roberto
волфорд;wolford
вулфорд;wolford
вайсдомини;vicedomini
грант;grant
грент;grant
полис;police
балдесарини;baldessarini
балдессарини;baldessarini
сантони;santoni
бирибимби;biribimbi
колорс;colors
каррел;carrel
каррэл;carrel
кэррел;carrel
фабер-кастелл;faber-castell
жан де;jean de
жеан де;jean de
джеан де;jean de
аймак;imac
имак;imac
джет;jet
мави;mavi
алис;alice
элис;alice
ичи;ichi
версаче;versace
жур;jour
фрагнанс;fragrance
фрагранке;fragrance
фелмини;felmini
фельмини;felmini
монте;monte
урбан;urban
юрбан;urban
сансетто;sansetto
бен;ben
бьюти-эль;beauty-l
оф;of
мало;malo
каприс;caprice
дами;dami
мей;mey
коммодоре;commodore
циммерманн;zimmermann
карактере;caractere
рас;ras
колабурра;koolaburra
фредерик;frederic
хилс;hills
хиллс;hills
скинн;skinn
наори;naory
конти;conti
креатив;creative
креативе;creative
криэйтив;creative
цреативе;creative
бвлгари;bvlgari
булгари;bvlgari
bulgari;bvlgari
легенд;legend
ледженд;legend
доо.ри;doo.ri
курапро;curaprox
курапрокс;curaprox
беаути;beauty
бьюти;beauty
боти;beauty
братмакс;bratmaxx
братмахх;bratmaxx
гиусеппе;giuseppe
глюзеппе;giuseppe
орибе;oribe
боглиоли;boglioli
джузеппе занотти;giuseppe zanotti
манудиеки;manudieci
манудьеки;manudieci
дукс;dux
дюкс;dux
каса;casa
цаса;casa
беарпоу;bearpaw
файндерс;finders
финдерс;finders
серге;serge
серж;serge
максвелл;maxwell
свисс;swiss
сwисс;swiss
роберт;robert
регина;regina
тхиерры;thierry
тьерри;thierry
мандалэй;mandalay
патрициа;patrizia
макс&ко;max&co
изабель маран;isabel marant
сорель;sorel
брилетта;brilletta
бриллетта;brilletta
санд;sand
сэнд;sand
мад;mad
мэд;mad
эггс;eggs
эллиатт;elliatt
дезигуал;desigual
дезигуаль;desigual
микроб;microbe
микробе;microbe
кларис;claris
фейс;face
фаче;face
сиксти;sixty
хубигант;houbigant
согни;sogni
ле;le
юр;your
радикал;radical
рейдикол;radical
карвен;carven
беллефонтейн;bellefontaine
елафор;elafor
элафор;elafor
нативе;native
нэйтив;native
нэтив;native
фиорелли;fiorelli
фьорелли;fiorelli
