плейт;plate
бомбер;bomber
милитари;military
милитейри;military
маx;max
макс;max
блие;blue
блу;blue
блуе;blue
блю;blue
боско;bosco
спорт;sport
рассиа;russia
раша;russia
риссиа;russia
руссиа;russia
артек;artek
белла;bella
марни;marni
адидас;adidas
бест;best
валентино;valentino
армани;armani
скинни;skinny
денайм;denim
деним;denim
монклер;moncler
персона;persona
габбана;gabbana
кензо;kenzo
челси;chelsea
марк;marc
корнелиани;corneliani
монтале;montale
шанель;chanel
премиум;premium
оксфорд;oxford
бампер;bumper
бумпер;bumper
аласка;alaska
мастер;master
мастэр;master
мэстэр;master
сандол;sandal
лаура;laura
класна;clasna
оливер;oliver
палио;palio
мадцерини;madzerini
триумф;triumph
неохит;neohit
акаста;acasta
геокс;geox
фелличчи;fellicci
помпа;pompa
шарк;shark
фабретти;fabretti
пинко ап;pinko
реали;reali
прада;prada
вагабонд;vagabond
мандарин;mandarin
марко;marco
дизель;diesel
мустанг;mustang
репаблик;republic
труссарди;trussardi
фурла;furla
лакост;lacoste
карго;cargo
фредди;freddy
кельвин;calvin
кальвин;calvin
фиато;fiato
фьято;fiato
скетчерс;skechers
балдинини;baldinini
каное;canoe
элеганзза;eleganzza
элеганца;eleganzza
ретро;retro
комфорт;comfort
тимберлэнд;timberland
комбез;comboez
комбоез;comboez
саинт;saint
сейнт;saint
барселона;barcelona
барцелона;barcelona
патрол;patrol
томас;thomas
клевер;clever
клэвер;clever
цлевер;clever
викинг;viking
смарт;smart
китти;kitty
аргент;argent
лухта;luhta
ванс;vans
венс;vans
ромика;romika
мэджик;magic
асикс;asics
максвал;maxval
нордик;nordic
конте;conte
цонте;conte
рибок;reebok
марвел;marvel
космо;cosmo
морган;morgan
актив;active
эктив;active
стандард;standard
стэндэрт;standard
пиреймид;pyramid
тефаль;tefal
барбара;barbara
конверс;converse
конвёрс;converse
конверсе;converse
семпер;semper
манго;mango
сплат;splat
стеллар;stellar
хэппи;happy
хаппи;happy
хеппи;happy
алпин;alpine
алпине;alpine
альпин;alpine
элпине;alpine
еxперт;expert
эксперт;expert
скотт;scott
баффало;buffalo
аризона;arizona
мелроуз;melrose
бруно;bruno
тамарис;tamaris
бугатти;bugatti
стретч;stretch
некст;next
тоцци;tozzi
нюанс;nuance
тиффани;tiffany
тиффаны;tiffany
фелина;felina
софтшелл;softshell
каппа;kappa
барака;baraka
докерс;dockers
скаут;scout
сейломон;salomon
палас;palace
палаце;palace
пэлас;palace
релаx;relax
релакс;relax
касадеи;casadei
баслер;basler
сиприме;supreme
супреме;supreme
суприм;supreme
суперстар;superstar
ованти;ovanti
барберри;burberry
берберри;burberry
гучи;gucci
гуччи;gucci
фенди;fendi
ричмонд;richmond
байредо;byredo
лавелле;lavelle
лавель;lavelle
гласслок;glasslock
глэсслок;glasslock
борнер;borner
фрайбест;frybest
фрайбэст;frybest
симен;simen
метрот;metrot
селена;selena
багнола;bagnola
баньола;bagnola
херно;herno
калорик;kalorik
аэрософт;aerosoft
монари;monari
белл;bell
боско фреш;bosco fresh
боско спорт;bosco sport
марина ринальди;marina rinaldi
макс мара;max mara
эрманно сцервино;ermanno scervino
эрмано шервино;ermanno scervino
иль гуфо;il gufo
марина спорт;marina sport
бобби браун;bobbi brown
альберта ферретти;alberta ferretti
альберта феретти;alberta ferretti
том форд;tom ford
ральф лорен;ralph lauren
пако рабанне;paco rabanne
котик;miu miu
миу миу;miu miu
артем кривда;artem krivda
артём кривда;artem krivda
карл лагерфельд;karl lagerfeld
барбара бьюи;barbara bui
тара жармон;tara jarmon
марк джейкобс;marc jacobs
марк якобс;marc jacobs
джил сандер;jil sander
эмпорио армани;emporio armani
ла перла;la perla
леонор грейл;leonor greyl
роза клара;rosa clara
хуго босс;hugo boss
хьюго босс;hugo boss
ред валентино;red valentino
карен миллен;karen millen
стоун айланд;stone island
кира пластинина;kira plastinina
босс оранж;boss orange
аль франко;al franco
антонио дидоне;antonio didone
де ла;de la
де ля;de la
дю лэ;de la
де ла мани;de la manie
том тейлор;tom tailor
тоска блю;tosca blu
лаура бьянка;laura bianca
фред перри;fred perry
фрэд пэрри;fred perry
хилфайгер деним;hilfiger denim
хилфигер деним;hilfiger denim
кельвин кляйн;calvin klein
кельвил кляйн;calvin klein
ребекка минкофф;rebecca minkoff
томми хилфигер;tommy hilfiger
мандарина дак;mandarina duck
альфа индастриз;alpha industries
альфа индастрис;alpha industries
кавалли класс;cavalli class
нью баланс;new balance
веро мода;vero moda
джог дог;jog dog
аляска оригинале;alaska originale
аляска ориджинале;alaska originale
лоро пиана;loro piana
лоро пиано;loro piana
лоро пьяна;loro piana
лоро пьяно;loro piana
кристиан диор;christian dior
делла киана;della ciana
делла сиана;della ciana
блу севен;blue seven
блуе сэвен;blue seven
блю севен;blue seven
ангри бердс;angry birds
энгри бёрдз;angry birds
энгри бердс;angry birds
энгри бёрдс;angry birds
марко тоцци;marco tozzi
фиора блуе;fiora blue
фьора блу;fiora blue
фьора блю;fiora blue
филипп плейн;philipp plein
филипп пляйн;philipp plein
донна каран;donna karan
канада гуз;canada goose
канада гус;canada goose
кэнада гуз;canada goose
канада гооcе;canada goose
соня рикель;sonia rykiel
виа аппиа;via appia
маноло бланик;manolo blahnik
диана фон фюрстенберг;diane von furstenberg
лола палтингер;lola paltinger
лолапалтинджер;lola paltinger
лола палтинджер;lola paltinger
асикс тайгер;asics tiger
асикс тигер;asics tiger
сара керн;sarah kern
майкл корс;michael kors
мисс сиксти;miss sixty
сальваторе феррагамо;salvatore ferragamo
ла рик;la ric
эрика каваллини;erika cavallini
серджио росси;sergio rossi
боттега венета;bottega veneta
зак позен;zac posen
альберто гуардиани;alberto guardiani
эмилио пуччи;emilio pucci
ле силла;le silla
ле лабо;le labo
сен лоран;saint laurent
сен лорен;saint laurent
франки морелло;frankie morello
драйс ван нотен;dries van noten
дрис ван нотен;dries van noten
амина рубиначчи;amina rubinacci
фрателли роззетти;fratelli rossetti
роберто кавалли;roberto cavalli
мартин марджиела;martin margiela
ла мартина;la martina
нина риччи;nina ricci
иль тренино;il trenino
зухаир мурад;zuhair murad
пал зилери;pal zileri
маисон скотч;maison scotch
майзон скотч;maison scotch
рита пфеффингер;rita pfeffinger
альфредо паули;alfredo pauly
елена вера;helena vera
хелена вера;helena vera
манна кадар;manna kadar
томас рабе;thomas rabe
томас рэби;thomas rabe
лилли беннет;lilly bennet
спарк драм;spark drum
виа венето;via veneto
ева камбру;eva cambru
ева камбрю;eva cambru
эва камбру;eva cambru
виа аппиа ду;via appia due
виа аппиа дуэ;via appia due
фор ол мэнкаинд;for all mankind
аб данс;ab dance
аб дансе;ab dance
аб дэнс;ab dance
акне студиос;acne studios
эдд даун;add down
аэронавтика милитаре;aeronautica militare
аэронаутика милитаре;aeronautica militare
аэронавтика милитари;aeronautica militare
аймо ричли;aimo richly
альберто биани;alberto biani
альдо коппола;aldo coppola
алессандра шамони;alessandra chamonix
алессандра шамоникс;alessandra chamonix
алессандра занариа;alessandra zanaria
александр де пари;alexandre de paris
александре де парис;alexandre de paris
алина герман;alina german
американ ретро;american retro
американ туристер;american tourister
андреа монтельпаре;andrea montelpare
андреа нери;andrea neri
адриано гольдшмидт;adriano goldschmied
ангела капути;angela caputi
анн демельмейстер;ann demeulemeester
энн демеулемеестер;ann demeulemeester
анна молинаре;anna molinare
анна славутина;anna slavutina
анна кляйн;anne klein
анне клейн;anne klein
анне кляйн;anne klein
анна валери хаш;anne valerie hash
аннетт хоффманн;annette hoffmann
аннетте хоффманн;annette hoffmann
антонио берарди;antonio berardi
антонио маррас;antonio marras
антони морато;antony morato
энтони морато;antony morato
аззура грончи;azzurra gronchi
бэби диор;baby dior
бэйби диор;baby dior
беате йонен;beate johnen
беате йохнен;beate johnen
блэк орчид;black orchid
бленд схе;blend she
бленд ши;blend she
блу лемон;blue lemon
блуе лемон;blue lemon
блуе лимон;blue lemon
блю лемон;blue lemon
блумарин бэйби;blumarine baby
блумарине бэби;blumarine baby
блюмарин бэйби;blumarine baby
блюмарине бэби;blumarine baby
браун аллан;brown allan
бруно манетти;bruno manetti
бруно росси;bruno rossi
каролина херрера;carolina herrera
каролина эррера;carolina herrera
шарлотта биалас;charlotte bialas
ситизенс оф хьюманити;citizens of humanity
клевер каттер;clever cutter
клевер лок;clever lock
клэвер локк;clever lock
клив кристиан;clive christian
коллет динниган;collette dinnigan
калорс оф калифорниа;colors of california
колор оф калифорния;colors of california
корнелиани айди;corneliani id
корнелиани ид;corneliani id
корнельяни айди;corneliani id
коттон клаб;cotton club
кристина дал лаго;cristina dal lago
кристина даль лаго;cristina dal lago
даль лаго;dal lago
катлер энд гросс;cutler and gross
дал лаго клаб;dal lago club
дал лаго клуб;dal lago club
даль лаго клаб;dal lago club
даль лаго клуб;dal lago club
дэниел восовик;daniel vosovic
даниэле карлотта;daniele carlotta
дармон милано;darmon milano
дас магише мессер;das magische messer
давид чарлес;david charles
дэвид чарлес;david charles
дэвид чарльс;david charles
дэвид лернер;david lerner
дед мит;dead meat
деи колли;dei colli
дей колли;dei colli
дельфине мурат;delphine murat
дерек лэм;derek lam
диор бэби;dior baby
диор бэйби;dior baby
дирк биккембергс;dirk bikkembergs
др брандт;dr brandt
эмануэль унгаро;emanuel ungaro
эмфази пелле;emfasi pelle
эмфаси пелле;emfasi pelle
энза коста;enza costa
евгения ким;eugenia kim
эугениа ким;eugenia kim
экс нихило;ex nihilo
фалиеро сарти;faliero sarti
федерика моретти;federica moretti
фелдер фелдер;felder felder
фиато дрим;fiato dream
фьято дрим;fiato dream
филипе соуса;filipe sousa
филипе суса;filipe sousa
файндерс киперс;finders keepers
франк боклет;franck boclet
франко феррари;franco ferrari
габриэле пасини;gabriele pasini
гамелиа экспериенс;gamelia experience
голд банни;gold bunny
грета константин;greta constantine
гельмут ланг;helmut lang
хельмут ланг;helmut lang
пауле ка;paule ka
холи кафтан;holy caftan
хосс интропиа;hoss intropia
хауз оф;house of
хоусе оф;house of
изола маррас;isola marras
ио пелле;io pelle
исса лондон;issa london
кангра кашмере;kangra cashmere
кангра кашмир;kangra cashmere
кисси кисси;kissy kissy
клара кипо;klara kipo
кристина ти;kristina ti
кьюр базар;kure bazaar
ла коллин;la colline
ла рейн бланш;la reine blanche
лаура биагиотти;laura biagiotti
лаура биаджиотти;laura biagiotti
ле гуигнол;le guignol
ле гуиньол;le guignol
ле мараис;le marais
ле пандорин;le pandorine
лил парис;lil paris
лили гауфретте;lili gaufrette
лили гофретт;lili gaufrette
лили петрус;lili petrus
лайон оф порчес;lion of porches
лион оф порчес;lion of porches
литл марк якобс;little marc jacobs
литтл марк джакобс;little marc jacobs
лиу джо;liu jo
лиу йо;liu jo
лиу джо спорт;liu jo sport
лиу йо спорт;liu jo sport
лиу джо уомо;liu jo uomo
лиу йо уомо;liu jo uomo
лм парфюмс;lm parfums
лайк ит;like it
люка де монте;luca de monte
луиги борелли;luigi borrelli
луиза беккариа;luisa beccaria
мад алмадал;mad almadal
маисон эспин;maison espin
майзон эсрин;maison espin
мейсон франсис куркджан;maison francis kurkdjian
майсон маргела;maison margiela
мейсон улленс;maison ullens
марго шмитт;margot schmitt
маргот шмитт;margot schmitt
мариа сантангело;maria santangelo
мария сантангело;maria santangelo
мариа сантангело наполи;maria santangelo napoli
мария сантангело наполи;maria santangelo napoli
мариелла бурани;mariella burani
марлис мюллер;marlies moller
мэри катранзу;mary katrantzou
мэри катрантцу;mary katrantzou
массимо сантини;massimo santini
максмара пианофорте;maxmara pianoforte
ми ми сол;mi mi sol
ми ми соль;mi mi sol
мишель бинда;michele binda
мила шон;mila schon
мисс блюмарин;miss blumarine
мисс грант;miss grant
мкт студио;mkt studio
эмкейти студио;mkt studio
модалу ландон;modalu london
модалу лондон;modalu london
моло кидс;molo kids
монтелпаре традишн;montelpare tradition
монтельпар традисьон;montelpare tradition
монтельпаре традитион;montelpare tradition
нил барретт;neil barrett
неро перла;nero perla
ники макфарлане;nicki macfarlane
ники макфарлейн;nicki macfarlane
норма камали;norma kamali
он коурс;on course
он курс;on course
онитсука тайгер;onitsuka tiger
онитсука тигер;onitsuka tiger
оницука тайгер;onitsuka tiger
ороблу либерти;oroblu liberti
ороблю либерти;oroblu liberti
оскар де ла рента;oscar de la renta
оскар де ля рента;oscar de la renta
паула кадемартори;paula cademartori
перлс мелоди;pearls melody
питер пилотто;peter pilotto
филип кингсли;philip kingsley
филиппе феррандис;philippe ferrandis
филиппе модел;philippe model
пьетро брунелли;pietro brunelli
поллини студио;pollini studio
поло ральф лорен;polo ralph lauren
пост кард;post card
премиата вилл би;premiata will be
премиата уилл би;premiata will be
пресс дом;press dome
пресс доме;press dome
пресс лид;press lid
прингл оф скотланд;pringle of scotland
профессор амос;professor amos
профюмум рома;profumum roma
квис квис;quis quis
куис куис;quis quis
радикал шик;radical chic
разгуляев благонравова;razgulyaev blagonravova
рене фуртерер;rene furterer
реа коста;rhea costa
рхеа коста;rhea costa
рик оуэнс;rick owens
роберт фридман;robert friedman
роберт фриедман;robert friedman
роберта фурланетто;roberta furlanetto
роберта гандольфи;roberta gandolfi
роберта скарпа;roberta scarpa
роберто дель карло;roberto del carlo
рожа дав;roja dove
роланд мурет;roland mouret
рю ду мэйл;rue du mail
рю дю мэйл;rue du mail
руперт сандерсон;rupert sanderson
рикел энфант;rykiel enfant
рикель анфан;rykiel enfant
рикель енфант;rykiel enfant
сан блас;san blas
сэнд копенгаген;sand copenhagen
сэнд копенхаген;sand copenhagen
серапиан милано;serapian milano
сергио белотти;sergio belotti
сержио белотти;sergio belotti
сермонета главз;sermoneta gloves
сермонета глоувс;sermoneta gloves
силк ойл оф морокко;silk oil of morocco
силвер рид;silver reed
сильвер рид;silver reed
согни соффичи;sogni soffici
соньи соффиси;sogni soffici
соньи соффичи;sogni soffici
спиритуал гангстер;spiritual gangster
спиричуал гэнгстер;spiritual gangster
спортмакс код;sportmax code
стефан янсон;stephan janson
стив мадден;steve madden
стори лорис;story loris
студио би;studio b
сьюзан эрман;suzanne ermann
сюзан эрманн;suzanne ermann
сюзанне эрманн;suzanne ermann
сильви шиммель;sylvie schimmel
тартин э шокола;tartine et chocolat
тартин э шоколя;tartine et chocolat
тартине эт шоколат;tartine et chocolat
темперли лондон;temperley london
синк чик;think chic
тхинк чик;think chic
том тэйлор деним;tom tailor denim
тори берч;tory burch
тру тридишн;true tradition
труе традитион;true tradition
тру традишн;true tradition
алтимо каса;ultimo casa
ултимо каса;ultimo casa
юнайтед калорс оф бенеттон;united colors of benetton
юнайтед колорс оф бенеттон;united colors of benetton
вал макс;val max
вэл макс;val max
вэл мэкс;val max
валери престиж;valery prestige
веггетти про;veggetti pro
веро куоио;vero cuoio
вибратион белт;vibration belt
вибрейшн бэлт;vibration belt
вибрэйшн белт;vibration belt
вилла болгери;villa bolgheri
вилья болгери;villa bolgheri
вильшенко москоу;vilshenko moscow
витторио эмануеле;vittorio emanuele
воиле бланш;voile blanche
воль бланш;voile blanche
вуаль бланш;voile blanche
ватер зум;water zoom
вотер зум;water zoom
уотер зум;water zoom
вандер мастер;wonder master
уандер мастер;wonder master
игаль азруэль;yigal azrouel
зое карссен;zoe karssen
гуардини;guardini
гвардини;guardini
нобранд;nobrand
ноубренд;nobrand
ноубрэнд;nobrand
стайлетикс;styletics
у-3;y-3
айланд;island
ленер;lener
чапурин;chapurin
о.икс.эс;o.x.s.
о.х.с;o.x.s.
лабел;label
лэйбл;label
гоурметмакс;gourmetmaxx
гурмэмакс;gourmetmaxx
гурмэмахх;gourmetmaxx
нике;nike
найк;nike
версус;versus
боороо;booroo
буру;booroo
стренессе;strenesse
бикембергс;bikkembergs
биккембергс;bikkembergs
вивиенн;vivienne
вивиенне;vivienne
фор;for
полароид;polaroid
палароид;polaroid
паларойд;polaroid
поляроид;polaroid
петрус;petrus
петрюс;petrus
монтбланк;montblanc
монтбланц;montblanc
фаворит;favorit
фабрицио;fabrizio
хг;hg
эйчджи;hg
эйч джи;hg
капо;capo
фром;from
пастаклин;pastaclean
еа7;ea7
роро;roro
мм6;mm6
джонс;jones
луи.джо;lui.jo
каос;kaos
металак;metalac
пепе джинс;pepe jeans
джакквес;jacques
пиренекс;pyrenex
др себа;dr.sebagh
рей;ray
паул энд джое;paul & joe
поль энд джо;paul & joe
гиакоморелли;giacomorelli
пресс;press
изомерс;isomers
исомерс;isomers
кашарель;cacharel
хауз;house
хоусе;house
менбур;menbur
медикал;medical
медицал;medical
бланк;blanc
лалеас;laleas
лалис;laleas
эрик;eric
мари;marie
блюгерл;blugirl
сокони;saucony
сэн;san
сан;san
джулиус;julius
симетри;symetrie
брэнд;brand
универсе;universe
юниверсе;universe
ровента;rowenta
равента;rowenta
гудс;goods
дуджолие;dujolie
дюджоли;dujolie
дюжоли;dujolie
атлетик;athletic
мэйсон'с;mason's
пейдж;paige
де;de
дэ;de
одри;odri
иро;iro
бриони;brioni
джо;joe
аллюд;allude
олимпиа;olympia
олымпиа;olympia
нанан;nanan
санидорм;sanidorm
зе фифс;the fifth
тинселс;tinsels
но;no
чарлес;charles
чарльз;charles
олаплекс;olaplex
пустовит;poustovit
грин;green
греен;green
гриин;green
акуа;acqua
аскуа;acqua
ацква;acqua
бакирубати;bacirubati
басирубати;bacirubati
бачирубатти;bacirubati
солудос;soludos
солюдос;soludos
мичел;michel
левис;levi's
селин;céline
зе норс;the north
изимакс;easymaxx
изимахх;easymaxx
куранни;curanni
лаволта;lavolta
лавольта;lavolta
свелтус;sveltus
бердс;birds
бирдс;birds
мануш;manoush
марк;mark
лайн;line
лине;line
бургмайстер;burgmeister
бургмейстер;burgmeister
эксплорер;explorer
роланд;roland
малградо;malgrado
синк;cinque
ориадес;oryades
оруадес;oryades
наполи;napoli
баы;bay
бэй;bay
хавайанас;havaianas
ингланд;england
энгланд;england
норвег;norveg
флай;fly
флы;fly
ванс;ones
онес;ones
уанс;ones
ресерч;research
ресирч;research
бальман;balmain
бэлмэйн;balmain
клинмакс;cleanmaxx
клинмахх;cleanmaxx
берлингтон;burlington
бёрлингтон;burlington
бурлингтон;burlington
парах;parah
воx;vox
вокс;vox
а-к-р-и-с;a-k-r-i-s
гаетанонаварра;gaetanonavarra
пеопле;people
пиопл;people
пипл;people
л.с.б.;l.c.b.
эль.си.би;l.c.b.
вулфскин;wolfskin
гран;gran
грана;gran
грано;gran
аззурра;azzurra
азура;azzurra
азурра;azzurra
стетсон;stetson
ерибе;eribe
эрайб;eribe
эрибе;eribe
вранглер;wrangler
кристал;cristal
кристалл;cristal
кристаль;cristal
цристал;cristal
мантова;mantova
вебер;weber
вейбир;weber
ривер;river
пароле;parole
вита;vita
стефанел;stefanel
стефанель;stefanel
герл;girl
ив саломон;yves salomon
сполдинг;spalding
ки-вэй;k-way
филипс;philips
пфилипс;philips
пхилипс;philips
филлипс;philips
дольче;dolce
малолес;maloles
палм;palm
старс;stars
стартс;stars
тру;true
тайм- ту-дресс;time-to-dress
престидж;prestige
велудакис;veloudakis
смитсон;smythson
дав;dove
дове;dove
яна;jana
агонист;agonist
менард;menard
4кук;4cook
форкук;4cook
фоуркук;4cook
еигхт;eight
эйт;eight
маркоболонья;marcobologna
айрин;irin
ирин;irin
коламбиа;columbia
колумбиа;columbia
хармонт&блаине;harmont&blaine
хэрмонт энд блэйн;harmont&blaine
солинген;solingen
таун;town
товн;town
а.тестони;a.testoni
фалкотто;falcotto
фалькотто;falcotto
эдж;edge
закконе;zaccone
аморе;amore
клин-тек;klin-tec
паул;paul
палладиум;palladium
ланком;lancome
роданиа;rodania
родания;rodania
кэндишоп;candyshop
картезиа;cartesia
картесиа;cartesia
кромиа;cromia
паррот;parrot
пэррот;parrot
ти ви эс;tvs
пэникейл;panicale
ультру;ultru
чери;cherie
шери;cherie
шарп;sharp
австралиа;australia
аустралиа;australia
эдишн10;edition10
wолф;wolf
волф;wolf
уолф;wolf
кариока;carioca
бронкс;bronx
флер;fleur
хлои;chloé
цоста;costa
моа;moa
дьемме;diemme
коач;coach
коуч;coach
граце;grace
фрапен;frapin
фрапин;frapin
фрейпин;frapin
моретти;moretti
альберотанца;alberotanza
рокко;rocco
роццо;rocco
стреллсон;strellson
реплей;replay
реплэй;replay
риплэй;replay
лна;lna
леплас;leplas
нюд;nude
клинели;cleanelly
клинелли;cleanelly
лагерфельд;lagerfeld
лаб;lab
квинси;quincy
куинси;quincy
кипсейк;keepsake
лабс;labs
джой;joie
джойе;joie
ба&ш;ba&sh
бутик;butik
джозеф;joseph
джосеф;joseph
ричард;richard
зе;the
баленсиага;balenciaga
поис;pois
пуа;pois
три;three
пол смит;paul smith
гуам;guam
коломбо;colombo
соломбо;colombo
цоломбо;colombo
сенсай;sensai
монстер;monster
флорентина;florentina
флоринтина;florentina
ван;van
йанг;young
фламбианс;flambiance
фламбиансе;flambiance
фламбьанс;flambiance
модел;model
виа;via
фреш;fresh
ловер;lover
александре.джей;alexandre.j
пенниблэк;pennyblack
шадаззл;shadazzle
бомбуги;bomboogie
бомбуджи;bomboogie
мусо;muso
свилденс;swildens
ориджиналс;originals
ориджинолс;originals
джинс;jeans
нолого;nologo
маисон;maison
мейсон;maison
бланче;blanche
хофман;hoffmann
хофманн;hoffmann
хоффман;hoffmann
хоффманн;hoffmann
блад;blood
эн12эйч;n12h
ватер;water
вотер;water
уотер;water
джайлс;giles
скарпа;scarpa
памилла;pamilla
себастьян;sebastian
пассигатти;passigatti
май;my
дондап;dondup
аврора;aurora
аурора;aurora
браун;brown
китон;kiton
флиорадж;flioraj
фльораж;flioraj
оскар;oscar
осцар;oscar
о.с.а;o.c.a
альфа;alpha
аспеси;aspesi
джекерсон;jeckerson
вандербра;wonderbra
вондербра;wonderbra
уандербра;wonderbra
пруденс;prudence
икс-байк;x-bike
экс-байк;x-bike
эстель;estel
компани;company
компени;company
цомпаны;company
лемон;lemon
лимон;lemon
фьюжн;fusion
мариа;maria
кокка;kocca
косса;kocca
проджект;project
карон;caron
клоузд;closed
баллантайн;ballantyne
этро;etro
манту;mantu
хоум;home
хоме;home
клиник;clinique
беауте;beaute
бьюте;beaute
скин;skin
кио;kyo
куо;kyo
ли;lee
викэнд;weekend
нумеро;numero
задиг&вольтер;zadig&voltaire
авиу;aviu
бэйби;baby
боадицея;boadicea
ц;c
родригес;rodriguez
родригуез;rodriguez
соттокоперта;sottocoperta
хаски;husky
торино;torino
драйкорн;drykorn
оригинал;original
ориджинал;original
ориджинол;original
эмсикью;mcq
валери;valery
блак;black
блэк;black
блек;black
инвизибоббл;invisibobble
инвисибоббле;invisibobble
карло;carlo
царло;carlo
вайт;white
врайт;white
вхите;white
wхите;white
новембер;november
кампомагги;campomaggi
кампомаджи;campomaggi
твин;twin
брукс бразерс;brooks brothers
р+ко;r+co
рич&роял;rich&royal
николас;nicolas
ницолас;nicolas
перла;perla
нотици;notizie
ванг;wang
вонг;wang
эмилио;emilio
дайсон;dyson
дусон;dyson
дысон;dyson
дисон;dyson
инверни;inverni
голден;golden
релиш;relish
мартин;martin
натурино;naturino
мекс;mexx
онли;only
бисибидженерейшн;bcbgeneration
бисибидженерэйшн;bcbgeneration
бсбдженерейшн;bcbgeneration
браккиалини;braccialini
брассиалини;braccialini
браччиалини;braccialini
акса;axa
аха;axa
бак;back
гиамба;giamba
роса;rosa
дзенья;zegna
ив;eva
эва;eva
силк;silk
федели;fedeli
лабо;labo
коте;cote
акне;acne
трувор;truvor
с.оливер;s.oliver
лейтмотив;leitmotiv
таглиаторе;tagliatore
тальяторе;tagliatore
классик;classic
цлассиц;classic
малберри;mulberry
пи эр уай эм;prym
прим;prym
кокоша;kokosha
эквипмент;equipment
норс;north
вайталмэкс;vitalmaxx
виталмакс;vitalmaxx
исайя;isaia
сбс;sbc
эс би си;sbc
голд;gold
вилла;villa
дорин;dorin
барбор;barbour
барбоур;barbour
барбур;barbour
зддз;zddz
зет ди ди зет;zddz
балли;bally
фэшн;fashion
гламороус;glamorous
гламорус;glamorous
брэндт;brandt
вальмонт;valmont
ветементс;vetements
ветмо;vetements
нью;new
нев;new
мириам кеведо;miriamquevedo
инуово;inuovo
инюово;inuovo
трикси;trixie
элис+оливия;alice+olivia
мисс;miss
бафф;buff
буфф;buff
рауль;raoul
нашен;nation
нейшн;nation
эльдорадо;eldorado
альто;alto
алто;alto
баджон;bajon
байон;bajon
бахон;bajon
бэджон;bajon
бэйон;bajon
инфинити;infinity
инфиниты;infinity
ангели;angeli
анджели;angeli
стрит;street
гиоттино;giottino
джиоттино;giottino
рокуе;roque
рокью;roque
галло;gallo
гайо;gallo
беллагио;bellagio
белладжио;bellagio
беллажио;bellagio
ман;man
мулинекс;moulinex
йеллоу;yellow
хлое;chloe
нотифай;notify
гта;gta
алайя;alaia
а;a
поллини;pollini
моорер;moorer
мурер;moorer
арнетте;arnette
3лаб;3lab
мира;mira
мано;mano
р95тх;r95th
эр95ти эйч;r95th
том;tom
валли;valli
джуси;juicy
краз;cruz
бленд;blend
папа;papa
трозани;trosani
тросани;trosani
риваге;rivage
риваж;rivage
кадрилатеро;qadrilatero
мома;moma
рич;rich
лонгшамп;longchamp
черч'с;church's
сьюл;thule
тьюл;thule
йелли;jelly
желли;jelly
свиссджетал;swissgetal
траст;trust
ивес;yves
нориалли;noryalli
джувиа;juvia
амефа;amefa
хеиди;heidi
мелоди;melody
ерма;erma
эрма;erma
санетта;sanetta
лав;love
лов;love
лове;love
лоф;love
гимо'с;gimo's
гимос;gimo's
ангри;angry
энгри;angry
коллекшн;collection
коллектион;collection
коллекшен;collection
цоллецтион;collection
морнинг;morning
студио;studio
итакли;itakli
унгаро;ungaro
хоумдикс;homedics
скотч энд сода;scotch&soda
рене;rene
дана;dana
кастелло;castello
цастелло;castello
хсе24;hse24
эйчэсе24;hse24
люблю;lublu
рома;roma
хершель;herschel
энд;and
анд;and
миссоттен;missotten
аир;air
эир;air
эйр;air
ноло;nolo
гразиа;grazia
грэзиа;grazia
максимо;maximo
аппл;apple
эпл;apple
эппл;apple
джианни;gianni
лайт;light
лигхт;light
делла;della
дила;della
дэлла;della
хеарц;hearts
айин;in
ин;in
американ;american
джокка;jocca
премьер;premier
виктор&рольф;viktor&rolf
грахам;graham
грэхэм;graham
ла;la
эскада;escada
стелла;stella
барлейкорн;barleycorn
барликорн;barleycorn
файнера;finera
финера;finera
финэра;finera
софаскинс;sofaskins
манеби;manebi
а—мере—ко;a—mere—co
олсен;olsen
ольсен;olsen
ритратти;ritratti
десигн;design
дизэйн;design
дисайн;design
казио;casio
касио;casio
тайа;taya
суперфайн;superfine
ламы;lamy
пеарл;pearl
перл;pearl
дакс;daks
сибергер;seeberger
сиберджер;seeberger
алкотт;alcott
алькот;alcott
олкотт;alcott
кукинелла;cucinella
кучинелла;cucinella
гурмэ;gourmet
ализи;alysi
алиси;alysi
якобс;jacobs
шиатти;schiatti
делуxе;deluxe
делюкс;deluxe
дэлих;deluxe
москоу;moscow
эделзейт;edelzeit
эн 21;n°21
эн°21;n°21
дром;drome
корта;korta
реине;reine
рейин;reine
кристис;christies
вон;von
инсайт;insight
пирекс;pyrex
пюрекс;pyrex
аб;ab
эпикал;epiqual
джанеке;janeke
ханеке;janeke
янеке;janeke
дисней;disney
мо&ко;mo&co
халстон;halston
бэркли;barclay
инкотекс;incotex
ап;up
юп;up
феррари;ferrari
асх;ash
аш;ash
эш;ash
вибрапауэр;vibrapower
ирфе;irfe
бетти;betty
ланаформ;lanaform
бисон;bison
зейбра;zeybra
зибра;zeybra
азе;athe
атхе;athe
пианофорте;pianoforte
еаси;easi
иси;easi
лалик;lalique
твинс;twins
пхилиппе;philippe
филипе;philippe
филиппе;philippe
параджамперс;parajumpers
монреал;monreal
монреаль;monreal
коттон;cotton
пума;puma
аньона;agnona
маы;may
катя;catya
сатиа;catya
джаст;just
жаст;just
юст;just
альтеа;altea
виллиам;william
уиллиам;william
пикар;picard
пикард;picard
моллер;moller
моллэр;moller
екверри;equerry
экверри;equerry
ембе;embe
эмбе;embe
шаров;sharov
пити01;pt01
пт01;pt01
фокс;fox
скинеанс;skineance
скинианс;skineance
холи;holy
холы;holy
иви;ivi
ллойд;lloyd
мет;met
веспуччи;vespucci
кортиджиани;cortigiani
шоу;show
санкоо;suncoo
санку;suncoo
хёгл;högl
хогл;högl
вилебрекуин;vilebrequin
эмси;mc
кларинс;clarins
пеутерей;peuterey
пьутерей;peuterey
пьютерей;peuterey
везувиа;vesuvia
зест;zest
цест;zest
фридомдэй;freedomday
гианфранцо;gianfranco
гиафрнко;gianfranco
платинум;platinum
луиги;luigi
луиджи;luigi
депеш;depeshe
иннуе;innue
инню;innue
китчен;kitchen
маисонкве;maisonque
майзонкве;maisonque
лумеско;lumesso
люмеско;lumesso
гламстори;glamstory
глэмстори;glamstory
спортмакс;sportmax
нуаник;nuanique
нуаникве;nuanique
белфе;belfe
куксо;kuxo
сомниа;somnia
реплэй энд санс;replay&sons
риплей энд сонс;replay&sons
риплэй энд санс;replay&sons
миа;mia
шайк;shaik
херитаге;heritage
херитедж;heritage
херитейдж;heritage
литтл;little
портолано;portolano
эво;evo
берлингот;berlingot
тек;tech
теч;tech
крид;creed
ди;di
море;more
арнуво;arnouveau
барена;barena
гриджиоперла;grigioperla
ланкастер;lancaster
андервеар;underwear
допплер;doppler
мр&мрс;mr&mrs
самсонайт;samsonite
самсонит;samsonite
самсоните;samsonite
малиция;malizia
леррос;lerros
пайнайдер;pineider
феллинберг;fellinberg
джекоб;jacob
якоб;jacob
яцоб;jacob
родарте;rodarte
куро;kuro
шланкштуц;schlankstutz
викториа;victoria
виктория;victoria
вицториа;victoria
вайлд;wild
вилд;wild
мархаттер;marhatter
амуаж;amouage
розапоис;rosapois
пети;petit
серколо;circolo
сёрколо;circolo
сирколо;circolo
джиани;giani
кручинани;cruciani
жан;jean
жин;jean
йеан;jean
айс;ice
р.крешентини;r.crescentini
скотч;scotch
хэппинесс;happiness
маркеза;marchesa
римова;rimowa
парадесса;paradessa
линеа;linea
тайгер;tiger
тигер;tiger
тиджер;tiger
фраас;fraas
рокси;roxy
г.пасини;g.pasini
дж.пасини;g.pasini
гиусти;giusti
жуисти;giusti
жусти;giusti
вулрич;woolrich
розиау;rousseau
роуссеау;rousseau
канадиан;canadian
кэнэдиан;canadian
лоран;laurent
лорен;laurent
сандро;sandro
айсберг;iceberg
роуал;royal
роыал;royal
роял;royal
свон;swan
реико;reiko
рейко;reiko
изи;easy
флёранж;fleurange
флеуранге;fleurange
флоранж;fleurange
ахуху;ahuhu
хауте;haute
алдо;aldo
альдо;aldo
ланвин;lanvin
веро;vero
гала-гала;gala-gala
рапаро;raparo
файн;fine
фине;fine
дорф;dorff
дорфф;dorff
мадейра;madeira
про;pro
бай;by
д.а.т.е;d.a.t.e.
кидс;kids
гант;gant
брозерс;brothers
бротхерс;brothers
оранге;orange
оранж;orange
монткаротте;montcarotte
боонпа;boonpa
бунпа;boonpa
пенфилд;penfield
пэнфилд;penfield
принкесс;princess
принцесс;princess
лаббра;labbra
беаюкмуи;beayukmui
марио;mario
мерио;mario
мэрио;mario
зауберхафт;zauberhaft
цауберхафт;zauberhaft
цоберхафт;zauberhaft
б.йанг;b.young
б.уоунг;b.young
би.йанг;b.young
мои;moi
арт;art
эрт;art
борсалино;borsalino
вивис;vivis
бесилент;besilent
дарлинг;darling
истпак;eastpak
истпэк;eastpak
сэндвич;sandwich
шоес;shoes
шуз;shoes
сол.инге;sol.inge
соль.инже;sol.inge
зибеон;zibeon
напапиджри;napapijri
напапижри;napapijri
напапийри;napapijri
дольче&габбана;dolce&gabbana
эссенке;essence
эссенс;essence
делсей;delsey
делси;delsey
гесс;guess
милли;milly
крупс;krups
канна;kanna
сент;st
ст;st
кросс;cross
бона;bona
бермуда;bermuda
шисейдо;shiseido
потс;potts
поттс;potts
потц;potts
давид;david
дэвид;david
е;e
акрис;akris
флориане;floriane
лес;les
нюмф;nümph
паджар;pajar
натирал;natural
натурал;natural
натурэл;natural
рик;rick
лалтрамода;laltramoda
парис;paris
пэрис;paris
гироначчи;gironacci
джироначчи;gironacci
лайк;like
пазини;pasini
пасини;pasini
деад;dead
д'оро;d'oro
ами;ami
соу;so
супердрай;superdry
анджел;angel
эйнлжел;angel
нина;nina
форгивнесс;4giveness
лоеве;loewe
монтекоре;montecore
виблес;weebles
уиблс;weebles
риналди;rinaldi
симонетта;simonetta
раер;raer
мале;male
мейл;male
селектед;selected
мерк;merc
кларкс;clarks
гуз;goose
гусе;goose
павони;pavoni
хуит;huit
хюит;huit
инитио;initio
джооп;joop
джуп;joop
шантель;chantelle
лансел;lancel
ланцел;lancel
хилфигер;hilfiger
смит;smith
смис;smith
виоланти;violanti
виветта;vivetta
хартфорд;hartford
креа;crea
меркулес;mercules
д амико;d'amico
д'амико;d'amico
вериччи;vericci
эшли;ashley
теори;theory
тиори;theory
дел;del
андерсонс;anderson's
твинсет;twinset
гай;guy
гуи;guy
томболини;tombolini
пенсофал;pensofal
кова&т;kova&t
акваззура;aquazzura
коллонил;collonil
диадора;diadora
систерс;sisters
угг;ugg
свимс;swims
плас;plus
плус;plus
плюс;plus
диэр;dr
др;dr
хюд;hyd
эйчвайди;hyd
эйчуайди;hyd
вондер;wonder
уондер;wonder
олви'c;olvi`s
роче;roche
роше;roche
абро;abro
юнион;union
бланча;blancha
алетта;aletta
силк н;silk'n
силк эн;silk'n
винтаге;vintage
винтадж;vintage
винтедж;vintage
эдун;edun
каррера;carrera
лардини;lardini
джоттум;jottum
флаумфидер;flaumfeder
бенч;bench
атлантик;atlantic
атлантиц;atlantic
этлантик;atlantic
маре;mare
баланс;balance
бэлэнс;balance
норд;nord
джокей;jockey
жокей;jockey
пиквадро;piquadro
религион;religion
релиджен;religion
релиджион;religion
изола;isola
исола;isola
фалке;falke
фальке;falke
лакоса;lakosa
бейонд;beyond
беыонд;beyond
рокас;rochas
рочас;rochas
андреа;andrea
мджус;mjus
мйус;mjus
кимс;kims
йорк;york
уорк;york
ыорк;york
сисли;sisley
гемма;gemma
джемма;gemma
дживанши;givenchy
живанши;givenchy
тэйлор;tailor
моосе;moose
мус;moose
дас;das
плей;play
кочинелли;coccinelle
виалман;vialman
офф вайт;off-white
офф-вайт;off-white
альтерна;alterna
томми;tommy
его;ego
эго;ego
барток;bartoc
натионал;national
национал;national
грациаллиани;grazia'lliani
роуз;rose
фефе;fefe
смайл;smile
смиле;smile
фоссил;fossil
микронесс;mikronesse
микронессе;mikronesse
гальяно;galliano
дискваред2;dsquared2
дим;dim
неро;nero
ниро;nero
джек;jack
джо'c;joe's
ди кей эн уай;dkny
дкну;dkny
джи-стар роу;g-star raw
серутти;cerruti
катерпиллар;caterpillar
мантин;mountain
маунтин;mountain
моунтаин;mountain
лекомт;lecomte
лекомте;lecomte
дино;dino
а.с.98;a.s.98
марзи;marzi
марци;marzi
пауэр;power
повэр;power
поwер;power
повер;power
хелло;hello
паул энд шарк;paul&shark
пол энд шарк;paul&shark
поль энд шарк;paul&shark
миссури;missouri
алтер;alter
буракян;burakuyan
клаб;club
экоэгг;ecoegg
рёкл;roeckl
роекл;roeckl
рокл;roeckl
лондон;london
твенти8твелв;twenty8twelve
монтеземоло;montezemolo
монтецемоло;montezemolo
мэйд;made
и;&
энд;&
шай;shy
босс;boss
пиерре;pierre
пьерр;pierre
косметикс;cosmetics
цосметицс;cosmetics
апарт;apart
деха;deha
пьюр;pure
москино;moschino
герлен;guerlain
стелла джин;stella jean
унее+о;unee+o
бридге;bridge
бридж;bridge
моссморе;mossmore
кепе;chepe
чепе;chepe
чип;chepe
тиби;tibi
кэжуал;casual
р.маунтин;r.mountain
р.моунтайн;r.mountain
эр.маунтайн;r.mountain
концепт;concept
силвер;silver
сильвер;silver
тоаст;toast
тост;toast
девернуа;devernois
битс;beats
готье2;gaultier2
нинетта;ninetta
фонтанелли;fontanelli
франск;franck
францк;franck
картье;cartier
тхес;thes
биотерм;biotherm
колмар;colmar
кольмар;colmar
форнарина;fornarina
кархер;karcher
карчер;karcher
керхер;karcher
кёрхер;karcher
ороблу;oroblu
ороблю;oroblu
клейн;klein
кляйн;klein
фэмили;family
вераге;verage
вераж;verage
вирадж;verage
ворлд;world
уорлд;world
хаке;hache
шатулле;schatulle
лоренза;lorenzo
лорензо;lorenzo
вайлдфокс;wildfox
дистанте;distante
лук этд тук;look&took
п.а.р.о.ш;p.a.r.o.s.h.
джон;john
гауди;gaudi
суперга;superga
масквенада;masquenada
аннабелла;annabella
раг&боун;rag&bone
миу;miu
стар;star
ай.код;i.code
ай.коде;i.code
ай.коуд;i.code
н21;n21
сжип;sjyp
эс джей уай пи;sjyp
гранат;granat
александер макквин;alexander mcqueen
александр маккуин;alexander mcqueen
биби;bibi
бровне;browne
броуне;browne
неил;neil
нил;neil
бальдан;baldan
бимбало;bimbalo
ара;ara
оне;one
уан;one
впро;wpro
дабл ю про;wpro
док;doc
лайон;lion
лион;lion
антон;anton
элевенпарис;elevenparis
пити05;pt05
пт05;pt05
униса;unisa
юниса;unisa
барбера;barbera
рок;rock
эдд;add
ким;kim
мен;men
мэн;men
диор;dior
мсгм;msgm
дог;dog
анолд;unold
унолд;unold
форд;ford
форт;ford
кезаре;cesare
цесаре;cesare
птафф;pfaff
виллиамс;williams
д.спорт;d.sport
алл;all
олл;all
пол&джо;paul&joe
миллер;miller
гас;gas
селф-пртрэйт;self-portrait
миссони;missoni
бирюков;biryukov
вог;vogue
вогуе;vogue
воуг;vogue
вок;vogue
воук;vogue
ханссоп;hanssop
хэнссоп;hanssop
татеоссиан;tateossian
виллоза;villosa
виллоса;villosa
соонсаем;soonsaem
сунсаем;soonsaem
сунсэм;soonsaem
фрателли;fratelli
эрбориан;erborian
хаммер;hammer
вичини;vicini
филлес;filles
лафаббрикаделлино;lafabbricadellino
мон;mon
рэд;red
ред;red
деи;dei
галлусси;gallucci
галлуччи;gallucci
мелисса;melissa
сингер;singer
трукко;trucco
трюкко;trucco
оуенс;owens
оуэнс;owens
овенс;owens
роберто;roberto
волфорд;wolford
вулфорд;wolford
вайсдомини;vicedomini
грант;grant
грент;grant
полис;police
балдесарини;baldessarini
балдессарини;baldessarini
сантони;santoni
бирибимби;biribimbi
колорс;colors
каррел;carrel
каррэл;carrel
кэррел;carrel
фабер-кастелл;faber-castell
жан де;jean de
жеан де;jean de
джеан де;jean de
аймак;imac
имак;imac
джет;jet
мави;mavi
алис;alice
элис;alice
ичи;ichi
версаче;versace
жур;jour
фрагнанс;fragrance
фрагранке;fragrance
фелмини;felmini
фельмини;felmini
монте;monte
урбан;urban
юрбан;urban
сансетто;sansetto
бен;ben
бьюти-эль;beauty-l
оф;of
мало;malo
каприс;caprice
дами;dami
мей;mey
коммодоре;commodore
циммерманн;zimmermann
карактере;caractere
рас;ras
колабурра;koolaburra
фредерик;frederic
хилс;hills
хиллс;hills
скинн;skinn
наори;naory
конти;conti
креатив;creative
креативе;creative
криэйтив;creative
цреативе;creative
бвлгари;bvlgari
булгари;bvlgari
bulgari;bvlgari
легенд;legend
ледженд;legend
доо.ри;doo.ri
курапро;curaprox
курапрокс;curaprox
беаути;beauty
бьюти;beauty
боти;beauty
братмакс;bratmaxx
братмахх;bratmaxx
гиусеппе;giuseppe
глюзеппе;giuseppe
орибе;oribe
боглиоли;boglioli
джузеппе занотти;giuseppe zanotti
манудиеки;manudieci
манудьеки;manudieci
дукс;dux
дюкс;dux
каса;casa
цаса;casa
беарпоу;bearpaw
файндерс;finders
финдерс;finders
серге;serge
серж;serge
максвелл;maxwell
свисс;swiss
сwисс;swiss
роберт;robert
регина;regina
тхиерры;thierry
тьерри;thierry
мандалэй;mandalay
патрициа;patrizia
макс&ко;max&co
изабель маран;isabel marant
сорель;sorel
брилетта;brilletta
бриллетта;brilletta
санд;sand
сэнд;sand
мад;mad
мэд;mad
эггс;eggs
эллиатт;elliatt
дезигуал;desigual
дезигуаль;desigual
микроб;microbe
микробе;microbe
кларис;claris
фейс;face
фаче;face
сиксти;sixty
хубигант;houbigant
согни;sogni
ле;le
юр;your
радикал;radical
рейдикол;radical
карвен;carven
беллефонтейн;bellefontaine
елафор;elafor
элафор;elafor
нативе;native
нэйтив;native
нэтив;native
фиорелли;fiorelli
фьорелли;fiorelli
